// Собрано Typography/tools/gen-hyphen-patterns.py из образцов переносов
// hyph-utf8: hyph-ru.tex, hyph-en-us.tex.
// Править руками нечего: поменялись образцы — поднимите отпечаток в скрипте и
// запустите его через uv.
//
// Образцы русского: Copyright (C) 1999-2003 Alexander I. Lebedev, LPPL 1.2
// или новее. Английские — Copyright (C) 1990 Gerard D. C. Kuiken и
// Donald E. Knuth, свободны к использованию. http://www.hyphenation.org/tex
//
// Бор по номерам символов, склеенный до графа: узел — число переходов, число
// уровней, затем переходы (символ и трёхбайтовое смещение ребёнка) и уровни
// (место в образце и величина).


inline constexpr std::uint8_t hyphenBoundarySymbol = 2;
inline constexpr std::uint8_t hyphenSymbolCount = 61;

inline constexpr std::uint8_t hyphenSymbolAscii[95] = {
    0, 0, 0, 0, 0, 0, 0, 0, 0, 0, 0, 0, 0, 1, 2, 0, 0, 0, 0, 0, 0, 0, 0, 0,
    0, 0, 0, 0, 0, 0, 0, 0, 0, 3, 4, 5, 6, 7, 8, 9, 10, 11, 12, 13, 14, 15, 16, 17,
    18, 19, 20, 21, 22, 23, 24, 25, 26, 27, 28, 0, 0, 0, 0, 0, 0, 3, 4, 5, 6, 7, 8, 9,
    10, 11, 12, 13, 14, 15, 16, 17, 18, 19, 20, 21, 22, 23, 24, 25, 26, 27, 28, 0, 0, 0, 0,
};

inline constexpr std::uint8_t hyphenSymbolCyrillic[96] = {
    0, 61, 0, 0, 0, 0, 0, 0, 0, 0, 0, 0, 0, 0, 0, 0, 29, 30, 31, 32, 33, 34, 35, 36,
    37, 38, 39, 40, 41, 42, 43, 44, 45, 46, 47, 48, 49, 50, 51, 52, 53, 54, 55, 56, 57, 58, 59, 60,
    29, 30, 31, 32, 33, 34, 35, 36, 37, 38, 39, 40, 41, 42, 43, 44, 45, 46, 47, 48, 49, 50, 51, 52,
    53, 54, 55, 56, 57, 58, 59, 60, 0, 61, 0, 0, 0, 0, 0, 0, 0, 0, 0, 0, 0, 0, 0, 0,
};

inline constexpr std::uint8_t hyphenTrie[73296] = {
    0x00, 0x00, 0x00, 0x01, 0x02, 0x08, 0x00, 0x02, 0x02, 0x08, 0x03, 0x08, 0x21, 0x00, 0x1D, 0x06,
    0x00, 0x00, 0x1E, 0x06, 0x00, 0x00, 0x1F, 0x06, 0x00, 0x00, 0x20, 0x06, 0x00, 0x00, 0x21, 0x06,
    0x00, 0x00, 0x22, 0x06, 0x00, 0x00, 0x23, 0x06, 0x00, 0x00, 0x24, 0x06, 0x00, 0x00, 0x25, 0x06,
    0x00, 0x00, 0x26, 0x06, 0x00, 0x00, 0x27, 0x06, 0x00, 0x00, 0x28, 0x06, 0x00, 0x00, 0x29, 0x06,
    0x00, 0x00, 0x2A, 0x06, 0x00, 0x00, 0x2B, 0x06, 0x00, 0x00, 0x2C, 0x06, 0x00, 0x00, 0x2D, 0x06,
    0x00, 0x00, 0x2E, 0x06, 0x00, 0x00, 0x2F, 0x06, 0x00, 0x00, 0x30, 0x06, 0x00, 0x00, 0x31, 0x06,
    0x00, 0x00, 0x32, 0x06, 0x00, 0x00, 0x33, 0x06, 0x00, 0x00, 0x34, 0x06, 0x00, 0x00, 0x35, 0x06,
    0x00, 0x00, 0x36, 0x06, 0x00, 0x00, 0x37, 0x06, 0x00, 0x00, 0x38, 0x06, 0x00, 0x00, 0x39, 0x06,
    0x00, 0x00, 0x3A, 0x06, 0x00, 0x00, 0x3B, 0x06, 0x00, 0x00, 0x3C, 0x06, 0x00, 0x00, 0x3D, 0x06,
    0x00, 0x00, 0x22, 0x02, 0x01, 0x02, 0x00, 0x00, 0x1D, 0x0C, 0x00, 0x00, 0x1E, 0x0C, 0x00, 0x00,
    0x1F, 0x0C, 0x00, 0x00, 0x20, 0x0C, 0x00, 0x00, 0x21, 0x0C, 0x00, 0x00, 0x22, 0x0C, 0x00, 0x00,
    0x23, 0x0C, 0x00, 0x00, 0x24, 0x0C, 0x00, 0x00, 0x25, 0x0C, 0x00, 0x00, 0x26, 0x0C, 0x00, 0x00,
    0x27, 0x0C, 0x00, 0x00, 0x28, 0x0C, 0x00, 0x00, 0x29, 0x0C, 0x00, 0x00, 0x2A, 0x0C, 0x00, 0x00,
    0x2B, 0x0C, 0x00, 0x00, 0x2C, 0x0C, 0x00, 0x00, 0x2D, 0x0C, 0x00, 0x00, 0x2E, 0x0C, 0x00, 0x00,
    0x2F, 0x0C, 0x00, 0x00, 0x30, 0x0C, 0x00, 0x00, 0x31, 0x0C, 0x00, 0x00, 0x32, 0x0C, 0x00, 0x00,
    0x33, 0x0C, 0x00, 0x00, 0x34, 0x0C, 0x00, 0x00, 0x35, 0x0C, 0x00, 0x00, 0x36, 0x0C, 0x00, 0x00,
    0x37, 0x0C, 0x00, 0x00, 0x38, 0x0C, 0x00, 0x00, 0x39, 0x0C, 0x00, 0x00, 0x3A, 0x0C, 0x00, 0x00,
    0x3B, 0x0C, 0x00, 0x00, 0x3C, 0x0C, 0x00, 0x00, 0x3D, 0x0C, 0x00, 0x00, 0x00, 0x08, 0x01, 0x07,
    0x00, 0x01, 0x03, 0x08, 0x00, 0x01, 0x03, 0x01, 0x01, 0x00, 0x2D, 0x24, 0x01, 0x00, 0x01, 0x00,
    0x2B, 0x24, 0x01, 0x00, 0x01, 0x00, 0x2D, 0x2E, 0x01, 0x00, 0x00, 0x01, 0x04, 0x02, 0x01, 0x00,
    0x25, 0x3A, 0x01, 0x00, 0x00, 0x01, 0x03, 0x02, 0x00, 0x01, 0x04, 0x03, 0x01, 0x00, 0x3C, 0x48,
    0x01, 0x00, 0x01, 0x00, 0x39, 0x4C, 0x01, 0x00, 0x00, 0x03, 0x03, 0x02, 0x04, 0x01, 0x05, 0x02,
    0x01, 0x00, 0x2B, 0x58, 0x01, 0x00, 0x01, 0x00, 0x2F, 0x60, 0x01, 0x00, 0x00, 0x01, 0x04, 0x01,
    0x02, 0x00, 0x2B, 0x24, 0x01, 0x00, 0x2D, 0x6C, 0x01, 0x00, 0x01, 0x00, 0x2F, 0x70, 0x01, 0x00,
    0x0A, 0x00, 0x01, 0x20, 0x01, 0x00, 0x1E, 0x28, 0x01, 0x00, 0x20, 0x34, 0x01, 0x00, 0x21, 0x3E,
    0x01, 0x00, 0x25, 0x44, 0x01, 0x00, 0x27, 0x28, 0x01, 0x00, 0x28, 0x52, 0x01, 0x00, 0x2D, 0x66,
    0x01, 0x00, 0x2E, 0x7A, 0x01, 0x00, 0x30, 0x44, 0x01, 0x00, 0x01, 0x00, 0x2B, 0x44, 0x01, 0x00,
    0x01, 0x00, 0x1D, 0x44, 0x01, 0x00, 0x01, 0x00, 0x2D, 0xB0, 0x01, 0x00, 0x01, 0x00, 0x21, 0xB6,
    0x01, 0x00, 0x03, 0x00, 0x01, 0x20, 0x01, 0x00, 0x25, 0xAA, 0x01, 0x00, 0x2B, 0xBC, 0x01, 0x00,
    0x00, 0x02, 0x03, 0x02, 0x04, 0x03, 0x01, 0x00, 0x28, 0xD0, 0x01, 0x00, 0x00, 0x02, 0x03, 0x03,
    0x04, 0x02, 0x01, 0x00, 0x21, 0xDC, 0x01, 0x00, 0x02, 0x00, 0x1E, 0xD6, 0x01, 0x00, 0x23, 0xE2,
    0x01, 0x00, 0x01, 0x00, 0x2D, 0x3A, 0x01, 0x00, 0x01, 0x00, 0x2F, 0xF2, 0x01, 0x00, 0x03, 0x00,
    0x01, 0x20, 0x01, 0x00, 0x2B, 0xE8, 0x01, 0x00, 0x2E, 0xF8, 0x01, 0x00, 0x01, 0x00, 0x31, 0x44,
    0x01, 0x00, 0x02, 0x00, 0x01, 0x20, 0x01, 0x00, 0x2B, 0x0C, 0x02, 0x00, 0x01, 0x01, 0x1F, 0x24,
    0x01, 0x00, 0x04, 0x02, 0x01, 0x00, 0x27, 0x1C, 0x02, 0x00, 0x01, 0x00, 0x27, 0x44, 0x01, 0x00,
    0x02, 0x00, 0x1D, 0x2A, 0x02, 0x00, 0x2B, 0x24, 0x01, 0x00, 0x01, 0x00, 0x28, 0x3A, 0x01, 0x00,
    0x00, 0x02, 0x03, 0x01, 0x04, 0x02, 0x03, 0x00, 0x22, 0x3A, 0x02, 0x00, 0x25, 0x40, 0x02, 0x00,
    0x3D, 0x3A, 0x02, 0x00, 0x01, 0x00, 0x2D, 0x46, 0x02, 0x00, 0x00, 0x01, 0x03, 0x03, 0x03, 0x00,
    0x1E, 0x54, 0x02, 0x00, 0x2C, 0x5A, 0x02, 0x00, 0x2F, 0xDC, 0x01, 0x00, 0x04, 0x00, 0x01, 0x20,
    0x01, 0x00, 0x22, 0x24, 0x02, 0x00, 0x25, 0x30, 0x02, 0x00, 0x2B, 0x5E, 0x02, 0x00, 0x01, 0x00,
    0x25, 0x48, 0x01, 0x00, 0x02, 0x00, 0x01, 0x20, 0x01, 0x00, 0x2C, 0x7E, 0x02, 0x00, 0x01, 0x00,
    0x01, 0x20, 0x01, 0x00, 0x01, 0x00, 0x2A, 0xDC, 0x01, 0x00, 0x03, 0x00, 0x1F, 0xF2, 0x01, 0x00,
    0x29, 0x94, 0x02, 0x00, 0x2C, 0x5A, 0x02, 0x00, 0x02, 0x00, 0x01, 0x20, 0x01, 0x00, 0x1D, 0x9A,
    0x02, 0x00, 0x02, 0x00, 0x20, 0x3A, 0x01, 0x00, 0x2A, 0x5A, 0x02, 0x00, 0x00, 0x01, 0x03, 0x04,
    0x01, 0x00, 0x1D, 0xBC, 0x02, 0x00, 0x01, 0x01, 0x2A, 0xC0, 0x02, 0x00, 0x03, 0x02, 0x07, 0x00,
    0x01, 0x20, 0x01, 0x00, 0x20, 0x28, 0x01, 0x00, 0x24, 0xB2, 0x02, 0x00, 0x25, 0x44, 0x01, 0x00,
    0x27, 0x28, 0x01, 0x00, 0x2B, 0xC6, 0x02, 0x00, 0x2E, 0x5A, 0x02, 0x00, 0x01, 0x00, 0x2D, 0xD0,
    0x01, 0x00, 0x01, 0x00, 0x27, 0x6C, 0x01, 0x00, 0x03, 0x00, 0x2B, 0x44, 0x01, 0x00, 0x2C, 0xEC,
    0x02, 0x00, 0x2E, 0xF2, 0x02, 0x00, 0x00, 0x01, 0x05, 0x01, 0x01, 0x00, 0x2F, 0x06, 0x03, 0x00,
    0x01, 0x00, 0x2E, 0x0A, 0x03, 0x00, 0x04, 0x00, 0x01, 0x20, 0x01, 0x00, 0x22, 0xF8, 0x02, 0x00,
    0x39, 0x44, 0x01, 0x00, 0x3B, 0x10, 0x03, 0x00, 0x01, 0x00, 0x30, 0x58, 0x01, 0x00, 0x01, 0x00,
    0x23, 0x28, 0x03, 0x00, 0x01, 0x00, 0x29, 0x24, 0x01, 0x00, 0x01, 0x00, 0x2B, 0x34, 0x03, 0x00,
    0x00, 0x02, 0x03, 0x02, 0x04, 0x01, 0x01, 0x00, 0x27, 0x40, 0x03, 0x00, 0x00, 0x02, 0x03, 0x02,
    0x05, 0x01, 0x01, 0x00, 0x2F, 0x4C, 0x03, 0x00, 0x01, 0x00, 0x35, 0x52, 0x03, 0x00, 0x05, 0x00,
    0x01, 0x20, 0x01, 0x00, 0x22, 0x2E, 0x03, 0x00, 0x25, 0x3A, 0x03, 0x00, 0x2B, 0x46, 0x03, 0x00,
    0x30, 0x58, 0x03, 0x00, 0x03, 0x00, 0x1F, 0x24, 0x01, 0x00, 0x2F, 0x5A, 0x02, 0x00, 0x35, 0xDC,
    0x01, 0x00, 0x01, 0x00, 0x2A, 0x5A, 0x02, 0x00, 0x02, 0x00, 0x28, 0x24, 0x01, 0x00, 0x33, 0x40,
    0x02, 0x00, 0x05, 0x01, 0x1F, 0x82, 0x03, 0x00, 0x21, 0x28, 0x01, 0x00, 0x24, 0x40, 0x02, 0x00,
    0x2E, 0x88, 0x03, 0x00, 0x2F, 0x5A, 0x02, 0x00, 0x03, 0x08, 0x01, 0x00, 0x2E, 0xF2, 0x02, 0x00,
    0x01, 0x00, 0x28, 0x6C, 0x01, 0x00, 0x01, 0x00, 0x27, 0xB0, 0x03, 0x00, 0x05, 0x00, 0x01, 0x20,
    0x01, 0x00, 0x1D, 0x74, 0x03, 0x00, 0x22, 0x92, 0x03, 0x00, 0x2B, 0xAA, 0x03, 0x00, 0x30, 0xB6,
    0x03, 0x00, 0x01, 0x00, 0x3B, 0x44, 0x01, 0x00, 0x01, 0x00, 0x3B, 0xD2, 0x03, 0x00, 0x00, 0x02,
    0x04, 0x03, 0x05, 0x02, 0x01, 0x00, 0x23, 0xDE, 0x03, 0x00, 0x03, 0x00, 0x22, 0x44, 0x01, 0x00,
    0x26, 0x44, 0x01, 0x00, 0x3B, 0x44, 0x01, 0x00, 0x03, 0x00, 0x1F, 0x44, 0x01, 0x00, 0x28, 0x44,
    0x01, 0x00, 0x2F, 0x44, 0x01, 0x00, 0x02, 0x00, 0x22, 0xEA, 0x03, 0x00, 0x25, 0xF8, 0x03, 0x00,
    0x03, 0x00, 0x28, 0xD8, 0x03, 0x00, 0x2B, 0xE4, 0x03, 0x00, 0x2D, 0x06, 0x04, 0x00, 0x01, 0x00,
    0x2B, 0x6C, 0x01, 0x00, 0x01, 0x01, 0x25, 0x5A, 0x02, 0x00, 0x03, 0x02, 0x02, 0x00, 0x27, 0xB0,
    0x01, 0x00, 0x2C, 0x24, 0x04, 0x00, 0x02, 0x00, 0x2B, 0x24, 0x01, 0x00, 0x30, 0x24, 0x01, 0x00,
    0x01, 0x00, 0x23, 0x24, 0x01, 0x00, 0x03, 0x00, 0x1F, 0x24, 0x01, 0x00, 0x2D, 0x36, 0x04, 0x00,
    0x30, 0x40, 0x04, 0x00, 0x07, 0x00, 0x01, 0x20, 0x01, 0x00, 0x1E, 0x10, 0x04, 0x00, 0x1F, 0x1E,
    0x04, 0x00, 0x20, 0x82, 0x03, 0x00, 0x24, 0xBC, 0x02, 0x00, 0x2E, 0x2C, 0x04, 0x00, 0x2F, 0x46,
    0x04, 0x00, 0x01, 0x00, 0x2E, 0x40, 0x03, 0x00, 0x01, 0x00, 0x25, 0x72, 0x04, 0x00, 0x01, 0x00,
    0x2A, 0x78, 0x04, 0x00, 0x01, 0x00, 0x2A, 0x3A, 0x01, 0x00, 0x01, 0x00, 0x30, 0x3A, 0x01, 0x00,
    0x01, 0x00, 0x2A, 0x8A, 0x04, 0x00, 0x04, 0x00, 0x1F, 0xDC, 0x01, 0x00, 0x23, 0xDC, 0x01, 0x00,
    0x24, 0x84, 0x04, 0x00, 0x29, 0x90, 0x04, 0x00, 0x00, 0x01, 0x05, 0x02, 0x01, 0x00, 0x2E, 0xA8,
    0x04, 0x00, 0x01, 0x00, 0x2B, 0xAC, 0x04, 0x00, 0x04, 0x00, 0x01, 0x20, 0x01, 0x00, 0x1D, 0x7E,
    0x04, 0x00, 0x2B, 0x96, 0x04, 0x00, 0x2D, 0xB2, 0x04, 0x00, 0x01, 0x00, 0x2F, 0xD0, 0x01, 0x00,
    0x01, 0x00, 0x2E, 0xCA, 0x04, 0x00, 0x01, 0x00, 0x2D, 0x44, 0x01, 0x00, 0x01, 0x00, 0x1F, 0xD0,
    0x01, 0x00, 0x03, 0x00, 0x1D, 0x84, 0x04, 0x00, 0x1E, 0xD6, 0x04, 0x00, 0x24, 0xDC, 0x04, 0x00,
    0x02, 0x00, 0x2E, 0x2A, 0x02, 0x00, 0x34, 0x44, 0x01, 0x00, 0x01, 0x00, 0x25, 0xD0, 0x01, 0x00,
    0x02, 0x00, 0x28, 0xD0, 0x01, 0x00, 0x2C, 0xFA, 0x04, 0x00, 0x03, 0x00, 0x24, 0xDC, 0x04, 0x00,
    0x2E, 0x00, 0x05, 0x00, 0x32, 0x44, 0x01, 0x00, 0x01, 0x00, 0x1E, 0xD6, 0x04, 0x00, 0x06, 0x00,
    0x01, 0x20, 0x01, 0x00, 0x1D, 0xD0, 0x04, 0x00, 0x22, 0xE2, 0x04, 0x00, 0x25, 0xF0, 0x04, 0x00,
    0x2B, 0x0A, 0x05, 0x00, 0x3D, 0x18, 0x05, 0x00, 0x01, 0x00, 0x2F, 0xA8, 0x04, 0x00, 0x01, 0x00,
    0x2C, 0x38, 0x05, 0x00, 0x01, 0x00, 0x28, 0xB0, 0x01, 0x00, 0x01, 0x00, 0x2C, 0x44, 0x05, 0x00,
    0x01, 0x00, 0x23, 0x44, 0x01, 0x00, 0x06, 0x00, 0x01, 0x20, 0x01, 0x00, 0x22, 0x3E, 0x05, 0x00,
    0x27, 0x44, 0x01, 0x00, 0x2B, 0x4A, 0x05, 0x00, 0x2F, 0x44, 0x01, 0x00, 0x30, 0x50, 0x05, 0x00,
    0x01, 0x00, 0x2B, 0xD0, 0x01, 0x00, 0x01, 0x01, 0x2D, 0x6C, 0x01, 0x00, 0x03, 0x02, 0x03, 0x00,
    0x1D, 0x48, 0x01, 0x00, 0x20, 0x76, 0x05, 0x00, 0x2B, 0x44, 0x01, 0x00, 0x03, 0x00, 0x01, 0x20,
    0x01, 0x00, 0x22, 0x70, 0x05, 0x00, 0x25, 0x7E, 0x05, 0x00, 0x01, 0x00, 0x2A, 0xB0, 0x01, 0x00,
    0x01, 0x00, 0x34, 0x44, 0x01, 0x00, 0x01, 0x00, 0x1F, 0x44, 0x01, 0x00, 0x0E, 0x00, 0x01, 0x20,
    0x01, 0x00, 0x1E, 0x44, 0x01, 0x00, 0x21, 0x44, 0x01, 0x00, 0x22, 0x44, 0x01, 0x00, 0x24, 0x9A,
    0x05, 0x00, 0x27, 0x44, 0x01, 0x00, 0x29, 0xA0, 0x05, 0x00, 0x2B, 0x5A, 0x02, 0x00, 0x2C, 0x44,
    0x01, 0x00, 0x2D, 0xA6, 0x05, 0x00, 0x2E, 0x44, 0x01, 0x00, 0x2F, 0xD6, 0x04, 0x00, 0x3B, 0x44,
    0x01, 0x00, 0x3D, 0x44, 0x01, 0x00, 0x01, 0x00, 0x2D, 0xDC, 0x04, 0x00, 0x02, 0x00, 0x01, 0x20,
    0x01, 0x00, 0x2B, 0xE6, 0x05, 0x00, 0x01, 0x00, 0x2E, 0x46, 0x03, 0x00, 0x03, 0x00, 0x01, 0x20,
    0x01, 0x00, 0x22, 0xF6, 0x05, 0x00, 0x3D, 0xF6, 0x05, 0x00, 0x02, 0x00, 0x01, 0x20, 0x01, 0x00,
    0x2E, 0x24, 0x01, 0x00, 0x21, 0x00, 0x1D, 0x80, 0x01, 0x00, 0x1E, 0xC2, 0x01, 0x00, 0x1F, 0xFE,
    0x01, 0x00, 0x20, 0x12, 0x02, 0x00, 0x21, 0x6C, 0x02, 0x00, 0x22, 0x84, 0x02, 0x00, 0x23, 0x8E,
    0x02, 0x00, 0x24, 0xA8, 0x02, 0x00, 0x25, 0xCE, 0x02, 0x00, 0x26, 0x8E, 0x02, 0x00, 0x27, 0x8E,
    0x02, 0x00, 0x28, 0x16, 0x03, 0x00, 0x29, 0x5E, 0x03, 0x00, 0x2A, 0xBC, 0x03, 0x00, 0x2B, 0x54,
    0x04, 0x00, 0x2C, 0xB8, 0x04, 0x00, 0x2D, 0x1E, 0x05, 0x00, 0x2E, 0x56, 0x05, 0x00, 0x2F, 0x8C,
    0x05, 0x00, 0x30, 0xAC, 0x05, 0x00, 0x31, 0x8E, 0x02, 0x00, 0x32, 0xEC, 0x05, 0x00, 0x33, 0x8E,
    0x02, 0x00, 0x34, 0xFC, 0x05, 0x00, 0x35, 0x8E, 0x02, 0x00, 0x36, 0x8E, 0x02, 0x00, 0x37, 0x8E,
    0x02, 0x00, 0x38, 0x8E, 0x02, 0x00, 0x39, 0x8E, 0x02, 0x00, 0x3A, 0x8E, 0x02, 0x00, 0x3B, 0x0A,
    0x06, 0x00, 0x3C, 0x8E, 0x02, 0x00, 0x3D, 0x8E, 0x02, 0x00, 0x00, 0x02, 0x00, 0x08, 0x01, 0x08,
    0x00, 0x01, 0x02, 0x02, 0x04, 0x02, 0x01, 0x9A, 0x06, 0x00, 0x2C, 0xA0, 0x06, 0x00, 0x2D, 0xA0,
    0x06, 0x00, 0x33, 0xA0, 0x06, 0x00, 0x00, 0x04, 0x01, 0x03, 0x01, 0x00, 0x2F, 0x5A, 0x02, 0x00,
    0x01, 0x00, 0x2E, 0xBA, 0x06, 0x00, 0x00, 0x01, 0x01, 0x03, 0x02, 0x00, 0x1D, 0xC6, 0x06, 0x00,
    0x3B, 0xA0, 0x06, 0x00, 0x00, 0x01, 0x02, 0x01, 0x01, 0x00, 0x25, 0xD4, 0x06, 0x00, 0x05, 0x01,
    0x01, 0x9A, 0x06, 0x00, 0x22, 0xC0, 0x06, 0x00, 0x28, 0xCA, 0x06, 0x00, 0x2D, 0xD8, 0x06, 0x00,
    0x30, 0xC6, 0x06, 0x00, 0x01, 0x01, 0x00, 0x01, 0x01, 0x01, 0x00, 0x01, 0x02, 0x03, 0x01, 0x00,
    0x2B, 0xFA, 0x06, 0x00, 0x01, 0x01, 0x1D, 0x44, 0x01, 0x00, 0x01, 0x01, 0x00, 0x01, 0x01, 0x02,
    0x02, 0x01, 0x2E, 0x24, 0x01, 0x00, 0x2F, 0x0C, 0x07, 0x00, 0x01, 0x01, 0x01, 0x00, 0x1D, 0xD4,
    0x06, 0x00, 0x01, 0x00, 0x22, 0xA0, 0x06, 0x00, 0x00, 0x02, 0x01, 0x03, 0x02, 0x02, 0x01, 0x00,
    0x22, 0x28, 0x07, 0x00, 0x0D, 0x00, 0x01, 0x9A, 0x06, 0x00, 0x1F, 0xD4, 0x06, 0x00, 0x22, 0xF6,
    0x06, 0x00, 0x24, 0xFE, 0x06, 0x00, 0x25, 0x04, 0x07, 0x00, 0x2B, 0x10, 0x07, 0x00, 0x2D, 0x1C,
    0x07, 0x00, 0x2E, 0x22, 0x07, 0x00, 0x2F, 0x0C, 0x07, 0x00, 0x30, 0xF6, 0x06, 0x00, 0x32, 0x0C,
    0x07, 0x00, 0x34, 0x2E, 0x07, 0x00, 0x3D, 0xF6, 0x06, 0x00, 0x01, 0x01, 0x2E, 0x40, 0x02, 0x00,
    0x00, 0x02, 0x01, 0x00, 0x25, 0x0C, 0x07, 0x00, 0x01, 0x00, 0x2F, 0x72, 0x07, 0x00, 0x02, 0x00,
    0x2E, 0x0C, 0x07, 0x00, 0x2F, 0xA0, 0x06, 0x00, 0x03, 0x00, 0x22, 0x0C, 0x07, 0x00, 0x25, 0xA0,
    0x06, 0x00, 0x2B, 0x7E, 0x07, 0x00, 0x00, 0x01, 0x00, 0x02, 0x07, 0x00, 0x01, 0x9A, 0x06, 0x00,
    0x1D, 0x6A, 0x07, 0x00, 0x21, 0x0C, 0x07, 0x00, 0x25, 0x78, 0x07, 0x00, 0x28, 0x88, 0x07, 0x00,
    0x2B, 0x96, 0x07, 0x00, 0x30, 0xC6, 0x06, 0x00, 0x02, 0x01, 0x22, 0x0C, 0x07, 0x00, 0x3D, 0x0C,
    0x07, 0x00, 0x00, 0x02, 0x01, 0x00, 0x25, 0xA0, 0x06, 0x00, 0x01, 0x00, 0x21, 0x44, 0x01, 0x00,
    0x01, 0x00, 0x2B, 0xCA, 0x07, 0x00, 0x00, 0x02, 0x01, 0x02, 0x02, 0x01, 0x01, 0x00, 0x28, 0xD6,
    0x07, 0x00, 0x01, 0x00, 0x1E, 0xDC, 0x07, 0x00, 0x02, 0x00, 0x2B, 0xD4, 0x06, 0x00, 0x30, 0xD6,
    0x07, 0x00, 0x01, 0x00, 0x34, 0x5A, 0x02, 0x00, 0x01, 0x00, 0x2A, 0x0C, 0x07, 0x00, 0x0A, 0x01,
    0x01, 0x9A, 0x06, 0x00, 0x1F, 0xB8, 0x07, 0x00, 0x23, 0xC4, 0x07, 0x00, 0x25, 0xD0, 0x07, 0x00,
    0x28, 0x0C, 0x07, 0x00, 0x2B, 0xE2, 0x07, 0x00, 0x2D, 0xE8, 0x07, 0x00, 0x30, 0xF2, 0x07, 0x00,
    0x33, 0xA0, 0x06, 0x00, 0x38, 0xF8, 0x07, 0x00, 0x01, 0x01, 0x01, 0x00, 0x2B, 0xA0, 0x06, 0x00,
    0x07, 0x01, 0x01, 0x9A, 0x06, 0x00, 0x20, 0x2A, 0x08, 0x00, 0x21, 0xC4, 0x07, 0x00, 0x28, 0xA0,
    0x06, 0x00, 0x2C, 0x0C, 0x07, 0x00, 0x2D, 0x22, 0x07, 0x00, 0x2E, 0xA0, 0x06, 0x00, 0x01, 0x01,
    0x01, 0x00, 0x01, 0x9A, 0x06, 0x00, 0x00, 0x02, 0x03, 0x04, 0x04, 0x03, 0x01, 0x00, 0x35, 0x56,
    0x08, 0x00, 0x01, 0x00, 0x24, 0xFA, 0x06, 0x00, 0x03, 0x01, 0x22, 0x62, 0x08, 0x00, 0x28, 0xD4,
    0x06, 0x00, 0x3D, 0x62, 0x08, 0x00, 0x03, 0x02, 0x01, 0x00, 0x2D, 0xD4, 0x06, 0x00, 0x00, 0x02,
    0x02, 0x02, 0x03, 0x01, 0x01, 0x01, 0x2D, 0x7E, 0x08, 0x00, 0x02, 0x01, 0x01, 0x00, 0x39, 0x0C,
    0x07, 0x00, 0x01, 0x00, 0x25, 0xF6, 0x06, 0x00, 0x05, 0x00, 0x1E, 0x84, 0x08, 0x00, 0x1F, 0x8C,
    0x08, 0x00, 0x28, 0x8C, 0x08, 0x00, 0x2D, 0x92, 0x08, 0x00, 0x2E, 0x7E, 0x08, 0x00, 0x07, 0x00,
    0x01, 0x9A, 0x06, 0x00, 0x1D, 0x5C, 0x08, 0x00, 0x1F, 0x68, 0x08, 0x00, 0x20, 0x44, 0x01, 0x00,
    0x21, 0x78, 0x08, 0x00, 0x2B, 0x98, 0x08, 0x00, 0x2D, 0xD4, 0x06, 0x00, 0x01, 0x02, 0x28, 0xFA,
    0x06, 0x00, 0x02, 0x02, 0x03, 0x01, 0x03, 0x01, 0x01, 0x9A, 0x06, 0x00, 0x20, 0xCC, 0x08, 0x00,
    0x32, 0x0C, 0x07, 0x00, 0x01, 0x01, 0x00, 0x01, 0x00, 0x01, 0x01, 0x00, 0x29, 0xFA, 0x06, 0x00,
    0x01, 0x01, 0x22, 0xEA, 0x08, 0x00, 0x02, 0x02, 0x01, 0x00, 0x2E, 0x96, 0x07, 0x00, 0x03, 0x00,
    0x1E, 0x40, 0x02, 0x00, 0x2A, 0xF8, 0x08, 0x00, 0x2F, 0x5A, 0x02, 0x00, 0x01, 0x00, 0x25, 0x96,
    0x07, 0x00, 0x07, 0x01, 0x01, 0x9A, 0x06, 0x00, 0x1F, 0xD4, 0x06, 0x00, 0x27, 0xE6, 0x08, 0x00,
    0x28, 0xF0, 0x08, 0x00, 0x2B, 0xFE, 0x08, 0x00, 0x2D, 0x0C, 0x09, 0x00, 0x2E, 0xD4, 0x06, 0x00,
    0x01, 0x01, 0x01, 0x01, 0x20, 0xC6, 0x06, 0x00, 0x01, 0x01, 0x01, 0x01, 0x27, 0x96, 0x07, 0x00,
    0x01, 0x01, 0x01, 0x00, 0x24, 0x24, 0x01, 0x00, 0x01, 0x01, 0x2F, 0x6C, 0x01, 0x00, 0x03, 0x02,
    0x01, 0x01, 0x35, 0x48, 0x09, 0x00, 0x01, 0x01, 0x01, 0x00, 0x36, 0x0C, 0x07, 0x00, 0x0A, 0x00,
    0x01, 0x9A, 0x06, 0x00, 0x1D, 0x32, 0x09, 0x00, 0x22, 0x3A, 0x09, 0x00, 0x25, 0xC6, 0x06, 0x00,
    0x2B, 0x42, 0x09, 0x00, 0x30, 0x50, 0x09, 0x00, 0x38, 0xF6, 0x06, 0x00, 0x39, 0x58, 0x09, 0x00,
    0x3B, 0xF6, 0x06, 0x00, 0x3D, 0x3A, 0x09, 0x00, 0x01, 0x00, 0x2F, 0x96, 0x07, 0x00, 0x01, 0x00,
    0x2F, 0x0C, 0x07, 0x00, 0x01, 0x00, 0x2A, 0x8E, 0x09, 0x00, 0x01, 0x00, 0x2F, 0xA0, 0x06, 0x00,
    0x02, 0x00, 0x22, 0x9A, 0x09, 0x00, 0x3D, 0x9A, 0x09, 0x00, 0x02, 0x01, 0x24, 0x40, 0x02, 0x00,
    0x25, 0x3A, 0x01, 0x00, 0x00, 0x02, 0x09, 0x00, 0x01, 0x9A, 0x06, 0x00, 0x1D, 0x96, 0x07, 0x00,
    0x1E, 0xBC, 0x02, 0x00, 0x22, 0x88, 0x09, 0x00, 0x25, 0x94, 0x09, 0x00, 0x2A, 0xA0, 0x09, 0x00,
    0x2B, 0xAA, 0x09, 0x00, 0x34, 0x0C, 0x07, 0x00, 0x3D, 0x88, 0x09, 0x00, 0x01, 0x00, 0x33, 0x44,
    0x01, 0x00, 0x00, 0x03, 0x01, 0x02, 0x02, 0x01, 0x03, 0x02, 0x01, 0x00, 0x22, 0xE2, 0x09, 0x00,
    0x03, 0x00, 0x21, 0xDC, 0x09, 0x00, 0x29, 0xEA, 0x09, 0x00, 0x31, 0x0C, 0x07, 0x00, 0x01, 0x00,
    0x1D, 0xA0, 0x06, 0x00, 0x01, 0x00, 0x2D, 0xFE, 0x09, 0x00, 0x00, 0x02, 0x02, 0x01, 0x03, 0x02,
    0x01, 0x00, 0x2D, 0x0A, 0x0A, 0x00, 0x02, 0x00, 0x1E, 0xE2, 0x09, 0x00, 0x32, 0x10, 0x0A, 0x00,
    0x01, 0x01, 0x2D, 0xA0, 0x06, 0x00, 0x03, 0x01, 0x02, 0x00, 0x2C, 0xA0, 0x06, 0x00, 0x30, 0x20,
    0x0A, 0x00, 0x01, 0x00, 0x24, 0xD6, 0x07, 0x00, 0x01, 0x01, 0x35, 0x0C, 0x07, 0x00, 0x01, 0x01,
    0x08, 0x00, 0x01, 0x9A, 0x06, 0x00, 0x1D, 0xF0, 0x09, 0x00, 0x21, 0x04, 0x0A, 0x00, 0x2B, 0x16,
    0x0A, 0x00, 0x2D, 0xD4, 0x06, 0x00, 0x2E, 0x28, 0x0A, 0x00, 0x30, 0x32, 0x0A, 0x00, 0x39, 0x38,
    0x0A, 0x00, 0x01, 0x01, 0x2F, 0x6C, 0x01, 0x00, 0x02, 0x02, 0x05, 0x02, 0x01, 0x9A, 0x06, 0x00,
    0x21, 0xA0, 0x06, 0x00, 0x27, 0xA0, 0x06, 0x00, 0x2D, 0xA0, 0x06, 0x00, 0x2E, 0x62, 0x0A, 0x00,
    0x00, 0x02, 0x01, 0x01, 0x01, 0x00, 0x29, 0xA0, 0x06, 0x00, 0x02, 0x00, 0x1D, 0xC6, 0x06, 0x00,
    0x2B, 0x84, 0x0A, 0x00, 0x01, 0x00, 0x2E, 0xBC, 0x02, 0x00, 0x01, 0x00, 0x2F, 0xDC, 0x01, 0x00,
    0x02, 0x01, 0x1F, 0x94, 0x0A, 0x00, 0x34, 0x9A, 0x0A, 0x00, 0x00, 0x02, 0x01, 0x00, 0x28, 0xD4,
    0x06, 0x00, 0x02, 0x00, 0x1D, 0xA0, 0x06, 0x00, 0x22, 0xAC, 0x0A, 0x00, 0x04, 0x00, 0x01, 0x9A,
    0x06, 0x00, 0x28, 0x8A, 0x0A, 0x00, 0x2B, 0xA0, 0x0A, 0x00, 0x2D, 0xB2, 0x0A, 0x00, 0x01, 0x00,
    0x2F, 0x44, 0x01, 0x00, 0x01, 0x01, 0x2E, 0xCE, 0x0A, 0x00, 0x01, 0x01, 0x01, 0x00, 0x27, 0xA0,
    0x06, 0x00, 0x01, 0x00, 0x2B, 0xDC, 0x0A, 0x00, 0x01, 0x00, 0x28, 0xA0, 0x06, 0x00, 0x01, 0x00,
    0x1D, 0xE8, 0x0A, 0x00, 0x01, 0x00, 0x30, 0xE6, 0x08, 0x00, 0x01, 0x00, 0x1F, 0x24, 0x01, 0x00,
    0x01, 0x00, 0x28, 0x24, 0x01, 0x00, 0x02, 0x01, 0x21, 0xFA, 0x0A, 0x00, 0x2B, 0x00, 0x0B, 0x00,
    0x01, 0x01, 0x01, 0x00, 0x2D, 0xA0, 0x06, 0x00, 0x02, 0x00, 0x2B, 0x12, 0x0B, 0x00, 0x2D, 0x7E,
    0x08, 0x00, 0x10, 0x00, 0x01, 0x9A, 0x06, 0x00, 0x1D, 0xD4, 0x0A, 0x00, 0x1E, 0xE2, 0x0A, 0x00,
    0x1F, 0xEE, 0x0A, 0x00, 0x20, 0xF4, 0x0A, 0x00, 0x22, 0x06, 0x0B, 0x00, 0x23, 0xFE, 0x09, 0x00,
    0x25, 0xF6, 0x06, 0x00, 0x2B, 0xF6, 0x06, 0x00, 0x2F, 0x18, 0x0B, 0x00, 0x30, 0xF6, 0x06, 0x00,
    0x32, 0xD4, 0x06, 0x00, 0x38, 0xF6, 0x06, 0x00, 0x3B, 0xF6, 0x06, 0x00, 0x3C, 0xF6, 0x06, 0x00,
    0x3D, 0xF6, 0x06, 0x00, 0x00, 0x02, 0x00, 0x02, 0x02, 0x01, 0x01, 0x00, 0x25, 0xFA, 0x06, 0x00,
    0x01, 0x00, 0x20, 0xE6, 0x08, 0x00, 0x01, 0x00, 0x25, 0x70, 0x0B, 0x00, 0x01, 0x00, 0x30, 0x24,
    0x01, 0x00, 0x02, 0x00, 0x2A, 0xA0, 0x06, 0x00, 0x3C, 0xA0, 0x06, 0x00, 0x01, 0x00, 0x2B, 0xD4,
    0x06, 0x00, 0x01, 0x00, 0x32, 0xD4, 0x06, 0x00, 0x01, 0x00, 0x22, 0xF6, 0x06, 0x00, 0x07, 0x00,
    0x1F, 0x7C, 0x0B, 0x00, 0x22, 0xEA, 0x08, 0x00, 0x25, 0x82, 0x0B, 0x00, 0x2B, 0x8C, 0x0B, 0x00,
    0x30, 0x92, 0x0B, 0x00, 0x39, 0x98, 0x0B, 0x00, 0x3D, 0xEA, 0x08, 0x00, 0x02, 0x00, 0x21, 0xA0,
    0x06, 0x00, 0x2E, 0xA0, 0x06, 0x00, 0x01, 0x00, 0x22, 0xBC, 0x0B, 0x00, 0x08, 0x00, 0x01, 0x9A,
    0x06, 0x00, 0x27, 0x64, 0x0B, 0x00, 0x29, 0x6A, 0x0B, 0x00, 0x2A, 0xFE, 0x06, 0x00, 0x2E, 0x76,
    0x0B, 0x00, 0x2F, 0x9E, 0x0B, 0x00, 0x35, 0xC6, 0x0B, 0x00, 0x39, 0x92, 0x08, 0x00, 0x01, 0x01,
    0x27, 0xE6, 0x08, 0x00, 0x01, 0x01, 0x03, 0x00, 0x1D, 0xFA, 0x06, 0x00, 0x25, 0xD4, 0x06, 0x00,
    0x30, 0xD4, 0x06, 0x00, 0x01, 0x00, 0x24, 0x96, 0x07, 0x00, 0x01, 0x00, 0x22, 0xD4, 0x06, 0x00,
    0x03, 0x01, 0x1E, 0x0A, 0x0C, 0x00, 0x29, 0xF8, 0x07, 0x00, 0x35, 0x44, 0x01, 0x00, 0x01, 0x01,
    0x01, 0x00, 0x27, 0x3A, 0x01, 0x00, 0x01, 0x00, 0x2E, 0x20, 0x0C, 0x00, 0x03, 0x00, 0x1D, 0x92,
    0x0B, 0x00, 0x25, 0xD4, 0x06, 0x00, 0x2B, 0x26, 0x0C, 0x00, 0x04, 0x00, 0x22, 0xF6, 0x06, 0x00,
    0x3B, 0xC6, 0x06, 0x00, 0x3C, 0xC6, 0x06, 0x00, 0x3D, 0xF6, 0x06, 0x00, 0x0D, 0x00, 0x01, 0x9A,
    0x06, 0x00, 0x1D, 0xEE, 0x0B, 0x00, 0x1F, 0xF6, 0x0B, 0x00, 0x22, 0x04, 0x0C, 0x00, 0x25, 0xF6,
    0x06, 0x00, 0x2B, 0x10, 0x0C, 0x00, 0x2D, 0x2C, 0x0C, 0x00, 0x30, 0xF6, 0x06, 0x00, 0x32, 0xA0,
    0x06, 0x00, 0x38, 0xF6, 0x06, 0x00, 0x39, 0x3A, 0x0C, 0x00, 0x3B, 0xF6, 0x06, 0x00, 0x3C, 0xF6,
    0x06, 0x00, 0x01, 0x01, 0x2B, 0xFA, 0x06, 0x00, 0x02, 0x02, 0x01, 0x00, 0x22, 0x0C, 0x07, 0x00,
    0x01, 0x01, 0x39, 0xFA, 0x06, 0x00, 0x02, 0x02, 0x08, 0x01, 0x01, 0x9A, 0x06, 0x00, 0x1E, 0x0C,
    0x07, 0x00, 0x21, 0x82, 0x0C, 0x00, 0x28, 0x8A, 0x0C, 0x00, 0x2F, 0x28, 0x01, 0x00, 0x32, 0xA0,
    0x06, 0x00, 0x34, 0x90, 0x0C, 0x00, 0x3A, 0x24, 0x01, 0x00, 0x01, 0x01, 0x02, 0x00, 0x01, 0x9A,
    0x06, 0x00, 0x28, 0xD6, 0x07, 0x00, 0x04, 0x00, 0x01, 0x9A, 0x06, 0x00, 0x1D, 0xA0, 0x06, 0x00,
    0x29, 0x3E, 0x01, 0x00, 0x2E, 0xFA, 0x06, 0x00, 0x04, 0x01, 0x01, 0x9A, 0x06, 0x00, 0x1D, 0x96,
    0x07, 0x00, 0x28, 0x0C, 0x07, 0x00, 0x2F, 0xD4, 0x06, 0x00, 0x01, 0x01, 0x02, 0x00, 0x01, 0x9A,
    0x06, 0x00, 0x28, 0x0C, 0x07, 0x00, 0x03, 0x00, 0x01, 0x9A, 0x06, 0x00, 0x28, 0xC4, 0x07, 0x00,
    0x2D, 0x0C, 0x07, 0x00, 0x02, 0x00, 0x01, 0x9A, 0x06, 0x00, 0x2F, 0x1C, 0x07, 0x00, 0x04, 0x01,
    0x01, 0x9A, 0x06, 0x00, 0x1E, 0xA0, 0x06, 0x00, 0x1F, 0xA0, 0x06, 0x00, 0x24, 0xA0, 0x06, 0x00,
    0x01, 0x01, 0x01, 0x01, 0x01, 0x9A, 0x06, 0x00, 0x01, 0x01, 0x21, 0x00, 0x1D, 0xA4, 0x06, 0x00,
    0x1E, 0xDE, 0x06, 0x00, 0x1F, 0x34, 0x07, 0x00, 0x20, 0x9A, 0x07, 0x00, 0x21, 0xFE, 0x07, 0x00,
    0x22, 0x30, 0x08, 0x00, 0x23, 0x50, 0x08, 0x00, 0x24, 0xAE, 0x08, 0x00, 0x25, 0xD6, 0x08, 0x00,
    0x26, 0x50, 0x08, 0x00, 0x27, 0x12, 0x09, 0x00, 0x28, 0x5E, 0x09, 0x00, 0x29, 0xB6, 0x09, 0x00,
    0x2A, 0x40, 0x0A, 0x00, 0x2B, 0x6A, 0x0A, 0x00, 0x2C, 0xBC, 0x0A, 0x00, 0x2D, 0x22, 0x0B, 0x00,
    0x2E, 0xCC, 0x0B, 0x00, 0x2F, 0x4C, 0x0C, 0x00, 0x30, 0x98, 0x0C, 0x00, 0x31, 0xBC, 0x0C, 0x00,
    0x32, 0xC6, 0x0C, 0x00, 0x33, 0x50, 0x08, 0x00, 0x34, 0xD8, 0x0C, 0x00, 0x35, 0xEC, 0x0C, 0x00,
    0x36, 0x50, 0x08, 0x00, 0x37, 0x50, 0x08, 0x00, 0x38, 0x50, 0x08, 0x00, 0x39, 0x50, 0x08, 0x00,
    0x3A, 0xF6, 0x0C, 0x00, 0x3B, 0x04, 0x0D, 0x00, 0x3C, 0x0E, 0x0D, 0x00, 0x3D, 0x22, 0x0D, 0x00,
    0x01, 0x00, 0x1F, 0xA0, 0x06, 0x00, 0x01, 0x00, 0x2D, 0x7E, 0x08, 0x00, 0x01, 0x01, 0x30, 0xFA,
    0x06, 0x00, 0x02, 0x01, 0x01, 0x00, 0x3B, 0x6C, 0x01, 0x00, 0x02, 0x00, 0x29, 0x5A, 0x02, 0x00,
    0x2F, 0xD4, 0x06, 0x00, 0x09, 0x01, 0x01, 0x9A, 0x06, 0x00, 0x1E, 0xB0, 0x0D, 0x00, 0x20, 0xB6,
    0x0D, 0x00, 0x21, 0x12, 0x0B, 0x00, 0x24, 0xBC, 0x0D, 0x00, 0x28, 0xC4, 0x0D, 0x00, 0x2B, 0xA0,
    0x06, 0x00, 0x2E, 0xCA, 0x0D, 0x00, 0x2F, 0x78, 0x08, 0x00, 0x00, 0x01, 0x01, 0x02, 0x01, 0x9A,
    0x06, 0x00, 0x00, 0x02, 0x01, 0x01, 0x02, 0x01, 0x01, 0x9A, 0x06, 0x00, 0x38, 0x44, 0x01, 0x00,
    0x01, 0x01, 0x01, 0x01, 0x01, 0x9A, 0x06, 0x00, 0x02, 0x02, 0x00, 0x01, 0x00, 0x03, 0x02, 0x00,
    0x28, 0xA0, 0x06, 0x00, 0x2A, 0xA0, 0x06, 0x00, 0x00, 0x02, 0x03, 0x05, 0x04, 0x04, 0x01, 0x00,
    0x2E, 0x3A, 0x01, 0x00, 0x07, 0x02, 0x1D, 0x40, 0x02, 0x00, 0x21, 0x28, 0x0E, 0x00, 0x25, 0xFA,
    0x06, 0x00, 0x2A, 0x5A, 0x02, 0x00, 0x2B, 0x40, 0x02, 0x00, 0x2D, 0x24, 0x01, 0x00, 0x30, 0x2E,
    0x0E, 0x00, 0x00, 0x03, 0x02, 0x02, 0x02, 0x02, 0x22, 0x5A, 0x02, 0x00, 0x25, 0x5A, 0x02, 0x00,
    0x02, 0x02, 0x03, 0x01, 0x03, 0x00, 0x27, 0x7E, 0x08, 0x00, 0x2C, 0x5A, 0x02, 0x00, 0x2F, 0x56,
    0x0E, 0x00, 0x09, 0x01, 0x01, 0x9A, 0x06, 0x00, 0x1F, 0x1A, 0x0E, 0x00, 0x20, 0x1E, 0x0E, 0x00,
    0x21, 0xB6, 0x0D, 0x00, 0x22, 0x1A, 0x0E, 0x00, 0x24, 0x34, 0x0E, 0x00, 0x2E, 0x64, 0x0E, 0x00,
    0x33, 0x1A, 0x0E, 0x00, 0x36, 0x96, 0x07, 0x00, 0x00, 0x01, 0x01, 0x01, 0x01, 0x9A, 0x06, 0x00,
    0x00, 0x02, 0x01, 0x02, 0x01, 0x9A, 0x06, 0x00, 0x01, 0x01, 0x02, 0x02, 0x01, 0x00, 0x2F, 0xDE,
    0x03, 0x00, 0x01, 0x00, 0x25, 0xAC, 0x0E, 0x00, 0x01, 0x00, 0x2B, 0x26, 0x0C, 0x00, 0x04, 0x01,
    0x1E, 0xA0, 0x06, 0x00, 0x21, 0xA0, 0x06, 0x00, 0x2A, 0xA0, 0x06, 0x00, 0x2D, 0xA0, 0x06, 0x00,
    0x00, 0x03, 0x0A, 0x02, 0x01, 0x9A, 0x06, 0x00, 0x1D, 0x1A, 0x0E, 0x00, 0x1E, 0xA0, 0x06, 0x00,
    0x23, 0x96, 0x07, 0x00, 0x27, 0x1A, 0x0E, 0x00, 0x28, 0xB2, 0x0E, 0x00, 0x2A, 0xB8, 0x0E, 0x00,
    0x2B, 0xBE, 0x0E, 0x00, 0x2F, 0xB0, 0x0D, 0x00, 0x32, 0xD4, 0x06, 0x00, 0x00, 0x01, 0x01, 0x02,
    0x01, 0x02, 0x01, 0x9A, 0x06, 0x00, 0x00, 0x02, 0x01, 0x03, 0x01, 0x02, 0x25, 0xC6, 0x06, 0x00,
    0x00, 0x01, 0x01, 0x02, 0x03, 0x00, 0x20, 0xE6, 0x08, 0x00, 0x24, 0x0A, 0x0F, 0x00, 0x2A, 0x0C,
    0x07, 0x00, 0x00, 0x02, 0x00, 0x01, 0x01, 0x02, 0x00, 0x02, 0x01, 0x02, 0x04, 0x01, 0x01, 0x00,
    0x27, 0x28, 0x0F, 0x00, 0x04, 0x00, 0x22, 0x22, 0x0F, 0x00, 0x2A, 0xC6, 0x06, 0x00, 0x2E, 0x2E,
    0x0F, 0x00, 0x3C, 0x22, 0x0F, 0x00, 0x02, 0x00, 0x21, 0x0C, 0x07, 0x00, 0x23, 0x22, 0x0F, 0x00,
    0x00, 0x02, 0x00, 0x02, 0x01, 0x02, 0x00, 0x02, 0x00, 0x02, 0x01, 0x03, 0x01, 0x00, 0x39, 0x56,
    0x0F, 0x00, 0x06, 0x00, 0x02, 0x56, 0x0F, 0x00, 0x21, 0x0C, 0x07, 0x00, 0x22, 0x0C, 0x07, 0x00,
    0x28, 0x0C, 0x07, 0x00, 0x2E, 0x5C, 0x0F, 0x00, 0x3D, 0x0C, 0x07, 0x00, 0x02, 0x00, 0x2A, 0xC6,
    0x06, 0x00, 0x2E, 0x2E, 0x0F, 0x00, 0x09, 0x01, 0x01, 0x9A, 0x06, 0x00, 0x1D, 0x14, 0x0F, 0x00,
    0x22, 0x34, 0x0F, 0x00, 0x30, 0x46, 0x0F, 0x00, 0x38, 0x96, 0x07, 0x00, 0x39, 0x50, 0x0F, 0x00,
    0x3B, 0x62, 0x0F, 0x00, 0x3C, 0x96, 0x07, 0x00, 0x3D, 0x7C, 0x0F, 0x00, 0x01, 0x01, 0x01, 0x00,
    0x2D, 0x1C, 0x07, 0x00, 0x01, 0x00, 0x35, 0xFA, 0x06, 0x00, 0x01, 0x00, 0x21, 0xA0, 0x06, 0x00,
    0x01, 0x00, 0x2E, 0xD4, 0x06, 0x00, 0x02, 0x00, 0x23, 0x0A, 0x0A, 0x00, 0x39, 0xC0, 0x0F, 0x00,
    0x00, 0x02, 0x02, 0x03, 0x03, 0x02, 0x03, 0x00, 0x28, 0xD0, 0x0F, 0x00, 0x34, 0xA0, 0x06, 0x00,
    0x35, 0xFA, 0x06, 0x00, 0x01, 0x00, 0x30, 0x6C, 0x01, 0x00, 0x01, 0x00, 0x30, 0xD4, 0x06, 0x00,
    0x01, 0x01, 0x2B, 0xFA, 0x06, 0x00, 0x02, 0x01, 0x03, 0x00, 0x1D, 0xA0, 0x06, 0x00, 0x27, 0xF0,
    0x0F, 0x00, 0x2F, 0x6A, 0x0B, 0x00, 0x02, 0x01, 0x1F, 0xA0, 0x06, 0x00, 0x2D, 0x44, 0x01, 0x00,
    0x00, 0x03, 0x0D, 0x01, 0x01, 0x9A, 0x06, 0x00, 0x1E, 0xAE, 0x0F, 0x00, 0x1F, 0xB4, 0x0F, 0x00,
    0x20, 0xBA, 0x0F, 0x00, 0x21, 0xAE, 0x0F, 0x00, 0x24, 0x0A, 0x0A, 0x00, 0x28, 0xC6, 0x0F, 0x00,
    0x29, 0xD6, 0x0F, 0x00, 0x2A, 0xE4, 0x0F, 0x00, 0x2D, 0xEA, 0x0F, 0x00, 0x2E, 0xF8, 0x0F, 0x00,
    0x2F, 0x06, 0x10, 0x00, 0x3C, 0xD6, 0x04, 0x00, 0x00, 0x01, 0x00, 0x02, 0x00, 0x02, 0x01, 0x01,
    0x0B, 0x00, 0x1E, 0xC6, 0x06, 0x00, 0x1F, 0x0C, 0x07, 0x00, 0x24, 0x2E, 0x01, 0x00, 0x28, 0x22,
    0x0F, 0x00, 0x29, 0x4A, 0x10, 0x00, 0x2A, 0x0C, 0x07, 0x00, 0x2E, 0xE6, 0x08, 0x00, 0x2F, 0x8C,
    0x08, 0x00, 0x32, 0xF6, 0x06, 0x00, 0x34, 0x22, 0x0F, 0x00, 0x3C, 0x56, 0x0F, 0x00, 0x05, 0x00,
    0x21, 0x22, 0x0F, 0x00, 0x26, 0xF6, 0x06, 0x00, 0x27, 0xF6, 0x06, 0x00, 0x29, 0x0C, 0x07, 0x00,
    0x32, 0x0C, 0x07, 0x00, 0x02, 0x00, 0x2B, 0x0C, 0x07, 0x00, 0x38, 0x0C, 0x07, 0x00, 0x02, 0x00,
    0x21, 0x0C, 0x07, 0x00, 0x2F, 0x94, 0x10, 0x00, 0x01, 0x00, 0x25, 0x22, 0x0F, 0x00, 0x01, 0x00,
    0x02, 0xF6, 0x06, 0x00, 0x02, 0x00, 0x25, 0x22, 0x0F, 0x00, 0x27, 0x40, 0x03, 0x00, 0x04, 0x00,
    0x21, 0xA8, 0x10, 0x00, 0x28, 0xF6, 0x06, 0x00, 0x29, 0xAE, 0x10, 0x00, 0x2E, 0xB4, 0x10, 0x00,
    0x01, 0x00, 0x2E, 0x1A, 0x0E, 0x00, 0x01, 0x01, 0x27, 0xD0, 0x10, 0x00, 0x01, 0x01, 0x01, 0x02,
    0x02, 0x56, 0x0F, 0x00, 0x00, 0x01, 0x01, 0x02, 0x03, 0x00, 0x27, 0xF6, 0x06, 0x00, 0x29, 0x0C,
    0x07, 0x00, 0x32, 0x0C, 0x07, 0x00, 0x0C, 0x00, 0x01, 0x9A, 0x06, 0x00, 0x02, 0x96, 0x07, 0x00,
    0x1D, 0x50, 0x10, 0x00, 0x22, 0x7E, 0x10, 0x00, 0x25, 0x9E, 0x10, 0x00, 0x2B, 0xBE, 0x10, 0x00,
    0x2E, 0x96, 0x07, 0x00, 0x30, 0xD6, 0x10, 0x00, 0x39, 0x96, 0x07, 0x00, 0x3B, 0xDE, 0x10, 0x00,
    0x3C, 0xF6, 0x06, 0x00, 0x3D, 0xE8, 0x10, 0x00, 0x00, 0x01, 0x02, 0x04, 0x03, 0x03, 0x01, 0x9A,
    0x06, 0x00, 0x27, 0xC6, 0x06, 0x00, 0x28, 0x28, 0x11, 0x00, 0x00, 0x02, 0x01, 0x01, 0x02, 0x02,
    0x04, 0x02, 0x01, 0x9A, 0x06, 0x00, 0x20, 0xB6, 0x0D, 0x00, 0x27, 0x00, 0x0B, 0x00, 0x2E, 0xD4,
    0x06, 0x00, 0x00, 0x01, 0x01, 0x02, 0x00, 0x01, 0x00, 0x08, 0x02, 0x00, 0x01, 0x9A, 0x06, 0x00,
    0x02, 0x56, 0x11, 0x00, 0x02, 0x01, 0x27, 0x24, 0x01, 0x00, 0x2F, 0x6C, 0x01, 0x00, 0x02, 0x02,
    0x03, 0x01, 0x01, 0x9A, 0x06, 0x00, 0x20, 0x7E, 0x08, 0x00, 0x2E, 0x64, 0x11, 0x00, 0x00, 0x01,
    0x04, 0x01, 0x01, 0x9A, 0x06, 0x00, 0x02, 0x96, 0x07, 0x00, 0x2E, 0x96, 0x07, 0x00, 0x2F, 0x96,
    0x07, 0x00, 0x00, 0x01, 0x02, 0x00, 0x01, 0x9A, 0x06, 0x00, 0x2D, 0xD4, 0x06, 0x00, 0x02, 0x02,
    0x01, 0x9A, 0x06, 0x00, 0x2F, 0x1C, 0x07, 0x00, 0x00, 0x03, 0x01, 0x02, 0x01, 0x01, 0x01, 0x9A,
    0x06, 0x00, 0x00, 0x01, 0x02, 0x01, 0x01, 0x9A, 0x06, 0x00, 0x21, 0xB6, 0x0D, 0x00, 0x00, 0x01,
    0x21, 0x00, 0x1D, 0xD4, 0x0D, 0x00, 0x1E, 0xFC, 0x0D, 0x00, 0x1F, 0x06, 0x0E, 0x00, 0x20, 0x12,
    0x0E, 0x00, 0x21, 0xFC, 0x0D, 0x00, 0x22, 0x72, 0x0E, 0x00, 0x23, 0x9A, 0x0E, 0x00, 0x24, 0xA2,
    0x0E, 0x00, 0x25, 0xD2, 0x0E, 0x00, 0x26, 0x50, 0x08, 0x00, 0x27, 0x00, 0x0F, 0x00, 0x28, 0x86,
    0x0F, 0x00, 0x29, 0x50, 0x08, 0x00, 0x2A, 0x00, 0x0F, 0x00, 0x2B, 0x12, 0x10, 0x00, 0x2C, 0x50,
    0x08, 0x00, 0x2D, 0xF6, 0x10, 0x00, 0x2E, 0x2C, 0x11, 0x00, 0x2F, 0x22, 0x0D, 0x00, 0x30, 0x40,
    0x11, 0x00, 0x31, 0x9A, 0x0E, 0x00, 0x32, 0xFC, 0x0D, 0x00, 0x33, 0x9A, 0x0E, 0x00, 0x34, 0xFC,
    0x0D, 0x00, 0x35, 0x9A, 0x0E, 0x00, 0x36, 0x9A, 0x0E, 0x00, 0x37, 0x5A, 0x11, 0x00, 0x38, 0x70,
    0x11, 0x00, 0x39, 0x80, 0x11, 0x00, 0x3A, 0x94, 0x11, 0x00, 0x3B, 0x9E, 0x11, 0x00, 0x3C, 0xAC,
    0x11, 0x00, 0x3D, 0xB4, 0x11, 0x00, 0x02, 0x00, 0x2D, 0x7E, 0x08, 0x00, 0x39, 0x3A, 0x01, 0x00,
    0x01, 0x00, 0x21, 0xD0, 0x0F, 0x00, 0x01, 0x01, 0x2D, 0xA0, 0x06, 0x00, 0x02, 0x01, 0x01, 0x00,
    0x2F, 0x56, 0x12, 0x00, 0x0C, 0x01, 0x01, 0x9A, 0x06, 0x00, 0x1E, 0x12, 0x0B, 0x00, 0x20, 0x1A,
    0x0E, 0x00, 0x21, 0x46, 0x12, 0x00, 0x23, 0x50, 0x12, 0x00, 0x24, 0xD4, 0x06, 0x00, 0x2A, 0x2E,
    0x0E, 0x00, 0x2E, 0x5E, 0x12, 0x00, 0x2F, 0x78, 0x08, 0x00, 0x32, 0x24, 0x01, 0x00, 0x33, 0x1A,
    0x0E, 0x00, 0x3C, 0x1A, 0x0E, 0x00, 0x00, 0x01, 0x03, 0x00, 0x01, 0x9A, 0x06, 0x00, 0x25, 0xF6,
    0x06, 0x00, 0x2D, 0xF6, 0x06, 0x00, 0x01, 0x02, 0x01, 0x9A, 0x06, 0x00, 0x00, 0x02, 0x02, 0x02,
    0x01, 0x00, 0x32, 0x0C, 0x07, 0x00, 0x02, 0x01, 0x01, 0x9A, 0x06, 0x00, 0x2B, 0xB0, 0x12, 0x00,
    0x01, 0x01, 0x02, 0x00, 0x2D, 0x24, 0x01, 0x00, 0x30, 0xFA, 0x06, 0x00, 0x04, 0x01, 0x22, 0x1A,
    0x0E, 0x00, 0x28, 0x1A, 0x0E, 0x00, 0x30, 0x44, 0x01, 0x00, 0x3D, 0x1A, 0x0E, 0x00, 0x00, 0x01,
    0x01, 0x00, 0x02, 0xE6, 0x08, 0x00, 0x01, 0x00, 0x21, 0x96, 0x07, 0x00, 0x00, 0x02, 0x02, 0x02,
    0x04, 0x01, 0x01, 0x00, 0x1F, 0xEC, 0x12, 0x00, 0x02, 0x01, 0x27, 0x7E, 0x08, 0x00, 0x2F, 0xF2,
    0x12, 0x00, 0x00, 0x01, 0x01, 0x00, 0x2D, 0x5A, 0x02, 0x00, 0x0F, 0x00, 0x01, 0x9A, 0x06, 0x00,
    0x1F, 0xE6, 0x08, 0x00, 0x20, 0x1A, 0x0E, 0x00, 0x21, 0xC2, 0x12, 0x00, 0x22, 0xE6, 0x08, 0x00,
    0x24, 0xCC, 0x12, 0x00, 0x26, 0xE0, 0x12, 0x00, 0x2C, 0x7E, 0x08, 0x00, 0x2D, 0xE6, 0x12, 0x00,
    0x2E, 0xF8, 0x12, 0x00, 0x2F, 0x04, 0x13, 0x00, 0x33, 0xE6, 0x08, 0x00, 0x3B, 0xE6, 0x08, 0x00,
    0x3C, 0xE6, 0x08, 0x00, 0x3D, 0xE6, 0x08, 0x00, 0x01, 0x00, 0x1E, 0x24, 0x01, 0x00, 0x01, 0x00,
    0x21, 0x48, 0x01, 0x00, 0x01, 0x01, 0x22, 0x4E, 0x13, 0x00, 0x03, 0x02, 0x05, 0x03, 0x01, 0x9A,
    0x06, 0x00, 0x20, 0x44, 0x01, 0x00, 0x21, 0x44, 0x01, 0x00, 0x2B, 0x48, 0x13, 0x00, 0x37, 0x54,
    0x13, 0x00, 0x00, 0x01, 0x01, 0x02, 0x02, 0x02, 0x00, 0x03, 0x02, 0x02, 0x03, 0x01, 0x04, 0x02,
    0x06, 0x00, 0x24, 0xA0, 0x06, 0x00, 0x27, 0xA0, 0x06, 0x00, 0x2D, 0xA0, 0x06, 0x00, 0x2E, 0x78,
    0x13, 0x00, 0x2F, 0x24, 0x01, 0x00, 0x31, 0xFA, 0x06, 0x00, 0x02, 0x00, 0x1F, 0xA0, 0x06, 0x00,
    0x28, 0xA0, 0x06, 0x00, 0x01, 0x00, 0x2A, 0x44, 0x01, 0x00, 0x01, 0x01, 0x20, 0xA4, 0x13, 0x00,
    0x00, 0x01, 0x02, 0x00, 0x2F, 0xE6, 0x08, 0x00, 0x34, 0xE6, 0x08, 0x00, 0x01, 0x00, 0x25, 0x0A,
    0x0A, 0x00, 0x01, 0x00, 0x2A, 0xBC, 0x13, 0x00, 0x09, 0x00, 0x01, 0x9A, 0x06, 0x00, 0x1D, 0x80,
    0x13, 0x00, 0x20, 0x9A, 0x13, 0x00, 0x24, 0xAA, 0x13, 0x00, 0x2A, 0xB2, 0x13, 0x00, 0x2B, 0xD4,
    0x06, 0x00, 0x2E, 0xC2, 0x13, 0x00, 0x30, 0x5A, 0x02, 0x00, 0x31, 0xA0, 0x06, 0x00, 0x00, 0x02,
    0x00, 0x03, 0x01, 0x02, 0x01, 0x00, 0x2E, 0xEE, 0x13, 0x00, 0x03, 0x02, 0x01, 0x9A, 0x06, 0x00,
    0x28, 0xA0, 0x06, 0x00, 0x30, 0xF4, 0x13, 0x00, 0x00, 0x02, 0x01, 0x01, 0x01, 0x01, 0x1E, 0x56,
    0x0F, 0x00, 0x01, 0x02, 0x04, 0x00, 0x1F, 0x0C, 0x07, 0x00, 0x27, 0x0C, 0x07, 0x00, 0x2F, 0x0C,
    0x07, 0x00, 0x34, 0x0C, 0x07, 0x00, 0x01, 0x01, 0x3C, 0x0C, 0x07, 0x00, 0x00, 0x02, 0x01, 0x01,
    0x1E, 0x0C, 0x07, 0x00, 0x00, 0x02, 0x02, 0x00, 0x27, 0x0C, 0x07, 0x00, 0x2F, 0x0C, 0x07, 0x00,
    0x07, 0x01, 0x01, 0x9A, 0x06, 0x00, 0x1D, 0x0C, 0x14, 0x00, 0x22, 0x14, 0x14, 0x00, 0x25, 0x26,
    0x14, 0x00, 0x3B, 0x2E, 0x14, 0x00, 0x3C, 0x96, 0x07, 0x00, 0x3D, 0x36, 0x14, 0x00, 0x01, 0x01,
    0x03, 0x01, 0x01, 0x9A, 0x06, 0x00, 0x22, 0xE6, 0x08, 0x00, 0x3D, 0xE6, 0x08, 0x00, 0x00, 0x02,
    0x00, 0x02, 0x00, 0x04, 0x01, 0x03, 0x01, 0x00, 0x2E, 0x0C, 0x07, 0x00, 0x03, 0x00, 0x02, 0xC6,
    0x06, 0x00, 0x27, 0xEE, 0x13, 0x00, 0x34, 0xEE, 0x13, 0x00, 0x07, 0x02, 0x01, 0x9A, 0x06, 0x00,
    0x1D, 0x70, 0x14, 0x00, 0x22, 0x76, 0x14, 0x00, 0x2B, 0x24, 0x01, 0x00, 0x30, 0x7C, 0x14, 0x00,
    0x38, 0xC6, 0x06, 0x00, 0x3D, 0x76, 0x14, 0x00, 0x00, 0x02, 0x01, 0x01, 0x00, 0x02, 0x02, 0x02,
    0x03, 0x03, 0x01, 0x00, 0x1D, 0xAC, 0x14, 0x00, 0x01, 0x02, 0x28, 0xB2, 0x14, 0x00, 0x02, 0x01,
    0x03, 0x02, 0x01, 0x01, 0x27, 0xFA, 0x06, 0x00, 0x03, 0x02, 0x02, 0x01, 0x1F, 0xD4, 0x06, 0x00,
    0x2D, 0xD4, 0x06, 0x00, 0x00, 0x01, 0x01, 0x00, 0x23, 0xA0, 0x06, 0x00, 0x03, 0x00, 0x30, 0xD4,
    0x06, 0x00, 0x33, 0x96, 0x07, 0x00, 0x39, 0x96, 0x07, 0x00, 0x01, 0x00, 0x22, 0x5A, 0x02, 0x00,
    0x05, 0x00, 0x27, 0x24, 0x01, 0x00, 0x29, 0xD4, 0x06, 0x00, 0x2A, 0xD4, 0x06, 0x00, 0x2C, 0xEA,
    0x14, 0x00, 0x2F, 0x12, 0x0B, 0x00, 0x02, 0x01, 0x28, 0xD4, 0x06, 0x00, 0x2F, 0xD0, 0x0F, 0x00,
    0x00, 0x01, 0x0F, 0x00, 0x01, 0x9A, 0x06, 0x00, 0x1E, 0xB8, 0x14, 0x00, 0x1F, 0xC2, 0x14, 0x00,
    0x21, 0xCA, 0x14, 0x00, 0x22, 0x12, 0x0B, 0x00, 0x23, 0xD6, 0x14, 0x00, 0x25, 0x72, 0x04, 0x00,
    0x27, 0xE6, 0x08, 0x00, 0x29, 0xD0, 0x0F, 0x00, 0x2C, 0x44, 0x01, 0x00, 0x2D, 0xDC, 0x14, 0x00,
    0x2E, 0xF0, 0x14, 0x00, 0x2F, 0xD6, 0x04, 0x00, 0x32, 0x06, 0x15, 0x00, 0x3B, 0xE6, 0x08, 0x00,
    0x06, 0x00, 0x02, 0x96, 0x07, 0x00, 0x1F, 0x0C, 0x07, 0x00, 0x29, 0x4A, 0x10, 0x00, 0x2E, 0xF6,
    0x06, 0x00, 0x32, 0x4A, 0x10, 0x00, 0x33, 0x96, 0x07, 0x00, 0x02, 0x00, 0x02, 0x96, 0x07, 0x00,
    0x2A, 0x4A, 0x10, 0x00, 0x07, 0x00, 0x21, 0xE6, 0x08, 0x00, 0x24, 0x22, 0x0F, 0x00, 0x25, 0xF6,
    0x06, 0x00, 0x27, 0xF6, 0x06, 0x00, 0x28, 0xF6, 0x06, 0x00, 0x2E, 0xF6, 0x06, 0x00, 0x2F, 0xF6,
    0x06, 0x00, 0x01, 0x02, 0x2F, 0xDC, 0x01, 0x00, 0x00, 0x02, 0x01, 0x01, 0x01, 0x00, 0x2A, 0x4A,
    0x10, 0x00, 0x0A, 0x00, 0x01, 0x9A, 0x06, 0x00, 0x02, 0x96, 0x07, 0x00, 0x1D, 0x50, 0x15, 0x00,
    0x22, 0x6A, 0x15, 0x00, 0x25, 0x74, 0x15, 0x00, 0x2B, 0x92, 0x15, 0x00, 0x38, 0x4A, 0x10, 0x00,
    0x3B, 0xE6, 0x08, 0x00, 0x3C, 0xF6, 0x06, 0x00, 0x3D, 0x9C, 0x15, 0x00, 0x00, 0x02, 0x00, 0x03,
    0x03, 0x03, 0x01, 0x00, 0x3C, 0xC6, 0x06, 0x00, 0x03, 0x00, 0x1D, 0xD2, 0x15, 0x00, 0x25, 0x70,
    0x14, 0x00, 0x30, 0x70, 0x14, 0x00, 0x06, 0x03, 0x01, 0x9A, 0x06, 0x00, 0x22, 0xCC, 0x15, 0x00,
    0x27, 0xD8, 0x15, 0x00, 0x2C, 0xEE, 0x13, 0x00, 0x3B, 0xEE, 0x13, 0x00, 0x3D, 0xCC, 0x15, 0x00,
    0x00, 0x02, 0x01, 0x01, 0x02, 0x02, 0x02, 0x00, 0x1E, 0x40, 0x02, 0x00, 0x35, 0x5A, 0x02, 0x00,
    0x02, 0x02, 0x01, 0x9A, 0x06, 0x00, 0x2B, 0x06, 0x16, 0x00, 0x01, 0x01, 0x02, 0x02, 0x00, 0x02,
    0x00, 0x01, 0x02, 0x01, 0x02, 0x00, 0x1D, 0x7E, 0x08, 0x00, 0x1F, 0x5A, 0x02, 0x00, 0x0A, 0x00,
    0x01, 0x9A, 0x06, 0x00, 0x1D, 0xE6, 0x08, 0x00, 0x20, 0xFA, 0x06, 0x00, 0x24, 0x1E, 0x16, 0x00,
    0x25, 0x96, 0x07, 0x00, 0x27, 0x64, 0x0B, 0x00, 0x2C, 0xFA, 0x06, 0x00, 0x2E, 0x0A, 0x0A, 0x00,
    0x32, 0x24, 0x16, 0x00, 0x34, 0xAC, 0x0A, 0x00, 0x02, 0x00, 0x01, 0x9A, 0x06, 0x00, 0x2B, 0xE6,
    0x08, 0x00, 0x01, 0x00, 0x1F, 0xEE, 0x13, 0x00, 0x02, 0x01, 0x01, 0x9A, 0x06, 0x00, 0x25, 0x62,
    0x16, 0x00, 0x00, 0x02, 0x02, 0x01, 0x01, 0x9A, 0x06, 0x00, 0x02, 0x56, 0x11, 0x00, 0x02, 0x02,
    0x01, 0x00, 0x22, 0x44, 0x01, 0x00, 0x01, 0x00, 0x2D, 0x80, 0x16, 0x00, 0x01, 0x00, 0x2A, 0xFA,
    0x06, 0x00, 0x01, 0x00, 0x28, 0xD0, 0x0F, 0x00, 0x08, 0x01, 0x01, 0x9A, 0x06, 0x00, 0x1E, 0x86,
    0x16, 0x00, 0x20, 0xD0, 0x0F, 0x00, 0x24, 0x8C, 0x16, 0x00, 0x2C, 0x44, 0x01, 0x00, 0x2F, 0xD0,
    0x0F, 0x00, 0x32, 0x44, 0x01, 0x00, 0x35, 0x92, 0x16, 0x00, 0x00, 0x01, 0x01, 0x00, 0x2A, 0xE6,
    0x08, 0x00, 0x09, 0x00, 0x01, 0x9A, 0x06, 0x00, 0x02, 0x96, 0x07, 0x00, 0x22, 0xE6, 0x08, 0x00,
    0x25, 0xBC, 0x16, 0x00, 0x2E, 0x96, 0x07, 0x00, 0x2F, 0x96, 0x07, 0x00, 0x3B, 0xE6, 0x08, 0x00,
    0x3C, 0xE6, 0x08, 0x00, 0x3D, 0xE6, 0x08, 0x00, 0x01, 0x03, 0x01, 0x9A, 0x06, 0x00, 0x00, 0x01,
    0x01, 0x02, 0x02, 0x01, 0x01, 0x02, 0x01, 0x9A, 0x06, 0x00, 0x00, 0x01, 0x01, 0x02, 0x05, 0x00,
    0x01, 0x9A, 0x06, 0x00, 0x21, 0x28, 0x01, 0x00, 0x24, 0xE6, 0x08, 0x00, 0x2D, 0xE6, 0x12, 0x00,
    0x2E, 0xE6, 0x08, 0x00, 0x21, 0x00, 0x1D, 0x64, 0x12, 0x00, 0x1E, 0xFC, 0x0D, 0x00, 0x1F, 0x98,
    0x12, 0x00, 0x20, 0xA6, 0x12, 0x00, 0x21, 0xB6, 0x12, 0x00, 0x22, 0x0A, 0x13, 0x00, 0x23, 0x50,
    0x08, 0x00, 0x24, 0x5C, 0x13, 0x00, 0x25, 0xC8, 0x13, 0x00, 0x26, 0x50, 0x08, 0x00, 0x27, 0xFA,
    0x13, 0x00, 0x28, 0x40, 0x14, 0x00, 0x29, 0x60, 0x14, 0x00, 0x2A, 0x8A, 0x14, 0x00, 0x2B, 0x12,
    0x15, 0x00, 0x2C, 0xA6, 0x12, 0x00, 0x2D, 0xA2, 0x15, 0x00, 0x2E, 0xE6, 0x15, 0x00, 0x2F, 0x10,
    0x16, 0x00, 0x30, 0x2E, 0x16, 0x00, 0x31, 0x12, 0x0E, 0x00, 0x32, 0x58, 0x16, 0x00, 0x33, 0x9A,
    0x0E, 0x00, 0x34, 0xFC, 0x0D, 0x00, 0x35, 0x68, 0x16, 0x00, 0x36, 0x9A, 0x0E, 0x00, 0x37, 0x74,
    0x16, 0x00, 0x38, 0x98, 0x16, 0x00, 0x39, 0xC2, 0x16, 0x00, 0x3A, 0xE8, 0x16, 0x00, 0x3B, 0xF4,
    0x16, 0x00, 0x3C, 0xAC, 0x11, 0x00, 0x3D, 0xFE, 0x16, 0x00, 0x00, 0x02, 0x02, 0x01, 0x04, 0x02,
    0x01, 0x00, 0x2F, 0x9A, 0x17, 0x00, 0x04, 0x01, 0x01, 0x9A, 0x06, 0x00, 0x24, 0xD4, 0x06, 0x00,
    0x2E, 0xA0, 0x17, 0x00, 0x30, 0xA0, 0x06, 0x00, 0x01, 0x02, 0x02, 0x02, 0x01, 0x9A, 0x06, 0x00,
    0x1D, 0x44, 0x01, 0x00, 0x00, 0x02, 0x01, 0x03, 0x02, 0x00, 0x01, 0x9A, 0x06, 0x00, 0x25, 0xF6,
    0x06, 0x00, 0x01, 0x00, 0x2A, 0xC6, 0x06, 0x00, 0x03, 0x00, 0x01, 0x9A, 0x06, 0x00, 0x1D, 0xD2,
    0x17, 0x00, 0x25, 0x56, 0x0F, 0x00, 0x03, 0x00, 0x1E, 0xA0, 0x06, 0x00, 0x21, 0xA0, 0x06, 0x00,
    0x2D, 0xD4, 0x06, 0x00, 0x05, 0x00, 0x01, 0x9A, 0x06, 0x00, 0x02, 0x1A, 0x0E, 0x00, 0x1E, 0x7E,
    0x08, 0x00, 0x2A, 0x1E, 0x04, 0x00, 0x2B, 0xE6, 0x17, 0x00, 0x02, 0x00, 0x28, 0xA0, 0x06, 0x00,
    0x2D, 0xFA, 0x06, 0x00, 0x02, 0x00, 0x28, 0xD4, 0x06, 0x00, 0x2F, 0x3A, 0x01, 0x00, 0x04, 0x01,
    0x01, 0x9A, 0x06, 0x00, 0x1E, 0x0A, 0x18, 0x00, 0x20, 0x12, 0x0B, 0x00, 0x2E, 0x14, 0x18, 0x00,
    0x01, 0x02, 0x01, 0x00, 0x39, 0x96, 0x07, 0x00, 0x06, 0x00, 0x02, 0x96, 0x07, 0x00, 0x1F, 0x0C,
    0x07, 0x00, 0x26, 0xF6, 0x06, 0x00, 0x29, 0x92, 0x08, 0x00, 0x2E, 0x32, 0x18, 0x00, 0x3C, 0x96,
    0x07, 0x00, 0x01, 0x01, 0x2F, 0x0C, 0x07, 0x00, 0x01, 0x01, 0x03, 0x00, 0x02, 0x96, 0x07, 0x00,
    0x2A, 0x0C, 0x07, 0x00, 0x31, 0xEE, 0x13, 0x00, 0x01, 0x00, 0x28, 0xC6, 0x06, 0x00, 0x07, 0x00,
    0x02, 0x96, 0x07, 0x00, 0x1E, 0x68, 0x18, 0x00, 0x1F, 0x96, 0x07, 0x00, 0x20, 0x96, 0x07, 0x00,
    0x22, 0x96, 0x07, 0x00, 0x26, 0x96, 0x07, 0x00, 0x3B, 0x96, 0x07, 0x00, 0x01, 0x00, 0x3B, 0x96,
    0x07, 0x00, 0x02, 0x00, 0x23, 0x0C, 0x07, 0x00, 0x27, 0x96, 0x07, 0x00, 0x09, 0x00, 0x01, 0x9A,
    0x06, 0x00, 0x1D, 0x38, 0x18, 0x00, 0x22, 0x52, 0x18, 0x00, 0x25, 0x5A, 0x18, 0x00, 0x2B, 0x6E,
    0x18, 0x00, 0x30, 0x8C, 0x18, 0x00, 0x38, 0x4A, 0x10, 0x00, 0x3C, 0x92, 0x18, 0x00, 0x3D, 0x52,
    0x18, 0x00, 0x02, 0x00, 0x1F, 0x0C, 0x07, 0x00, 0x2A, 0x0C, 0x07, 0x00, 0x05, 0x00, 0x02, 0xC6,
    0x06, 0x00, 0x1F, 0x0C, 0x07, 0x00, 0x2A, 0xC6, 0x06, 0x00, 0x2C, 0xC6, 0x06, 0x00, 0x2E, 0xC6,
    0x06, 0x00, 0x02, 0x00, 0x2D, 0x0C, 0x07, 0x00, 0x2F, 0xF2, 0x01, 0x00, 0x04, 0x00, 0x22, 0x0C,
    0x07, 0x00, 0x25, 0x0C, 0x07, 0x00, 0x2E, 0x0C, 0x07, 0x00, 0x3D, 0x0C, 0x07, 0x00, 0x02, 0x00,
    0x1F, 0x0C, 0x07, 0x00, 0x2A, 0xC6, 0x06, 0x00, 0x07, 0x00, 0x01, 0x9A, 0x06, 0x00, 0x1D, 0xC2,
    0x18, 0x00, 0x22, 0xCC, 0x18, 0x00, 0x25, 0xE2, 0x18, 0x00, 0x2B, 0xEC, 0x18, 0x00, 0x3C, 0xC6,
    0x06, 0x00, 0x3D, 0xFE, 0x18, 0x00, 0x02, 0x01, 0x28, 0xA0, 0x06, 0x00, 0x2A, 0x44, 0x01, 0x00,
    0x02, 0x01, 0x01, 0x00, 0x20, 0x3A, 0x01, 0x00, 0x05, 0x00, 0x1D, 0x7E, 0x08, 0x00, 0x21, 0xA0,
    0x06, 0x00, 0x27, 0xAC, 0x0A, 0x00, 0x2A, 0xD4, 0x06, 0x00, 0x2C, 0x1C, 0x07, 0x00, 0x0E, 0x00,
    0x01, 0x9A, 0x06, 0x00, 0x1E, 0x0A, 0x0A, 0x00, 0x1F, 0xE8, 0x0A, 0x00, 0x23, 0x50, 0x12, 0x00,
    0x24, 0x26, 0x19, 0x00, 0x25, 0x32, 0x19, 0x00, 0x26, 0x1A, 0x0E, 0x00, 0x28, 0x0C, 0x07, 0x00,
    0x29, 0x3E, 0x01, 0x00, 0x2E, 0x38, 0x19, 0x00, 0x2F, 0xE6, 0x12, 0x00, 0x30, 0xBA, 0x06, 0x00,
    0x34, 0xAC, 0x0A, 0x00, 0x3B, 0x1A, 0x0E, 0x00, 0x03, 0x00, 0x22, 0xF6, 0x06, 0x00, 0x26, 0xF6,
    0x06, 0x00, 0x2D, 0xF6, 0x06, 0x00, 0x03, 0x00, 0x20, 0xF6, 0x06, 0x00, 0x27, 0xF6, 0x06, 0x00,
    0x33, 0xF6, 0x06, 0x00, 0x01, 0x00, 0x2A, 0x56, 0x08, 0x00, 0x06, 0x00, 0x1F, 0xA4, 0x19, 0x00,
    0x27, 0xF6, 0x06, 0x00, 0x28, 0xF6, 0x06, 0x00, 0x2A, 0xF6, 0x06, 0x00, 0x2E, 0xF6, 0x06, 0x00,
    0x34, 0xF6, 0x06, 0x00, 0x07, 0x00, 0x1F, 0xF6, 0x06, 0x00, 0x24, 0x0C, 0x07, 0x00, 0x27, 0xF6,
    0x06, 0x00, 0x2A, 0xF6, 0x06, 0x00, 0x2C, 0xF6, 0x06, 0x00, 0x2F, 0xF6, 0x06, 0x00, 0x31, 0xF6,
    0x06, 0x00, 0x01, 0x00, 0x2C, 0x44, 0x01, 0x00, 0x01, 0x00, 0x1F, 0xF6, 0x06, 0x00, 0x03, 0x00,
    0x22, 0xF6, 0x06, 0x00, 0x28, 0xF6, 0x06, 0x00, 0x2F, 0xF6, 0x06, 0x00, 0x0A, 0x00, 0x01, 0x9A,
    0x06, 0x00, 0x02, 0x96, 0x07, 0x00, 0x1D, 0x88, 0x19, 0x00, 0x22, 0x96, 0x19, 0x00, 0x25, 0xAA,
    0x19, 0x00, 0x2B, 0xC4, 0x19, 0x00, 0x30, 0xE2, 0x19, 0x00, 0x38, 0xE8, 0x19, 0x00, 0x3B, 0x96,
    0x07, 0x00, 0x3C, 0xEE, 0x19, 0x00, 0x00, 0x01, 0x01, 0x04, 0x01, 0x00, 0x2D, 0xBC, 0x02, 0x00,
    0x04, 0x03, 0x01, 0x9A, 0x06, 0x00, 0x1D, 0x26, 0x1A, 0x00, 0x1E, 0x26, 0x1A, 0x00, 0x2F, 0x2A,
    0x1A, 0x00, 0x00, 0x02, 0x01, 0x03, 0x02, 0x02, 0x01, 0x01, 0x27, 0x7E, 0x08, 0x00, 0x02, 0x01,
    0x03, 0x00, 0x01, 0x9A, 0x06, 0x00, 0x1F, 0xD4, 0x06, 0x00, 0x2E, 0x48, 0x1A, 0x00, 0x21, 0x01,
    0x1D, 0xA6, 0x17, 0x00, 0x1E, 0xBA, 0x17, 0x00, 0x1F, 0xC8, 0x17, 0x00, 0x20, 0x9A, 0x0E, 0x00,
    0x21, 0xD8, 0x17, 0x00, 0x22, 0xF4, 0x17, 0x00, 0x23, 0x00, 0x0F, 0x00, 0x24, 0xFC, 0x0D, 0x00,
    0x25, 0x1E, 0x18, 0x00, 0x26, 0x50, 0x08, 0x00, 0x27, 0xFC, 0x0D, 0x00, 0x28, 0x9C, 0x18, 0x00,
    0x29, 0x00, 0x0F, 0x00, 0x2A, 0x08, 0x19, 0x00, 0x2B, 0x4E, 0x19, 0x00, 0x2C, 0x9A, 0x0E, 0x00,
    0x2D, 0xFC, 0x19, 0x00, 0x2E, 0x30, 0x1A, 0x00, 0x2F, 0x00, 0x0F, 0x00, 0x30, 0x50, 0x1A, 0x00,
    0x31, 0x9A, 0x0E, 0x00, 0x32, 0x50, 0x08, 0x00, 0x33, 0x50, 0x08, 0x00, 0x34, 0xFC, 0x0D, 0x00,
    0x35, 0x00, 0x0F, 0x00, 0x36, 0x50, 0x08, 0x00, 0x37, 0x5A, 0x11, 0x00, 0x38, 0x50, 0x08, 0x00,
    0x39, 0x50, 0x08, 0x00, 0x3A, 0x00, 0x0F, 0x00, 0x3B, 0x50, 0x08, 0x00, 0x3C, 0x50, 0x08, 0x00,
    0x3D, 0x50, 0x08, 0x00, 0x00, 0x01, 0x01, 0x00, 0x2A, 0xA0, 0x06, 0x00, 0x02, 0x00, 0x22, 0xE6,
    0x1A, 0x00, 0x2D, 0xA0, 0x06, 0x00, 0x01, 0x00, 0x2D, 0x6C, 0x01, 0x00, 0x01, 0x00, 0x2F, 0xF6,
    0x1A, 0x00, 0x07, 0x01, 0x01, 0x9A, 0x06, 0x00, 0x1E, 0x7E, 0x08, 0x00, 0x20, 0xEC, 0x1A, 0x00,
    0x24, 0xD4, 0x06, 0x00, 0x2B, 0xA0, 0x06, 0x00, 0x2E, 0xFC, 0x1A, 0x00, 0x2F, 0x28, 0x01, 0x00,
    0x00, 0x01, 0x02, 0x00, 0x2F, 0x96, 0x07, 0x00, 0x34, 0x96, 0x07, 0x00, 0x05, 0x01, 0x21, 0x4A,
    0x10, 0x00, 0x24, 0x96, 0x07, 0x00, 0x2A, 0x22, 0x1B, 0x00, 0x2E, 0x4A, 0x10, 0x00, 0x2F, 0x4A,
    0x10, 0x00, 0x00, 0x01, 0x01, 0x00, 0x39, 0xE6, 0x08, 0x00, 0x03, 0x00, 0x21, 0x96, 0x07, 0x00,
    0x24, 0xF6, 0x06, 0x00, 0x2D, 0x44, 0x1B, 0x00, 0x08, 0x01, 0x01, 0x9A, 0x06, 0x00, 0x22, 0xF6,
    0x06, 0x00, 0x25, 0x2C, 0x1B, 0x00, 0x27, 0xC6, 0x06, 0x00, 0x28, 0xF6, 0x06, 0x00, 0x2B, 0x4A,
    0x1B, 0x00, 0x3C, 0x96, 0x07, 0x00, 0x3D, 0xF6, 0x06, 0x00, 0x02, 0x02, 0x01, 0x03, 0x01, 0x9A,
    0x06, 0x00, 0x00, 0x02, 0x01, 0x01, 0x02, 0x02, 0x02, 0x00, 0x28, 0x0A, 0x0A, 0x00, 0x2D, 0x0A,
    0x0A, 0x00, 0x01, 0x00, 0x2D, 0x1A, 0x0E, 0x00, 0x04, 0x01, 0x1D, 0x78, 0x13, 0x00, 0x25, 0xA0,
    0x06, 0x00, 0x2B, 0x40, 0x02, 0x00, 0x30, 0xA0, 0x06, 0x00, 0x00, 0x03, 0x01, 0x00, 0x2B, 0x3A,
    0x01, 0x00, 0x01, 0x00, 0x22, 0x1A, 0x0E, 0x00, 0x02, 0x00, 0x21, 0xA0, 0x06, 0x00, 0x2C, 0x5A,
    0x02, 0x00, 0x01, 0x00, 0x28, 0xFA, 0x06, 0x00, 0x01, 0x00, 0x1D, 0xAC, 0x04, 0x00, 0x03, 0x00,
    0x1F, 0xAC, 0x14, 0x00, 0x27, 0x44, 0x01, 0x00, 0x2D, 0xA0, 0x06, 0x00, 0x0C, 0x01, 0x01, 0x9A,
    0x06, 0x00, 0x1E, 0x88, 0x1B, 0x00, 0x1F, 0x92, 0x1B, 0x00, 0x24, 0x98, 0x1B, 0x00, 0x25, 0xAC,
    0x1B, 0x00, 0x27, 0xAC, 0x0A, 0x00, 0x29, 0xB2, 0x1B, 0x00, 0x2B, 0xB8, 0x1B, 0x00, 0x2C, 0xC2,
    0x1B, 0x00, 0x2D, 0xC8, 0x1B, 0x00, 0x2E, 0xCE, 0x1B, 0x00, 0x32, 0xAC, 0x0A, 0x00, 0x00, 0x01,
    0x01, 0x00, 0x29, 0x0C, 0x07, 0x00, 0x00, 0x02, 0x01, 0x02, 0x02, 0x03, 0x05, 0x00, 0x01, 0x9A,
    0x06, 0x00, 0x02, 0x96, 0x07, 0x00, 0x1D, 0x10, 0x1C, 0x00, 0x29, 0x16, 0x1C, 0x00, 0x2E, 0x96,
    0x07, 0x00, 0x02, 0x00, 0x25, 0xA0, 0x06, 0x00, 0x2B, 0xA0, 0x06, 0x00, 0x05, 0x00, 0x21, 0xA0,
    0x06, 0x00, 0x24, 0x44, 0x01, 0x00, 0x28, 0x32, 0x1C, 0x00, 0x2D, 0xA0, 0x06, 0x00, 0x2E, 0xA0,
    0x06, 0x00, 0x05, 0x00, 0x1E, 0xA0, 0x06, 0x00, 0x21, 0xEA, 0x14, 0x00, 0x2D, 0xA0, 0x06, 0x00,
    0x2E, 0x24, 0x01, 0x00, 0x2F, 0xD8, 0x06, 0x00, 0x02, 0x01, 0x25, 0xA0, 0x06, 0x00, 0x2F, 0xFA,
    0x06, 0x00, 0x03, 0x02, 0x01, 0x00, 0x1F, 0x0A, 0x0A, 0x00, 0x01, 0x00, 0x2B, 0x74, 0x1C, 0x00,
    0x02, 0x00, 0x28, 0x7A, 0x1C, 0x00, 0x2F, 0xB6, 0x0D, 0x00, 0x02, 0x00, 0x2D, 0xFA, 0x06, 0x00,
    0x2F, 0xFE, 0x06, 0x00, 0x08, 0x01, 0x01, 0x9A, 0x06, 0x00, 0x1D, 0x3C, 0x1C, 0x00, 0x2B, 0x52,
    0x1C, 0x00, 0x2C, 0x68, 0x1C, 0x00, 0x2E, 0x80, 0x1C, 0x00, 0x30, 0x5A, 0x02, 0x00, 0x31, 0x8A,
    0x1C, 0x00, 0x32, 0xD4, 0x06, 0x00, 0x00, 0x01, 0x01, 0x00, 0x1F, 0x0C, 0x07, 0x00, 0x02, 0x01,
    0x01, 0x9A, 0x06, 0x00, 0x22, 0xB8, 0x1C, 0x00, 0x01, 0x01, 0x01, 0x03, 0x01, 0x9A, 0x06, 0x00,
    0x00, 0x02, 0x01, 0x03, 0x02, 0x02, 0x01, 0x00, 0x2A, 0x1A, 0x0E, 0x00, 0x02, 0x00, 0x1D, 0x3A,
    0x01, 0x00, 0x1F, 0xD6, 0x1C, 0x00, 0x02, 0x03, 0x21, 0xDC, 0x01, 0x00, 0x2E, 0x3A, 0x01, 0x00,
    0x00, 0x04, 0x01, 0x03, 0x03, 0x01, 0x01, 0x00, 0x35, 0xEE, 0x13, 0x00, 0x06, 0x02, 0x01, 0x9A,
    0x06, 0x00, 0x1D, 0xC6, 0x06, 0x00, 0x22, 0xDC, 0x1C, 0x00, 0x2B, 0xE6, 0x1C, 0x00, 0x38, 0x70,
    0x14, 0x00, 0x3C, 0xF6, 0x1C, 0x00, 0x00, 0x02, 0x01, 0x01, 0x00, 0x03, 0x00, 0x02, 0x01, 0x01,
    0x02, 0x02, 0x01, 0x00, 0x21, 0x1A, 0x1D, 0x00, 0x01, 0x01, 0x1D, 0x4A, 0x10, 0x00, 0x02, 0x02,
    0x01, 0x00, 0x1D, 0x0A, 0x0A, 0x00, 0x03, 0x00, 0x22, 0x22, 0x1D, 0x00, 0x28, 0x28, 0x1D, 0x00,
    0x2D, 0x30, 0x1D, 0x00, 0x02, 0x00, 0x28, 0x44, 0x01, 0x00, 0x29, 0xD0, 0x0F, 0x00, 0x01, 0x02,
    0x2A, 0xFA, 0x06, 0x00, 0x02, 0x01, 0x03, 0x02, 0x01, 0x01, 0x2A, 0x44, 0x01, 0x00, 0x02, 0x01,
    0x01, 0x00, 0x29, 0x96, 0x07, 0x00, 0x01, 0x00, 0x25, 0x60, 0x1D, 0x00, 0x02, 0x01, 0x22, 0x96,
    0x07, 0x00, 0x3D, 0x96, 0x07, 0x00, 0x02, 0x03, 0x02, 0x00, 0x22, 0xA0, 0x06, 0x00, 0x3D, 0xA0,
    0x06, 0x00, 0x02, 0x01, 0x28, 0x6C, 0x1D, 0x00, 0x2D, 0x78, 0x1D, 0x00, 0x03, 0x02, 0x01, 0x00,
    0x1E, 0xA0, 0x06, 0x00, 0x01, 0x00, 0x30, 0x8E, 0x1D, 0x00, 0x00, 0x02, 0x01, 0x01, 0x02, 0x02,
    0x01, 0x00, 0x2A, 0x9A, 0x1D, 0x00, 0x02, 0x00, 0x2B, 0x4A, 0x10, 0x00, 0x3C, 0x44, 0x01, 0x00,
    0x04, 0x01, 0x22, 0xA0, 0x1D, 0x00, 0x25, 0xA0, 0x1D, 0x00, 0x2A, 0xA6, 0x1D, 0x00, 0x2C, 0x44,
    0x01, 0x00, 0x02, 0x01, 0x02, 0x00, 0x25, 0x44, 0x01, 0x00, 0x3C, 0x4A, 0x10, 0x00, 0x05, 0x00,
    0x21, 0x96, 0x07, 0x00, 0x28, 0x96, 0x07, 0x00, 0x2D, 0xC4, 0x1D, 0x00, 0x37, 0x96, 0x07, 0x00,
    0x39, 0xFA, 0x06, 0x00, 0x01, 0x00, 0x28, 0x1A, 0x0E, 0x00, 0x01, 0x00, 0x38, 0xA0, 0x06, 0x00,
    0x03, 0x00, 0x1F, 0xAC, 0x14, 0x00, 0x27, 0xD0, 0x0F, 0x00, 0x28, 0xEA, 0x1D, 0x00, 0x01, 0x00,
    0x30, 0xA0, 0x06, 0x00, 0x11, 0x01, 0x01, 0x9A, 0x06, 0x00, 0x1E, 0x36, 0x1D, 0x00, 0x1F, 0x44,
    0x1D, 0x00, 0x21, 0x4E, 0x1D, 0x00, 0x23, 0x50, 0x12, 0x00, 0x24, 0x58, 0x1D, 0x00, 0x25, 0xD6,
    0x04, 0x00, 0x27, 0x88, 0x09, 0x00, 0x28, 0x66, 0x1D, 0x00, 0x29, 0xB6, 0x0D, 0x00, 0x2C, 0x82,
    0x1D, 0x00, 0x2D, 0x94, 0x1D, 0x00, 0x2E, 0xB0, 0x1D, 0x00, 0x2F, 0xCE, 0x1D, 0x00, 0x32, 0xE4,
    0x1D, 0x00, 0x35, 0xF0, 0x1D, 0x00, 0x36, 0xFE, 0x1D, 0x00, 0x00, 0x01, 0x01, 0x00, 0x35, 0xE6,
    0x08, 0x00, 0x02, 0x00, 0x1F, 0x96, 0x07, 0x00, 0x2A, 0x22, 0x0F, 0x00, 0x00, 0x03, 0x01, 0x01,
    0x03, 0x02, 0x04, 0x03, 0x09, 0x00, 0x1E, 0xF6, 0x06, 0x00, 0x1F, 0x4C, 0x1E, 0x00, 0x24, 0x52,
    0x1E, 0x00, 0x2A, 0x98, 0x0B, 0x00, 0x2D, 0xF6, 0x06, 0x00, 0x2E, 0x5C, 0x1E, 0x00, 0x32, 0xF6,
    0x06, 0x00, 0x34, 0xF6, 0x06, 0x00, 0x3B, 0x0C, 0x07, 0x00, 0x04, 0x01, 0x1D, 0xE6, 0x08, 0x00,
    0x28, 0xE6, 0x08, 0x00, 0x2A, 0x48, 0x01, 0x00, 0x38, 0xE6, 0x08, 0x00, 0x01, 0x02, 0x02, 0x00,
    0x27, 0x44, 0x01, 0x00, 0x2E, 0x0C, 0x07, 0x00, 0x07, 0x01, 0x1E, 0x0C, 0x07, 0x00, 0x23, 0x56,
    0x0F, 0x00, 0x24, 0x96, 0x07, 0x00, 0x28, 0x0C, 0x07, 0x00, 0x29, 0x8A, 0x1E, 0x00, 0x2A, 0x56,
    0x0F, 0x00, 0x2E, 0x9E, 0x1E, 0x00, 0x01, 0x01, 0x04, 0x01, 0x26, 0x0C, 0x07, 0x00, 0x2A, 0x96,
    0x07, 0x00, 0x2C, 0x0C, 0x07, 0x00, 0x32, 0x0C, 0x07, 0x00, 0x01, 0x01, 0x01, 0x00, 0x2A, 0xD0,
    0x01, 0x00, 0x01, 0x02, 0x23, 0xD0, 0x01, 0x00, 0x00, 0x01, 0x01, 0x02, 0x0B, 0x00, 0x20, 0xDC,
    0x1E, 0x00, 0x21, 0xF6, 0x06, 0x00, 0x22, 0xF6, 0x06, 0x00, 0x23, 0xE2, 0x1E, 0x00, 0x24, 0x56,
    0x0F, 0x00, 0x26, 0xF6, 0x06, 0x00, 0x28, 0xF6, 0x06, 0x00, 0x2A, 0xF6, 0x06, 0x00, 0x2E, 0xF6,
    0x06, 0x00, 0x2F, 0xF6, 0x06, 0x00, 0x3B, 0xF6, 0x06, 0x00, 0x01, 0x00, 0x26, 0x96, 0x07, 0x00,
    0x01, 0x01, 0x22, 0x1A, 0x1F, 0x00, 0x00, 0x01, 0x05, 0x00, 0x1E, 0xF6, 0x06, 0x00, 0x20, 0xE6,
    0x08, 0x00, 0x23, 0x20, 0x1F, 0x00, 0x29, 0xF6, 0x06, 0x00, 0x3B, 0xF6, 0x06, 0x00, 0x02, 0x01,
    0x1F, 0x96, 0x07, 0x00, 0x20, 0x22, 0x0F, 0x00, 0x01, 0x01, 0x03, 0x01, 0x1E, 0x0C, 0x07, 0x00,
    0x20, 0x22, 0x0F, 0x00, 0x32, 0x0C, 0x07, 0x00, 0x01, 0x01, 0x02, 0x01, 0x1D, 0xE6, 0x08, 0x00,
    0x38, 0xE6, 0x08, 0x00, 0x01, 0x02, 0x04, 0x01, 0x1E, 0x0C, 0x07, 0x00, 0x23, 0x56, 0x0F, 0x00,
    0x29, 0x5A, 0x1F, 0x00, 0x2A, 0x56, 0x0F, 0x00, 0x01, 0x01, 0x0A, 0x00, 0x01, 0x9A, 0x06, 0x00,
    0x02, 0x96, 0x07, 0x00, 0x1D, 0x64, 0x1E, 0x00, 0x22, 0xA8, 0x1E, 0x00, 0x25, 0xC8, 0x1E, 0x00,
    0x2B, 0xEC, 0x1E, 0x00, 0x30, 0x28, 0x1F, 0x00, 0x38, 0x3E, 0x1F, 0x00, 0x3C, 0x4A, 0x1F, 0x00,
    0x3D, 0x66, 0x1F, 0x00, 0x01, 0x01, 0x2A, 0xFA, 0x06, 0x00, 0x03, 0x02, 0x02, 0x03, 0x01, 0x9A,
    0x06, 0x00, 0x27, 0xA4, 0x1F, 0x00, 0x00, 0x02, 0x01, 0x01, 0x02, 0x02, 0x01, 0x02, 0x1D, 0xA0,
    0x06, 0x00, 0x00, 0x02, 0x01, 0x01, 0x01, 0x01, 0x1D, 0xA0, 0x06, 0x00, 0x02, 0x01, 0x03, 0x00,
    0x27, 0x24, 0x01, 0x00, 0x28, 0xF6, 0x06, 0x00, 0x2F, 0xC6, 0x1F, 0x00, 0x00, 0x02, 0x00, 0x02,
    0x03, 0x01, 0x01, 0x00, 0x2D, 0xDC, 0x1F, 0x00, 0x01, 0x00, 0x2F, 0x24, 0x01, 0x00, 0x0B, 0x01,
    0x01, 0x9A, 0x06, 0x00, 0x1E, 0x04, 0x13, 0x00, 0x20, 0xFA, 0x06, 0x00, 0x21, 0xBC, 0x1F, 0x00,
    0x2B, 0xA0, 0x06, 0x00, 0x2C, 0x00, 0x0B, 0x00, 0x2E, 0xCE, 0x1F, 0x00, 0x2F, 0xE2, 0x1F, 0x00,
    0x32, 0xD4, 0x06, 0x00, 0x34, 0xC4, 0x07, 0x00, 0x3A, 0xE8, 0x1F, 0x00, 0x00, 0x01, 0x04, 0x00,
    0x01, 0x9A, 0x06, 0x00, 0x22, 0x56, 0x0F, 0x00, 0x30, 0x96, 0x07, 0x00, 0x38, 0x96, 0x07, 0x00,
    0x01, 0x00, 0x29, 0x44, 0x01, 0x00, 0x04, 0x01, 0x01, 0x9A, 0x06, 0x00, 0x02, 0x56, 0x11, 0x00,
    0x22, 0x30, 0x20, 0x00, 0x3D, 0x30, 0x20, 0x00, 0x00, 0x02, 0x01, 0x01, 0x2D, 0x7E, 0x08, 0x00,
    0x00, 0x02, 0x01, 0x00, 0x22, 0x96, 0x07, 0x00, 0x00, 0x03, 0x00, 0x02, 0x02, 0x02, 0x03, 0x01,
    0x07, 0x01, 0x01, 0x9A, 0x06, 0x00, 0x20, 0x4A, 0x20, 0x00, 0x21, 0x96, 0x07, 0x00, 0x29, 0x52,
    0x20, 0x00, 0x2E, 0x58, 0x20, 0x00, 0x2F, 0x96, 0x07, 0x00, 0x36, 0x96, 0x07, 0x00, 0x00, 0x01,
    0x01, 0x01, 0x2D, 0xFA, 0x06, 0x00, 0x00, 0x01, 0x08, 0x00, 0x01, 0x9A, 0x06, 0x00, 0x02, 0x96,
    0x07, 0x00, 0x22, 0xE6, 0x08, 0x00, 0x27, 0x96, 0x07, 0x00, 0x2F, 0x96, 0x07, 0x00, 0x3B, 0xE6,
    0x08, 0x00, 0x3C, 0x80, 0x20, 0x00, 0x3D, 0xE6, 0x08, 0x00, 0x21, 0x00, 0x1D, 0x02, 0x1B, 0x00,
    0x1E, 0xFC, 0x0D, 0x00, 0x1F, 0x58, 0x1B, 0x00, 0x20, 0xA6, 0x12, 0x00, 0x21, 0x7C, 0x1B, 0x00,
    0x22, 0xDC, 0x1B, 0x00, 0x23, 0x1C, 0x1C, 0x00, 0x24, 0x7C, 0x1B, 0x00, 0x25, 0x94, 0x1C, 0x00,
    0x26, 0x50, 0x08, 0x00, 0x27, 0xFC, 0x0D, 0x00, 0x28, 0xBE, 0x1C, 0x00, 0x29, 0xCA, 0x1C, 0x00,
    0x2A, 0xFC, 0x1C, 0x00, 0x2B, 0x04, 0x1E, 0x00, 0x2C, 0x9A, 0x0E, 0x00, 0x2D, 0x7A, 0x1F, 0x00,
    0x2E, 0xAC, 0x1F, 0x00, 0x2F, 0xFC, 0x0D, 0x00, 0x30, 0xEE, 0x1F, 0x00, 0x31, 0x9A, 0x0E, 0x00,
    0x32, 0x22, 0x0D, 0x00, 0x33, 0x1E, 0x20, 0x00, 0x34, 0xFC, 0x0D, 0x00, 0x35, 0xCA, 0x1C, 0x00,
    0x36, 0x9A, 0x0E, 0x00, 0x37, 0x36, 0x20, 0x00, 0x38, 0x60, 0x20, 0x00, 0x39, 0x88, 0x20, 0x00,
    0x3A, 0x50, 0x08, 0x00, 0x3B, 0xF4, 0x16, 0x00, 0x3C, 0xAC, 0x11, 0x00, 0x3D, 0xAC, 0x11, 0x00,
    0x02, 0x01, 0x25, 0x48, 0x01, 0x00, 0x2B, 0xFA, 0x06, 0x00, 0x02, 0x02, 0x01, 0x00, 0x2D, 0x40,
    0x03, 0x00, 0x01, 0x00, 0x21, 0x3C, 0x21, 0x00, 0x05, 0x01, 0x01, 0x9A, 0x06, 0x00, 0x21, 0x30,
    0x21, 0x00, 0x24, 0xA0, 0x06, 0x00, 0x2A, 0x42, 0x21, 0x00, 0x2F, 0x28, 0x01, 0x00, 0x01, 0x01,
    0x01, 0x00, 0x2E, 0x44, 0x01, 0x00, 0x01, 0x00, 0x2A, 0xD4, 0x06, 0x00, 0x01, 0x01, 0x1F, 0xD4,
    0x06, 0x00, 0x01, 0x01, 0x07, 0x00, 0x1D, 0xF6, 0x06, 0x00, 0x22, 0x66, 0x21, 0x00, 0x25, 0xD4,
    0x06, 0x00, 0x2B, 0x6C, 0x21, 0x00, 0x38, 0xD4, 0x06, 0x00, 0x3B, 0x16, 0x1C, 0x00, 0x3D, 0x66,
    0x21, 0x00, 0x03, 0x01, 0x01, 0x9A, 0x06, 0x00, 0x1D, 0x60, 0x21, 0x00, 0x2D, 0x74, 0x21, 0x00,
    0x00, 0x02, 0x01, 0x01, 0x2D, 0x96, 0x07, 0x00, 0x01, 0x01, 0x02, 0x00, 0x25, 0x84, 0x0A, 0x00,
    0x3C, 0x9A, 0x09, 0x00, 0x01, 0x01, 0x28, 0x96, 0x07, 0x00, 0x01, 0x01, 0x01, 0x00, 0x2E, 0x6C,
    0x01, 0x00, 0x03, 0x02, 0x22, 0xD4, 0x06, 0x00, 0x26, 0xD4, 0x06, 0x00, 0x3C, 0xD4, 0x06, 0x00,
    0x00, 0x02, 0x01, 0x01, 0x04, 0x00, 0x1D, 0xBC, 0x21, 0x00, 0x22, 0xC2, 0x21, 0x00, 0x25, 0xD4,
    0x06, 0x00, 0x3D, 0x4A, 0x10, 0x00, 0x01, 0x01, 0x2B, 0xA0, 0x06, 0x00, 0x01, 0x01, 0x0C, 0x00,
    0x01, 0x9A, 0x06, 0x00, 0x22, 0xA2, 0x21, 0x00, 0x25, 0xF6, 0x06, 0x00, 0x29, 0x2E, 0x07, 0x00,
    0x2A, 0xAA, 0x21, 0x00, 0x2B, 0xB4, 0x21, 0x00, 0x2D, 0xD4, 0x21, 0x00, 0x2F, 0x0C, 0x07, 0x00,
    0x30, 0xF6, 0x06, 0x00, 0x32, 0xE6, 0x21, 0x00, 0x39, 0xF6, 0x06, 0x00, 0x3D, 0xA2, 0x21, 0x00,
    0x01, 0x00, 0x2E, 0x40, 0x02, 0x00, 0x05, 0x00, 0x1D, 0xF8, 0x07, 0x00, 0x22, 0x0C, 0x07, 0x00,
    0x25, 0x0C, 0x07, 0x00, 0x2B, 0x0C, 0x07, 0x00, 0x3D, 0x0C, 0x07, 0x00, 0x02, 0x00, 0x1D, 0xA0,
    0x06, 0x00, 0x2B, 0xA0, 0x06, 0x00, 0x00, 0x02, 0x00, 0x02, 0x02, 0x02, 0x06, 0x00, 0x01, 0x9A,
    0x06, 0x00, 0x1D, 0x20, 0x22, 0x00, 0x21, 0xA0, 0x06, 0x00, 0x28, 0x26, 0x22, 0x00, 0x2A, 0x3C,
    0x22, 0x00, 0x2D, 0x46, 0x22, 0x00, 0x01, 0x01, 0x22, 0xF6, 0x06, 0x00, 0x02, 0x02, 0x01, 0x00,
    0x25, 0xA0, 0x1D, 0x00, 0x00, 0x01, 0x05, 0x03, 0x01, 0x00, 0x30, 0x74, 0x22, 0x00, 0x01, 0x00,
    0x2B, 0x78, 0x22, 0x00, 0x04, 0x00, 0x2C, 0x78, 0x08, 0x00, 0x2F, 0xB8, 0x1C, 0x00, 0x32, 0x0C,
    0x07, 0x00, 0x36, 0xD6, 0x07, 0x00, 0x01, 0x01, 0x02, 0x0C, 0x07, 0x00, 0x01, 0x01, 0x01, 0x00,
    0x30, 0x96, 0x22, 0x00, 0x01, 0x02, 0x2B, 0xD4, 0x06, 0x00, 0x01, 0x02, 0x03, 0x02, 0x01, 0x01,
    0x2F, 0xD4, 0x06, 0x00, 0x01, 0x02, 0x05, 0x00, 0x1E, 0xA4, 0x22, 0x00, 0x1F, 0x8A, 0x0C, 0x00,
    0x20, 0x0C, 0x07, 0x00, 0x2E, 0xAE, 0x22, 0x00, 0x35, 0x56, 0x0F, 0x00, 0x09, 0x00, 0x01, 0x9A,
    0x06, 0x00, 0x1F, 0x8C, 0x0B, 0x00, 0x23, 0x66, 0x22, 0x00, 0x28, 0x6E, 0x22, 0x00, 0x2A, 0x7E,
    0x22, 0x00, 0x2B, 0x84, 0x22, 0x00, 0x2D, 0x9E, 0x22, 0x00, 0x30, 0xB6, 0x22, 0x00, 0x38, 0xF8,
    0x07, 0x00, 0x01, 0x00, 0x21, 0x0C, 0x07, 0x00, 0x02, 0x00, 0x25, 0xF2, 0x22, 0x00, 0x2D, 0x7E,
    0x08, 0x00, 0x01, 0x01, 0x2D, 0x6C, 0x01, 0x00, 0x02, 0x02, 0x01, 0x02, 0x2F, 0x02, 0x23, 0x00,
    0x02, 0x01, 0x03, 0x02, 0x05, 0x01, 0x01, 0x9A, 0x06, 0x00, 0x1F, 0xF8, 0x22, 0x00, 0x20, 0xC4,
    0x07, 0x00, 0x2E, 0x0A, 0x23, 0x00, 0x32, 0xA0, 0x06, 0x00, 0x01, 0x01, 0x01, 0x00, 0x1F, 0x26,
    0x1A, 0x00, 0x02, 0x00, 0x22, 0x2C, 0x23, 0x00, 0x25, 0xFA, 0x06, 0x00, 0x06, 0x00, 0x01, 0x9A,
    0x06, 0x00, 0x20, 0x0C, 0x07, 0x00, 0x21, 0x32, 0x23, 0x00, 0x22, 0x96, 0x07, 0x00, 0x2D, 0xD6,
    0x07, 0x00, 0x3D, 0x96, 0x07, 0x00, 0x02, 0x00, 0x1F, 0xD6, 0x04, 0x00, 0x30, 0x48, 0x01, 0x00,
    0x01, 0x00, 0x1D, 0x9A, 0x1D, 0x00, 0x01, 0x00, 0x30, 0x48, 0x01, 0x00, 0x01, 0x00, 0x2F, 0xC6,
    0x06, 0x00, 0x07, 0x00, 0x1E, 0xD4, 0x06, 0x00, 0x20, 0x0A, 0x0A, 0x00, 0x29, 0xF6, 0x06, 0x00,
    0x2C, 0xD4, 0x06, 0x00, 0x2D, 0x0A, 0x0A, 0x00, 0x2F, 0xD4, 0x06, 0x00, 0x35, 0xD4, 0x06, 0x00,
    0x01, 0x00, 0x3C, 0xA0, 0x06, 0x00, 0x02, 0x01, 0x2B, 0x44, 0x01, 0x00, 0x38, 0x44, 0x01, 0x00,
    0x02, 0x01, 0x06, 0x00, 0x21, 0x0A, 0x0A, 0x00, 0x27, 0x0A, 0x0A, 0x00, 0x2C, 0xD4, 0x06, 0x00,
    0x2E, 0x96, 0x23, 0x00, 0x32, 0x0A, 0x0A, 0x00, 0x34, 0x1C, 0x07, 0x00, 0x0C, 0x00, 0x01, 0x9A,
    0x06, 0x00, 0x1D, 0x56, 0x23, 0x00, 0x1F, 0x60, 0x23, 0x00, 0x21, 0x28, 0x01, 0x00, 0x22, 0xC6,
    0x06, 0x00, 0x24, 0x66, 0x23, 0x00, 0x25, 0x6C, 0x23, 0x00, 0x2B, 0x72, 0x23, 0x00, 0x2D, 0x90,
    0x23, 0x00, 0x30, 0xA2, 0x23, 0x00, 0x3C, 0xC6, 0x06, 0x00, 0x3D, 0xC6, 0x06, 0x00, 0x02, 0x00,
    0x28, 0x24, 0x01, 0x00, 0x2F, 0x28, 0x01, 0x00, 0x06, 0x01, 0x01, 0x9A, 0x06, 0x00, 0x20, 0x7E,
    0x08, 0x00, 0x21, 0xA0, 0x06, 0x00, 0x29, 0xA0, 0x06, 0x00, 0x2B, 0xA0, 0x06, 0x00, 0x2E, 0xEE,
    0x23, 0x00, 0x01, 0x01, 0x01, 0x01, 0x1E, 0x44, 0x01, 0x00, 0x01, 0x01, 0x01, 0x02, 0x2B, 0xA0,
    0x06, 0x00, 0x00, 0x02, 0x01, 0x01, 0x02, 0x00, 0x27, 0xD4, 0x06, 0x00, 0x2F, 0x0A, 0x0C, 0x00,
    0x08, 0x00, 0x01, 0x9A, 0x06, 0x00, 0x1D, 0x14, 0x24, 0x00, 0x24, 0xA0, 0x06, 0x00, 0x25, 0xF6,
    0x06, 0x00, 0x2B, 0x4A, 0x10, 0x00, 0x2D, 0x1C, 0x24, 0x00, 0x2E, 0x26, 0x24, 0x00, 0x30, 0xF6,
    0x06, 0x00, 0x02, 0x00, 0x27, 0x5A, 0x02, 0x00, 0x33, 0x24, 0x01, 0x00, 0x01, 0x01, 0x2E, 0x52,
    0x24, 0x00, 0x01, 0x01, 0x08, 0x00, 0x01, 0x9A, 0x06, 0x00, 0x1D, 0xF6, 0x06, 0x00, 0x22, 0x5C,
    0x24, 0x00, 0x30, 0xF6, 0x06, 0x00, 0x38, 0xF6, 0x06, 0x00, 0x3B, 0xF6, 0x06, 0x00, 0x3C, 0xC6,
    0x06, 0x00, 0x3D, 0xF6, 0x06, 0x00, 0x02, 0x00, 0x21, 0xDC, 0x01, 0x00, 0x27, 0x5A, 0x02, 0x00,
    0x01, 0x00, 0x2E, 0x24, 0x01, 0x00, 0x01, 0x00, 0x23, 0x96, 0x07, 0x00, 0x07, 0x00, 0x01, 0x9A,
    0x06, 0x00, 0x25, 0x86, 0x24, 0x00, 0x2B, 0x90, 0x24, 0x00, 0x30, 0x96, 0x24, 0x00, 0x34, 0x0C,
    0x07, 0x00, 0x38, 0xF8, 0x08, 0x00, 0x39, 0xF2, 0x22, 0x00, 0x07, 0x00, 0x01, 0x9A, 0x06, 0x00,
    0x1D, 0xC6, 0x06, 0x00, 0x21, 0xB6, 0x0D, 0x00, 0x2D, 0x4A, 0x10, 0x00, 0x2E, 0x44, 0x01, 0x00,
    0x35, 0xD0, 0x0F, 0x00, 0x3A, 0xF6, 0x06, 0x00, 0x01, 0x02, 0x2D, 0xAA, 0x01, 0x00, 0x01, 0x01,
    0x02, 0x02, 0x02, 0x00, 0x28, 0x16, 0x1C, 0x00, 0x2D, 0x2A, 0x08, 0x00, 0x01, 0x01, 0x24, 0x48,
    0x01, 0x00, 0x02, 0x02, 0x03, 0x01, 0x1D, 0xFA, 0x06, 0x00, 0x22, 0xEC, 0x24, 0x00, 0x2B, 0xA0,
    0x06, 0x00, 0x01, 0x01, 0x06, 0x00, 0x02, 0xF6, 0x06, 0x00, 0x1D, 0xF6, 0x06, 0x00, 0x25, 0xFA,
    0x06, 0x00, 0x27, 0xF6, 0x06, 0x00, 0x38, 0xF6, 0x06, 0x00, 0x39, 0xF6, 0x06, 0x00, 0x05, 0x00,
    0x02, 0xF6, 0x06, 0x00, 0x1D, 0x0C, 0x07, 0x00, 0x25, 0x0C, 0x07, 0x00, 0x2B, 0xFA, 0x06, 0x00,
    0x2E, 0xF6, 0x06, 0x00, 0x01, 0x00, 0x2B, 0x16, 0x1C, 0x00, 0x01, 0x00, 0x2F, 0x34, 0x25, 0x00,
    0x01, 0x00, 0x1D, 0x3A, 0x25, 0x00, 0x01, 0x00, 0x25, 0x16, 0x1C, 0x00, 0x01, 0x00, 0x24, 0x46,
    0x25, 0x00, 0x05, 0x01, 0x22, 0xF6, 0x06, 0x00, 0x28, 0x40, 0x25, 0x00, 0x2B, 0x4C, 0x25, 0x00,
    0x2D, 0xA0, 0x06, 0x00, 0x30, 0x28, 0x11, 0x00, 0x03, 0x02, 0x01, 0x00, 0x25, 0x9A, 0x1D, 0x00,
    0x06, 0x01, 0x1F, 0x6A, 0x25, 0x00, 0x27, 0xD4, 0x06, 0x00, 0x29, 0xF6, 0x06, 0x00, 0x2A, 0xF6,
    0x06, 0x00, 0x2F, 0xF6, 0x1A, 0x00, 0x32, 0xFA, 0x06, 0x00, 0x03, 0x02, 0x01, 0x00, 0x30, 0x44,
    0x01, 0x00, 0x02, 0x00, 0x28, 0xF6, 0x06, 0x00, 0x2D, 0x8C, 0x25, 0x00, 0x10, 0x01, 0x01, 0x9A,
    0x06, 0x00, 0x1E, 0xD8, 0x24, 0x00, 0x20, 0xE2, 0x24, 0x00, 0x21, 0xF4, 0x24, 0x00, 0x23, 0x9A,
    0x1D, 0x00, 0x25, 0x0C, 0x07, 0x00, 0x27, 0xC2, 0x1B, 0x00, 0x28, 0x04, 0x25, 0x00, 0x29, 0x0C,
    0x07, 0x00, 0x2A, 0x1E, 0x25, 0x00, 0x2C, 0x52, 0x25, 0x00, 0x2D, 0x34, 0x25, 0x00, 0x2E, 0x70,
    0x25, 0x00, 0x2F, 0x92, 0x25, 0x00, 0x34, 0x9A, 0x1D, 0x00, 0x36, 0x9A, 0x1D, 0x00, 0x00, 0x02,
    0x01, 0x01, 0x2D, 0x24, 0x01, 0x00, 0x04, 0x02, 0x01, 0x00, 0x2F, 0xE0, 0x25, 0x00, 0x01, 0x00,
    0x35, 0xD4, 0x06, 0x00, 0x01, 0x00, 0x21, 0x28, 0x07, 0x00, 0x01, 0x00, 0x36, 0xD4, 0x06, 0x00,
    0x06, 0x01, 0x1D, 0xC6, 0x06, 0x00, 0x22, 0xEE, 0x25, 0x00, 0x2B, 0xF4, 0x25, 0x00, 0x30, 0xD4,
    0x06, 0x00, 0x38, 0xC6, 0x06, 0x00, 0x3B, 0xFA, 0x25, 0x00, 0x01, 0x02, 0x00, 0x02, 0x01, 0x04,
    0x02, 0x03, 0x0A, 0x00, 0x01, 0x9A, 0x06, 0x00, 0x1D, 0xE8, 0x25, 0x00, 0x22, 0x96, 0x07, 0x00,
    0x25, 0x26, 0x0C, 0x00, 0x28, 0x00, 0x26, 0x00, 0x2A, 0x26, 0x1A, 0x00, 0x2B, 0x96, 0x07, 0x00,
    0x2E, 0x1C, 0x26, 0x00, 0x2F, 0x26, 0x1A, 0x00, 0x3D, 0x96, 0x07, 0x00, 0x01, 0x00, 0x2F, 0xD4,
    0x06, 0x00, 0x01, 0x01, 0x27, 0x4C, 0x26, 0x00, 0x01, 0x01, 0x02, 0x01, 0x22, 0xD4, 0x06, 0x00,
    0x3D, 0xD4, 0x06, 0x00, 0x01, 0x02, 0x02, 0x00, 0x2B, 0x5A, 0x02, 0x00, 0x2D, 0x24, 0x01, 0x00,
    0x01, 0x00, 0x2B, 0xDC, 0x01, 0x00, 0x01, 0x00, 0x2E, 0x70, 0x26, 0x00, 0x00, 0x02, 0x03, 0x01,
    0x04, 0x04, 0x07, 0x01, 0x02, 0xC6, 0x06, 0x00, 0x21, 0x66, 0x26, 0x00, 0x27, 0x40, 0x02, 0x00,
    0x29, 0x94, 0x02, 0x00, 0x2C, 0x5A, 0x02, 0x00, 0x2E, 0x76, 0x26, 0x00, 0x32, 0x7C, 0x26, 0x00,
    0x01, 0x01, 0x01, 0x00, 0x24, 0x48, 0x01, 0x00, 0x01, 0x01, 0x2B, 0xA2, 0x26, 0x00, 0x01, 0x01,
    0x01, 0x01, 0x28, 0xD4, 0x06, 0x00, 0x03, 0x02, 0x01, 0x00, 0x2D, 0x96, 0x07, 0x00, 0x05, 0x01,
    0x1E, 0xB0, 0x26, 0x00, 0x1F, 0x0C, 0x09, 0x00, 0x27, 0xB8, 0x26, 0x00, 0x28, 0x96, 0x07, 0x00,
    0x31, 0xDC, 0x01, 0x00, 0x01, 0x01, 0x01, 0x00, 0x27, 0xFA, 0x06, 0x00, 0x01, 0x01, 0x2C, 0xE2,
    0x09, 0x00, 0x01, 0x01, 0x01, 0x00, 0x2B, 0x5A, 0x02, 0x00, 0x02, 0x01, 0x21, 0xE4, 0x26, 0x00,
    0x27, 0x40, 0x02, 0x00, 0x01, 0x01, 0x0C, 0x00, 0x01, 0x9A, 0x06, 0x00, 0x1D, 0x52, 0x26, 0x00,
    0x1F, 0x5A, 0x26, 0x00, 0x22, 0x82, 0x26, 0x00, 0x25, 0xA8, 0x26, 0x00, 0x2B, 0xBE, 0x26, 0x00,
    0x2E, 0xD6, 0x26, 0x00, 0x30, 0xDC, 0x26, 0x00, 0x38, 0xF6, 0x06, 0x00, 0x3B, 0xF6, 0x06, 0x00,
    0x3C, 0xF6, 0x06, 0x00, 0x3D, 0xEA, 0x26, 0x00, 0x02, 0x00, 0x02, 0xD6, 0x07, 0x00, 0x28, 0xD4,
    0x06, 0x00, 0x00, 0x02, 0x01, 0x04, 0x02, 0x01, 0x01, 0x00, 0x02, 0x32, 0x27, 0x00, 0x04, 0x01,
    0x1D, 0x28, 0x27, 0x00, 0x22, 0x0C, 0x07, 0x00, 0x2B, 0xB8, 0x1C, 0x00, 0x30, 0x38, 0x27, 0x00,
    0x01, 0x01, 0x02, 0x00, 0x1F, 0xA0, 0x06, 0x00, 0x29, 0xA0, 0x06, 0x00, 0x05, 0x01, 0x1D, 0xC0,
    0x0F, 0x00, 0x25, 0xE6, 0x1A, 0x00, 0x2B, 0x52, 0x27, 0x00, 0x30, 0xF6, 0x06, 0x00, 0x38, 0xF6,
    0x06, 0x00, 0x00, 0x02, 0x00, 0x02, 0x01, 0x01, 0x02, 0x04, 0x03, 0x01, 0x22, 0xDC, 0x0A, 0x00,
    0x2B, 0xC2, 0x1B, 0x00, 0x30, 0x0C, 0x07, 0x00, 0x00, 0x02, 0x03, 0x01, 0x1D, 0xE6, 0x1A, 0x00,
    0x28, 0x0C, 0x07, 0x00, 0x30, 0xC6, 0x06, 0x00, 0x01, 0x01, 0x0B, 0x00, 0x01, 0x9A, 0x06, 0x00,
    0x1D, 0x28, 0x07, 0x00, 0x1E, 0xFE, 0x09, 0x00, 0x20, 0xF6, 0x06, 0x00, 0x27, 0x3E, 0x27, 0x00,
    0x28, 0x5C, 0x27, 0x00, 0x29, 0x74, 0x27, 0x00, 0x2B, 0xC6, 0x06, 0x00, 0x2C, 0x7A, 0x27, 0x00,
    0x2F, 0x8A, 0x27, 0x00, 0x34, 0xA0, 0x09, 0x00, 0x04, 0x00, 0x22, 0xD4, 0x06, 0x00, 0x25, 0xD4,
    0x06, 0x00, 0x2B, 0xF6, 0x06, 0x00, 0x3D, 0xD4, 0x06, 0x00, 0x01, 0x00, 0x34, 0x96, 0x07, 0x00,
    0x01, 0x01, 0x2E, 0x24, 0x01, 0x00, 0x01, 0x01, 0x01, 0x01, 0x3C, 0xA0, 0x06, 0x00, 0x02, 0x01,
    0x0C, 0x00, 0x01, 0x9A, 0x06, 0x00, 0x1D, 0xF6, 0x06, 0x00, 0x1F, 0xC8, 0x27, 0x00, 0x22, 0xDA,
    0x27, 0x00, 0x25, 0xF6, 0x06, 0x00, 0x2B, 0xE0, 0x27, 0x00, 0x2D, 0xE8, 0x27, 0x00, 0x30, 0xF6,
    0x06, 0x00, 0x38, 0xF6, 0x06, 0x00, 0x39, 0x3A, 0x0C, 0x00, 0x3B, 0xF6, 0x06, 0x00, 0x3C, 0xF6,
    0x06, 0x00, 0x01, 0x01, 0x2D, 0x5A, 0x02, 0x00, 0x00, 0x02, 0x01, 0x00, 0x28, 0xAA, 0x01, 0x00,
    0x04, 0x02, 0x01, 0x9A, 0x06, 0x00, 0x1E, 0x22, 0x28, 0x00, 0x24, 0x44, 0x01, 0x00, 0x27, 0x2A,
    0x28, 0x00, 0x01, 0x01, 0x02, 0x02, 0x01, 0x00, 0x1E, 0xDC, 0x01, 0x00, 0x04, 0x00, 0x01, 0x9A,
    0x06, 0x00, 0x25, 0x46, 0x28, 0x00, 0x28, 0xA0, 0x06, 0x00, 0x2D, 0x0A, 0x0C, 0x00, 0x01, 0x01,
    0x2B, 0xD4, 0x06, 0x00, 0x03, 0x02, 0x01, 0x00, 0x2F, 0x5E, 0x28, 0x00, 0x01, 0x00, 0x1D, 0xC2,
    0x1B, 0x00, 0x01, 0x00, 0x2C, 0xFA, 0x06, 0x00, 0x01, 0x00, 0x2B, 0x72, 0x28, 0x00, 0x02, 0x00,
    0x1E, 0xD4, 0x06, 0x00, 0x2C, 0x8C, 0x0B, 0x00, 0x02, 0x00, 0x22, 0xD4, 0x06, 0x00, 0x30, 0xD4,
    0x06, 0x00, 0x01, 0x00, 0x34, 0x0A, 0x0A, 0x00, 0x07, 0x00, 0x01, 0x9A, 0x06, 0x00, 0x1D, 0x66,
    0x28, 0x00, 0x1F, 0x6C, 0x28, 0x00, 0x28, 0x78, 0x28, 0x00, 0x2B, 0x7E, 0x28, 0x00, 0x2D, 0x88,
    0x28, 0x00, 0x30, 0x92, 0x28, 0x00, 0x02, 0x00, 0x01, 0x9A, 0x06, 0x00, 0x1F, 0x96, 0x07, 0x00,
    0x02, 0x00, 0x01, 0x9A, 0x06, 0x00, 0x28, 0xF6, 0x06, 0x00, 0x02, 0x00, 0x01, 0x9A, 0x06, 0x00,
    0x20, 0xA0, 0x06, 0x00, 0x02, 0x01, 0x01, 0x9A, 0x06, 0x00, 0x24, 0xA0, 0x06, 0x00, 0x01, 0x01,
    0x21, 0x00, 0x1D, 0x48, 0x21, 0x00, 0x1E, 0x92, 0x21, 0x00, 0x1F, 0xEE, 0x21, 0x00, 0x20, 0x4C,
    0x22, 0x00, 0x21, 0xCC, 0x22, 0x00, 0x22, 0x14, 0x23, 0x00, 0x23, 0x3C, 0x23, 0x00, 0x24, 0xBC,
    0x23, 0x00, 0x25, 0xF8, 0x23, 0x00, 0x26, 0x50, 0x08, 0x00, 0x27, 0x30, 0x24, 0x00, 0x28, 0x64,
    0x24, 0x00, 0x29, 0x9C, 0x24, 0x00, 0x2A, 0xBA, 0x24, 0x00, 0x2B, 0x9C, 0x25, 0x00, 0x2C, 0x22,
    0x26, 0x00, 0x2D, 0xF6, 0x26, 0x00, 0x2E, 0x9A, 0x27, 0x00, 0x2F, 0xF0, 0x27, 0x00, 0x30, 0x30,
    0x28, 0x00, 0x31, 0x4C, 0x28, 0x00, 0x32, 0x98, 0x28, 0x00, 0x33, 0xB6, 0x28, 0x00, 0x34, 0xC0,
    0x28, 0x00, 0x35, 0xEC, 0x0C, 0x00, 0x36, 0x50, 0x08, 0x00, 0x37, 0x50, 0x08, 0x00, 0x38, 0x50,
    0x08, 0x00, 0x39, 0x50, 0x08, 0x00, 0x3A, 0x12, 0x0E, 0x00, 0x3B, 0xCA, 0x28, 0x00, 0x3C, 0xD4,
    0x28, 0x00, 0x3D, 0x22, 0x0D, 0x00, 0x02, 0x00, 0x28, 0xA0, 0x06, 0x00, 0x2D, 0xA0, 0x06, 0x00,
    0x04, 0x00, 0x01, 0x9A, 0x06, 0x00, 0x1E, 0x66, 0x29, 0x00, 0x24, 0xD4, 0x06, 0x00, 0x2F, 0xFA,
    0x0A, 0x00, 0x05, 0x01, 0x01, 0x9A, 0x06, 0x00, 0x1D, 0x96, 0x07, 0x00, 0x25, 0x0C, 0x07, 0x00,
    0x28, 0xEE, 0x13, 0x00, 0x30, 0x0C, 0x07, 0x00, 0x02, 0x02, 0x02, 0x00, 0x27, 0x0C, 0x07, 0x00,
    0x34, 0x0C, 0x07, 0x00, 0x00, 0x01, 0x00, 0x04, 0x01, 0x00, 0x22, 0xA4, 0x29, 0x00, 0x03, 0x00,
    0x28, 0xEE, 0x13, 0x00, 0x29, 0xA8, 0x29, 0x00, 0x2C, 0x0C, 0x07, 0x00, 0x02, 0x01, 0x27, 0x70,
    0x14, 0x00, 0x34, 0x70, 0x14, 0x00, 0x01, 0x02, 0x00, 0x02, 0x00, 0x04, 0x01, 0x02, 0x09, 0x02,
    0x01, 0x9A, 0x06, 0x00, 0x1D, 0x9A, 0x29, 0x00, 0x22, 0xAE, 0x29, 0x00, 0x25, 0xBC, 0x29, 0x00,
    0x28, 0xC8, 0x29, 0x00, 0x2B, 0x5A, 0x02, 0x00, 0x30, 0x24, 0x01, 0x00, 0x39, 0xA4, 0x29, 0x00,
    0x3C, 0xEE, 0x13, 0x00, 0x00, 0x02, 0x01, 0x01, 0x02, 0x00, 0x1F, 0x0A, 0x0A, 0x00, 0x28, 0xD4,
    0x06, 0x00, 0x01, 0x02, 0x27, 0xFA, 0x06, 0x00, 0x02, 0x01, 0x03, 0x02, 0x07, 0x00, 0x01, 0x9A,
    0x06, 0x00, 0x1F, 0x1A, 0x0E, 0x00, 0x21, 0xD0, 0x0F, 0x00, 0x27, 0xF8, 0x29, 0x00, 0x2B, 0x0A,
    0x0A, 0x00, 0x2C, 0xD0, 0x0F, 0x00, 0x2E, 0x02, 0x2A, 0x00, 0x01, 0x01, 0x1F, 0x96, 0x07, 0x00,
    0x01, 0x02, 0x04, 0x00, 0x01, 0x9A, 0x06, 0x00, 0x1D, 0x96, 0x07, 0x00, 0x22, 0x2A, 0x2A, 0x00,
    0x3D, 0x0C, 0x07, 0x00, 0x03, 0x00, 0x01, 0x9A, 0x06, 0x00, 0x2B, 0xD4, 0x06, 0x00, 0x2D, 0xB8,
    0x26, 0x00, 0x03, 0x01, 0x01, 0x9A, 0x06, 0x00, 0x1D, 0xC6, 0x06, 0x00, 0x2B, 0x56, 0x0F, 0x00,
    0x01, 0x02, 0x02, 0x02, 0x01, 0x9A, 0x06, 0x00, 0x2B, 0x24, 0x01, 0x00, 0x00, 0x02, 0x01, 0x01,
    0x00, 0x04, 0x00, 0x02, 0x01, 0x01, 0x02, 0x02, 0x03, 0x01, 0x01, 0x01, 0x2E, 0x24, 0x01, 0x00,
    0x03, 0x03, 0x04, 0x00, 0x01, 0x9A, 0x06, 0x00, 0x1E, 0x4A, 0x10, 0x00, 0x2F, 0x70, 0x2A, 0x00,
    0x30, 0x7A, 0x2A, 0x00, 0x02, 0x02, 0x01, 0x9A, 0x06, 0x00, 0x2B, 0x24, 0x01, 0x00, 0x00, 0x02,
    0x02, 0x02, 0x02, 0x00, 0x01, 0x9A, 0x06, 0x00, 0x30, 0x0C, 0x07, 0x00, 0x02, 0x01, 0x01, 0x9A,
    0x06, 0x00, 0x02, 0x56, 0x11, 0x00, 0x00, 0x02, 0x04, 0x00, 0x01, 0x9A, 0x06, 0x00, 0x02, 0x96,
    0x07, 0x00, 0x2E, 0x96, 0x07, 0x00, 0x2F, 0x96, 0x07, 0x00, 0x03, 0x00, 0x01, 0x9A, 0x06, 0x00,
    0x1F, 0x1A, 0x0E, 0x00, 0x2E, 0x0A, 0x0A, 0x00, 0x21, 0x01, 0x1D, 0x70, 0x29, 0x00, 0x1E, 0x7C,
    0x1B, 0x00, 0x1F, 0xFC, 0x0D, 0x00, 0x20, 0x82, 0x29, 0x00, 0x21, 0xCE, 0x29, 0x00, 0x22, 0x0C,
    0x2A, 0x00, 0x23, 0x32, 0x2A, 0x00, 0x24, 0x7C, 0x1B, 0x00, 0x25, 0x44, 0x2A, 0x00, 0x26, 0x50,
    0x08, 0x00, 0x27, 0xFC, 0x0D, 0x00, 0x28, 0xFC, 0x0D, 0x00, 0x29, 0x52, 0x2A, 0x00, 0x2A, 0x62,
    0x2A, 0x00, 0x2B, 0x82, 0x2A, 0x00, 0x2C, 0x94, 0x2A, 0x00, 0x2D, 0xA2, 0x2A, 0x00, 0x2E, 0xFC,
    0x0D, 0x00, 0x2F, 0x50, 0x08, 0x00, 0x30, 0x50, 0x08, 0x00, 0x31, 0x9A, 0x0E, 0x00, 0x32, 0x50,
    0x08, 0x00, 0x33, 0x9A, 0x0E, 0x00, 0x34, 0xFC, 0x0D, 0x00, 0x35, 0x50, 0x08, 0x00, 0x36, 0x50,
    0x08, 0x00, 0x37, 0xAC, 0x2A, 0x00, 0x38, 0x50, 0x08, 0x00, 0x39, 0xB8, 0x2A, 0x00, 0x3A, 0x50,
    0x08, 0x00, 0x3B, 0x50, 0x08, 0x00, 0x3C, 0x50, 0x08, 0x00, 0x3D, 0xCA, 0x2A, 0x00, 0x00, 0x01,
    0x02, 0x00, 0x25, 0x7E, 0x08, 0x00, 0x30, 0xA0, 0x06, 0x00, 0x02, 0x00, 0x2D, 0x60, 0x2B, 0x00,
    0x30, 0xF6, 0x06, 0x00, 0x01, 0x00, 0x2D, 0xF6, 0x06, 0x00, 0x02, 0x00, 0x21, 0x44, 0x01, 0x00,
    0x32, 0x44, 0x01, 0x00, 0x01, 0x00, 0x28, 0x44, 0x01, 0x00, 0x01, 0x00, 0x2F, 0xF6, 0x06, 0x00,
    0x02, 0x00, 0x22, 0xFA, 0x06, 0x00, 0x3D, 0xFA, 0x06, 0x00, 0x01, 0x00, 0x2A, 0x90, 0x2B, 0x00,
    0x02, 0x02, 0x1D, 0xFA, 0x06, 0x00, 0x2E, 0x3A, 0x01, 0x00, 0x00, 0x03, 0x01, 0x02, 0x01, 0x00,
    0x24, 0x44, 0x01, 0x00, 0x03, 0x00, 0x1F, 0x44, 0x01, 0x00, 0x21, 0xD0, 0x0F, 0x00, 0x23, 0x44,
    0x01, 0x00, 0x01, 0x01, 0x2F, 0x3A, 0x01, 0x00, 0x03, 0x02, 0x01, 0x00, 0x1F, 0x1A, 0x1D, 0x00,
    0x01, 0x01, 0x1D, 0xCA, 0x2B, 0x00, 0x03, 0x02, 0x18, 0x02, 0x01, 0x9A, 0x06, 0x00, 0x1D, 0x44,
    0x01, 0x00, 0x1E, 0x44, 0x01, 0x00, 0x1F, 0x6A, 0x2B, 0x00, 0x20, 0xBC, 0x02, 0x00, 0x21, 0x74,
    0x2B, 0x00, 0x22, 0x7A, 0x2B, 0x00, 0x23, 0x50, 0x12, 0x00, 0x24, 0xD0, 0x0F, 0x00, 0x25, 0x84,
    0x2B, 0x00, 0x27, 0x8A, 0x2B, 0x00, 0x29, 0x9A, 0x2B, 0x00, 0x2A, 0xA0, 0x2B, 0x00, 0x2B, 0xAE,
    0x2B, 0x00, 0x2C, 0x44, 0x01, 0x00, 0x2D, 0xB4, 0x2B, 0x00, 0x2E, 0xC2, 0x2B, 0x00, 0x2F, 0xC2,
    0x14, 0x00, 0x30, 0x44, 0x01, 0x00, 0x32, 0xD0, 0x2B, 0x00, 0x34, 0xCE, 0x0A, 0x00, 0x35, 0xD0,
    0x0F, 0x00, 0x3B, 0x84, 0x2B, 0x00, 0x3C, 0x44, 0x01, 0x00, 0x00, 0x01, 0x02, 0x01, 0x01, 0x00,
    0x39, 0xC6, 0x06, 0x00, 0x05, 0x00, 0x02, 0x56, 0x0F, 0x00, 0x1F, 0x0C, 0x07, 0x00, 0x28, 0x3E,
    0x2C, 0x00, 0x2A, 0x0C, 0x07, 0x00, 0x3C, 0x96, 0x07, 0x00, 0x01, 0x01, 0x24, 0x0C, 0x07, 0x00,
    0x01, 0x01, 0x01, 0x00, 0x1D, 0xF6, 0x06, 0x00, 0x02, 0x01, 0x28, 0x96, 0x07, 0x00, 0x2A, 0x22,
    0x0F, 0x00, 0x01, 0x01, 0x01, 0x01, 0x3B, 0x4A, 0x10, 0x00, 0x00, 0x01, 0x0B, 0x00, 0x01, 0x9A,
    0x06, 0x00, 0x1D, 0x44, 0x2C, 0x00, 0x22, 0x5A, 0x2C, 0x00, 0x25, 0xF6, 0x06, 0x00, 0x27, 0x28,
    0x07, 0x00, 0x28, 0x62, 0x2C, 0x00, 0x2B, 0x68, 0x2C, 0x00, 0x2D, 0xF6, 0x06, 0x00, 0x30, 0x74,
    0x2C, 0x00, 0x39, 0xF6, 0x06, 0x00, 0x3D, 0x5A, 0x2C, 0x00, 0x02, 0x00, 0x1D, 0xA0, 0x06, 0x00,
    0x30, 0x0C, 0x07, 0x00, 0x04, 0x01, 0x01, 0x9A, 0x06, 0x00, 0x1D, 0xC6, 0x06, 0x00, 0x28, 0x72,
    0x07, 0x00, 0x2A, 0xAA, 0x2C, 0x00, 0x00, 0x02, 0x01, 0x00, 0x35, 0x0C, 0x07, 0x00, 0x01, 0x00,
    0x23, 0x48, 0x01, 0x00, 0x04, 0x00, 0x01, 0x9A, 0x06, 0x00, 0x1F, 0x9A, 0x1D, 0x00, 0x22, 0xC8,
    0x2C, 0x00, 0x2B, 0xCE, 0x2C, 0x00, 0x04, 0x01, 0x01, 0x9A, 0x06, 0x00, 0x1E, 0x7E, 0x08, 0x00,
    0x22, 0xB0, 0x0D, 0x00, 0x2B, 0xBA, 0x0F, 0x00, 0x00, 0x01, 0x01, 0x02, 0x01, 0x9A, 0x06, 0x00,
    0x01, 0x03, 0x02, 0x02, 0x01, 0x00, 0x02, 0x1A, 0x0E, 0x00, 0x03, 0x00, 0x24, 0xA0, 0x06, 0x00,
    0x2A, 0x2A, 0x08, 0x00, 0x2C, 0xD4, 0x06, 0x00, 0x01, 0x00, 0x2D, 0xD0, 0x0F, 0x00, 0x01, 0x00,
    0x29, 0x5A, 0x02, 0x00, 0x09, 0x01, 0x01, 0x9A, 0x06, 0x00, 0x02, 0x1A, 0x0E, 0x00, 0x26, 0x04,
    0x2D, 0x00, 0x2A, 0x8A, 0x2B, 0x00, 0x2B, 0x0A, 0x2D, 0x00, 0x2E, 0x1A, 0x0E, 0x00, 0x2F, 0x18,
    0x2D, 0x00, 0x30, 0x1E, 0x2D, 0x00, 0x34, 0x1A, 0x0E, 0x00, 0x00, 0x01, 0x01, 0x01, 0x2C, 0xDC,
    0x01, 0x00, 0x03, 0x01, 0x02, 0x02, 0x01, 0x9A, 0x06, 0x00, 0x2B, 0x4C, 0x2D, 0x00, 0x00, 0x02,
    0x01, 0x01, 0x03, 0x00, 0x1E, 0x0C, 0x07, 0x00, 0x2C, 0x0C, 0x07, 0x00, 0x2D, 0x0C, 0x07, 0x00,
    0x04, 0x01, 0x01, 0x9A, 0x06, 0x00, 0x1D, 0x58, 0x09, 0x00, 0x2B, 0x62, 0x2D, 0x00, 0x3B, 0x58,
    0x09, 0x00, 0x01, 0x01, 0x02, 0x02, 0x01, 0x9A, 0x06, 0x00, 0x2A, 0xC6, 0x06, 0x00, 0x00, 0x02,
    0x02, 0x02, 0x0A, 0x00, 0x02, 0x96, 0x07, 0x00, 0x1F, 0x0C, 0x07, 0x00, 0x22, 0x0C, 0x07, 0x00,
    0x26, 0x0C, 0x07, 0x00, 0x27, 0x0C, 0x07, 0x00, 0x2A, 0x0C, 0x07, 0x00, 0x2F, 0x0C, 0x07, 0x00,
    0x3B, 0x0C, 0x07, 0x00, 0x3C, 0x96, 0x07, 0x00, 0x3D, 0x0C, 0x07, 0x00, 0x08, 0x01, 0x01, 0x9A,
    0x06, 0x00, 0x1D, 0x92, 0x2D, 0x00, 0x22, 0x96, 0x07, 0x00, 0x25, 0x56, 0x0F, 0x00, 0x2B, 0x96,
    0x07, 0x00, 0x30, 0x96, 0x07, 0x00, 0x38, 0x56, 0x0F, 0x00, 0x3D, 0x96, 0x07, 0x00, 0x01, 0x01,
    0x02, 0x00, 0x22, 0x0C, 0x07, 0x00, 0x25, 0xA0, 0x06, 0x00, 0x01, 0x01, 0x29, 0xD0, 0x0F, 0x00,
    0x00, 0x01, 0x02, 0x00, 0x02, 0xE6, 0x08, 0x00, 0x2E, 0xF6, 0x06, 0x00, 0x02, 0x02, 0x20, 0xD4,
    0x06, 0x00, 0x23, 0xD4, 0x06, 0x00, 0x00, 0x01, 0x03, 0x02, 0x02, 0x02, 0x02, 0xE6, 0x08, 0x00,
    0x2A, 0x96, 0x07, 0x00, 0x02, 0x03, 0x03, 0x02, 0x01, 0x01, 0x2D, 0x96, 0x07, 0x00, 0x00, 0x01,
    0x02, 0x01, 0x2C, 0xAC, 0x14, 0x00, 0x2E, 0xA0, 0x06, 0x00, 0x00, 0x01, 0x03, 0x00, 0x1D, 0xA0,
    0x06, 0x00, 0x28, 0x0C, 0x07, 0x00, 0x2D, 0x0C, 0x07, 0x00, 0x00, 0x03, 0x00, 0x01, 0x01, 0x02,
    0x02, 0x03, 0x03, 0x00, 0x20, 0xF6, 0x06, 0x00, 0x22, 0x3A, 0x2E, 0x00, 0x3D, 0x3A, 0x2E, 0x00,
    0x02, 0x01, 0x2A, 0xF6, 0x06, 0x00, 0x2C, 0xD4, 0x06, 0x00, 0x03, 0x02, 0x03, 0x00, 0x22, 0x44,
    0x01, 0x00, 0x25, 0x44, 0x01, 0x00, 0x3D, 0x44, 0x01, 0x00, 0x06, 0x00, 0x1F, 0xA0, 0x06, 0x00,
    0x22, 0x0C, 0x07, 0x00, 0x27, 0xF6, 0x06, 0x00, 0x2B, 0x0C, 0x07, 0x00, 0x2D, 0x5C, 0x2E, 0x00,
    0x3D, 0x0C, 0x07, 0x00, 0x01, 0x01, 0x25, 0xA0, 0x06, 0x00, 0x03, 0x02, 0x16, 0x00, 0x01, 0x9A,
    0x06, 0x00, 0x1E, 0xE0, 0x2D, 0x00, 0x1F, 0xEA, 0x2D, 0x00, 0x20, 0xE8, 0x0A, 0x00, 0x21, 0x78,
    0x08, 0x00, 0x22, 0xE6, 0x08, 0x00, 0x24, 0x0A, 0x0A, 0x00, 0x25, 0xE6, 0x08, 0x00, 0x26, 0xE0,
    0x12, 0x00, 0x27, 0xF2, 0x2D, 0x00, 0x28, 0xFC, 0x2D, 0x00, 0x29, 0x0A, 0x2E, 0x00, 0x2A, 0x18,
    0x2E, 0x00, 0x2B, 0x20, 0x2E, 0x00, 0x2C, 0x2C, 0x2E, 0x00, 0x2D, 0x42, 0x2E, 0x00, 0x2E, 0x50,
    0x2E, 0x00, 0x2F, 0x6A, 0x2E, 0x00, 0x32, 0xE6, 0x08, 0x00, 0x35, 0x84, 0x2E, 0x00, 0x3A, 0xE6,
    0x08, 0x00, 0x3B, 0xE6, 0x08, 0x00, 0x03, 0x01, 0x27, 0x0C, 0x07, 0x00, 0x2E, 0x44, 0x01, 0x00,
    0x34, 0x0C, 0x07, 0x00, 0x01, 0x01, 0x02, 0x00, 0x2A, 0x0C, 0x07, 0x00, 0x2E, 0xF6, 0x06, 0x00,
    0x01, 0x01, 0x2E, 0xD0, 0x01, 0x00, 0x01, 0x01, 0x08, 0x00, 0x01, 0x9A, 0x06, 0x00, 0x1D, 0xE6,
    0x2E, 0x00, 0x22, 0xF6, 0x2E, 0x00, 0x25, 0xC8, 0x2C, 0x00, 0x2B, 0x00, 0x2F, 0x00, 0x30, 0xF6,
    0x06, 0x00, 0x3B, 0x0C, 0x07, 0x00, 0x3C, 0x52, 0x18, 0x00, 0x02, 0x01, 0x01, 0x9A, 0x06, 0x00,
    0x25, 0xF6, 0x06, 0x00, 0x00, 0x02, 0x02, 0x00, 0x22, 0x1A, 0x1D, 0x00, 0x2D, 0xAC, 0x14, 0x00,
    0x01, 0x01, 0x22, 0x96, 0x07, 0x00, 0x02, 0x01, 0x00, 0x03, 0x00, 0x02, 0x01, 0x01, 0x03, 0x03,
    0x03, 0x00, 0x22, 0x1A, 0x0E, 0x00, 0x2B, 0x9A, 0x1D, 0x00, 0x39, 0xA0, 0x06, 0x00, 0x01, 0x01,
    0x2D, 0xA0, 0x06, 0x00, 0x00, 0x02, 0x01, 0x00, 0x1E, 0xF6, 0x06, 0x00, 0x01, 0x00, 0x22, 0x9A,
    0x1D, 0x00, 0x01, 0x00, 0x2E, 0xA0, 0x06, 0x00, 0x01, 0x00, 0x1D, 0x72, 0x2F, 0x00, 0x0E, 0x01,
    0x01, 0x9A, 0x06, 0x00, 0x02, 0x1A, 0x0E, 0x00, 0x1E, 0x36, 0x2F, 0x00, 0x1F, 0x40, 0x2F, 0x00,
    0x20, 0x46, 0x22, 0x00, 0x22, 0x1A, 0x0E, 0x00, 0x24, 0x48, 0x2F, 0x00, 0x27, 0x64, 0x0B, 0x00,
    0x29, 0x50, 0x2F, 0x00, 0x2C, 0x5E, 0x2F, 0x00, 0x2D, 0x66, 0x2F, 0x00, 0x2F, 0x6C, 0x2F, 0x00,
    0x34, 0x78, 0x2F, 0x00, 0x3D, 0x1A, 0x0E, 0x00, 0x00, 0x01, 0x04, 0x00, 0x01, 0x9A, 0x06, 0x00,
    0x02, 0x56, 0x11, 0x00, 0x22, 0x30, 0x20, 0x00, 0x3D, 0x30, 0x20, 0x00, 0x03, 0x00, 0x22, 0x96,
    0x07, 0x00, 0x34, 0x96, 0x07, 0x00, 0x3D, 0x96, 0x07, 0x00, 0x06, 0x01, 0x01, 0x9A, 0x06, 0x00,
    0x20, 0x58, 0x20, 0x00, 0x24, 0xA0, 0x06, 0x00, 0x29, 0xCC, 0x2F, 0x00, 0x2E, 0x58, 0x20, 0x00,
    0x36, 0x96, 0x07, 0x00, 0x00, 0x01, 0x00, 0x01, 0x00, 0x06, 0x06, 0x00, 0x01, 0x9A, 0x06, 0x00,
    0x02, 0xF6, 0x2F, 0x00, 0x22, 0xE6, 0x08, 0x00, 0x25, 0xE6, 0x08, 0x00, 0x3B, 0xE6, 0x08, 0x00,
    0x3C, 0x1A, 0x0E, 0x00, 0x21, 0x00, 0x1D, 0xD8, 0x2B, 0x00, 0x1E, 0xA2, 0x0E, 0x00, 0x1F, 0x7C,
    0x2C, 0x00, 0x20, 0xB4, 0x2C, 0x00, 0x21, 0xD4, 0x2C, 0x00, 0x22, 0xE6, 0x2C, 0x00, 0x23, 0xA6,
    0x12, 0x00, 0x24, 0xFA, 0x2C, 0x00, 0x25, 0x24, 0x2D, 0x00, 0x26, 0x50, 0x08, 0x00, 0x27, 0x54,
    0x2D, 0x00, 0x28, 0x70, 0x2D, 0x00, 0x29, 0x84, 0x2D, 0x00, 0x2A, 0xBC, 0x2D, 0x00, 0x2B, 0x8C,
    0x2E, 0x00, 0x2C, 0x50, 0x08, 0x00, 0x2D, 0x08, 0x2F, 0x00, 0x2E, 0xFC, 0x0D, 0x00, 0x2F, 0x2A,
    0x2F, 0x00, 0x30, 0x7E, 0x2F, 0x00, 0x31, 0x50, 0x08, 0x00, 0x32, 0x50, 0x08, 0x00, 0x33, 0x9A,
    0x0E, 0x00, 0x34, 0x22, 0x0D, 0x00, 0x35, 0x9A, 0x0E, 0x00, 0x36, 0x50, 0x08, 0x00, 0x37, 0xBA,
    0x2F, 0x00, 0x38, 0xDA, 0x2F, 0x00, 0x39, 0xFA, 0x2F, 0x00, 0x3A, 0x50, 0x08, 0x00, 0x3B, 0xF4,
    0x16, 0x00, 0x3C, 0xAC, 0x11, 0x00, 0x3D, 0xAC, 0x11, 0x00, 0x01, 0x01, 0x2D, 0x0C, 0x07, 0x00,
    0x03, 0x02, 0x02, 0x00, 0x22, 0x0C, 0x07, 0x00, 0x25, 0x0C, 0x07, 0x00, 0x01, 0x00, 0x2B, 0xB0,
    0x0D, 0x00, 0x01, 0x01, 0x28, 0xA0, 0x06, 0x00, 0x01, 0x03, 0x02, 0x00, 0x1D, 0xB2, 0x30, 0x00,
    0x21, 0x3A, 0x01, 0x00, 0x02, 0x00, 0x1D, 0xD4, 0x06, 0x00, 0x2B, 0xD4, 0x06, 0x00, 0x02, 0x00,
    0x27, 0x0A, 0x0A, 0x00, 0x2F, 0xC4, 0x30, 0x00, 0x02, 0x00, 0x2D, 0x2E, 0x01, 0x00, 0x30, 0xC6,
    0x06, 0x00, 0x0F, 0x01, 0x01, 0x9A, 0x06, 0x00, 0x1E, 0x0C, 0x07, 0x00, 0x1F, 0x0C, 0x07, 0x00,
    0x20, 0x9A, 0x30, 0x00, 0x21, 0xA2, 0x30, 0x00, 0x24, 0xAC, 0x30, 0x00, 0x29, 0xFE, 0x1D, 0x00,
    0x2A, 0xBA, 0x30, 0x00, 0x2B, 0x44, 0x01, 0x00, 0x2C, 0x0C, 0x07, 0x00, 0x2E, 0xCE, 0x30, 0x00,
    0x2F, 0xD8, 0x30, 0x00, 0x31, 0x0C, 0x07, 0x00, 0x32, 0xD6, 0x07, 0x00, 0x33, 0x22, 0x07, 0x00,
    0x01, 0x01, 0x02, 0x02, 0x01, 0x9A, 0x06, 0x00, 0x2D, 0xD6, 0x07, 0x00, 0x00, 0x02, 0x01, 0x01,
    0x0C, 0x00, 0x01, 0x9A, 0x06, 0x00, 0x1D, 0x96, 0x24, 0x00, 0x22, 0x4A, 0x10, 0x00, 0x24, 0x16,
    0x1C, 0x00, 0x25, 0xF6, 0x06, 0x00, 0x2B, 0x4A, 0x10, 0x00, 0x2D, 0x9A, 0x1D, 0x00, 0x2E, 0x28,
    0x07, 0x00, 0x30, 0xF6, 0x06, 0x00, 0x32, 0x2A, 0x08, 0x00, 0x38, 0x96, 0x07, 0x00, 0x3D, 0x4A,
    0x10, 0x00, 0x02, 0x01, 0x22, 0x0C, 0x07, 0x00, 0x25, 0x0C, 0x07, 0x00, 0x00, 0x02, 0x01, 0x01,
    0x25, 0x48, 0x01, 0x00, 0x01, 0x02, 0x06, 0x00, 0x22, 0x66, 0x21, 0x00, 0x2B, 0xD4, 0x06, 0x00,
    0x30, 0xD4, 0x06, 0x00, 0x38, 0xD4, 0x06, 0x00, 0x3C, 0xD6, 0x07, 0x00, 0x3D, 0x66, 0x21, 0x00,
    0x06, 0x00, 0x01, 0x9A, 0x06, 0x00, 0x21, 0xA0, 0x06, 0x00, 0x22, 0xC6, 0x06, 0x00, 0x28, 0x62,
    0x31, 0x00, 0x2A, 0x6E, 0x31, 0x00, 0x2D, 0x76, 0x31, 0x00, 0x01, 0x00, 0x26, 0x0C, 0x07, 0x00,
    0x02, 0x00, 0x29, 0x24, 0x01, 0x00, 0x2F, 0x24, 0x01, 0x00, 0x01, 0x00, 0x2B, 0xB0, 0x31, 0x00,
    0x07, 0x00, 0x01, 0x9A, 0x06, 0x00, 0x1F, 0xF6, 0x06, 0x00, 0x22, 0xAA, 0x31, 0x00, 0x23, 0x9A,
    0x1D, 0x00, 0x25, 0xBA, 0x31, 0x00, 0x2D, 0xD4, 0x06, 0x00, 0x39, 0xF6, 0x06, 0x00, 0x01, 0x00,
    0x2B, 0xF2, 0x22, 0x00, 0x01, 0x01, 0x22, 0xFA, 0x06, 0x00, 0x02, 0x02, 0x01, 0x00, 0x25, 0xC6,
    0x06, 0x00, 0x01, 0x00, 0x25, 0x6C, 0x01, 0x00, 0x09, 0x01, 0x01, 0x9A, 0x06, 0x00, 0x1F, 0xDE,
    0x31, 0x00, 0x20, 0xA0, 0x06, 0x00, 0x21, 0xE4, 0x31, 0x00, 0x24, 0xFE, 0x1D, 0x00, 0x2A, 0xEC,
    0x31, 0x00, 0x2B, 0x0A, 0x0A, 0x00, 0x2C, 0xF2, 0x31, 0x00, 0x2D, 0xA0, 0x06, 0x00, 0x01, 0x01,
    0x02, 0x00, 0x01, 0x9A, 0x06, 0x00, 0x21, 0x28, 0x07, 0x00, 0x01, 0x00, 0x2A, 0x22, 0x07, 0x00,
    0x01, 0x01, 0x2B, 0x44, 0x01, 0x00, 0x01, 0x01, 0x07, 0x00, 0x01, 0x9A, 0x06, 0x00, 0x1F, 0x0A,
    0x0A, 0x00, 0x20, 0x2A, 0x32, 0x00, 0x21, 0x1E, 0x16, 0x00, 0x2A, 0xEE, 0x0A, 0x00, 0x2B, 0x30,
    0x32, 0x00, 0x2D, 0xD4, 0x06, 0x00, 0x02, 0x00, 0x01, 0x9A, 0x06, 0x00, 0x2E, 0x44, 0x01, 0x00,
    0x01, 0x02, 0x2E, 0x40, 0x02, 0x00, 0x01, 0x03, 0x02, 0x02, 0x02, 0x00, 0x1D, 0xA0, 0x06, 0x00,
    0x25, 0x0C, 0x07, 0x00, 0x01, 0x00, 0x3C, 0x0C, 0x07, 0x00, 0x02, 0x00, 0x27, 0xD4, 0x06, 0x00,
    0x2F, 0x7E, 0x08, 0x00, 0x08, 0x01, 0x01, 0x9A, 0x06, 0x00, 0x1D, 0x60, 0x32, 0x00, 0x1F, 0x6A,
    0x32, 0x00, 0x28, 0x74, 0x32, 0x00, 0x2B, 0xC6, 0x06, 0x00, 0x2D, 0x8C, 0x0B, 0x00, 0x2E, 0x7A,
    0x32, 0x00, 0x30, 0xC6, 0x06, 0x00, 0x01, 0x01, 0x01, 0x00, 0x2A, 0xE2, 0x09, 0x00, 0x01, 0x00,
    0x25, 0xA8, 0x32, 0x00, 0x02, 0x00, 0x29, 0xAE, 0x32, 0x00, 0x33, 0xE2, 0x09, 0x00, 0x01, 0x00,
    0x27, 0xDE, 0x03, 0x00, 0x01, 0x00, 0x2B, 0xBE, 0x32, 0x00, 0x01, 0x00, 0x27, 0x24, 0x01, 0x00,
    0x01, 0x00, 0x2E, 0xCA, 0x32, 0x00, 0x01, 0x00, 0x2C, 0xE2, 0x09, 0x00, 0x01, 0x01, 0x2F, 0x3A,
    0x01, 0x00, 0x01, 0x02, 0x07, 0x01, 0x01, 0x9A, 0x06, 0x00, 0x1D, 0xB4, 0x32, 0x00, 0x28, 0xC4,
    0x32, 0x00, 0x2B, 0xD0, 0x32, 0x00, 0x2C, 0x44, 0x01, 0x00, 0x30, 0xD6, 0x32, 0x00, 0x39, 0xDC,
    0x32, 0x00, 0x01, 0x01, 0x03, 0x00, 0x2B, 0x0C, 0x07, 0x00, 0x30, 0x0C, 0x07, 0x00, 0x39, 0x96,
    0x07, 0x00, 0x01, 0x00, 0x2A, 0x04, 0x33, 0x00, 0x01, 0x01, 0x1D, 0xA0, 0x06, 0x00, 0x01, 0x02,
    0x08, 0x00, 0x01, 0x9A, 0x06, 0x00, 0x1D, 0x96, 0x07, 0x00, 0x22, 0x12, 0x33, 0x00, 0x25, 0xC6,
    0x06, 0x00, 0x2B, 0x3E, 0x01, 0x00, 0x2C, 0xC2, 0x1B, 0x00, 0x2D, 0xD6, 0x07, 0x00, 0x34, 0x18,
    0x33, 0x00, 0x01, 0x00, 0x28, 0xDC, 0x01, 0x00, 0x03, 0x00, 0x27, 0xD6, 0x01, 0x00, 0x2C, 0x42,
    0x33, 0x00, 0x2E, 0x24, 0x01, 0x00, 0x01, 0x00, 0x25, 0xE6, 0x08, 0x00, 0x03, 0x01, 0x2C, 0xE6,
    0x08, 0x00, 0x2F, 0x56, 0x33, 0x00, 0x30, 0xE6, 0x08, 0x00, 0x03, 0x02, 0x07, 0x00, 0x01, 0x9A,
    0x06, 0x00, 0x21, 0x44, 0x01, 0x00, 0x23, 0xE6, 0x08, 0x00, 0x2B, 0x48, 0x33, 0x00, 0x2E, 0x5C,
    0x33, 0x00, 0x31, 0xE6, 0x08, 0x00, 0x37, 0xE6, 0x08, 0x00, 0x01, 0x01, 0x22, 0xA0, 0x06, 0x00,
    0x01, 0x01, 0x01, 0x01, 0x2B, 0xFA, 0x06, 0x00, 0x01, 0x01, 0x01, 0x00, 0x2E, 0xF6, 0x06, 0x00,
    0x01, 0x00, 0x1F, 0xC6, 0x06, 0x00, 0x01, 0x01, 0x2B, 0xA0, 0x33, 0x00, 0x01, 0x01, 0x02, 0x01,
    0x1D, 0xC6, 0x06, 0x00, 0x30, 0xD4, 0x06, 0x00, 0x01, 0x01, 0x03, 0x00, 0x1D, 0xA0, 0x06, 0x00,
    0x27, 0xC2, 0x1B, 0x00, 0x2C, 0x0A, 0x0A, 0x00, 0x04, 0x00, 0x1D, 0xF6, 0x06, 0x00, 0x1F, 0x7E,
    0x08, 0x00, 0x27, 0xF6, 0x06, 0x00, 0x2E, 0xF6, 0x06, 0x00, 0x10, 0x00, 0x01, 0x9A, 0x06, 0x00,
    0x1E, 0xE6, 0x21, 0x00, 0x1F, 0x12, 0x0B, 0x00, 0x20, 0x0C, 0x07, 0x00, 0x21, 0x8A, 0x33, 0x00,
    0x24, 0x92, 0x33, 0x00, 0x27, 0x9A, 0x33, 0x00, 0x28, 0x98, 0x0B, 0x00, 0x2A, 0xA6, 0x33, 0x00,
    0x2C, 0x8A, 0x2B, 0x00, 0x2D, 0xAE, 0x33, 0x00, 0x2E, 0xBA, 0x33, 0x00, 0x2F, 0xC8, 0x33, 0x00,
    0x30, 0x32, 0x19, 0x00, 0x32, 0x2A, 0x08, 0x00, 0x35, 0xF6, 0x06, 0x00, 0x01, 0x00, 0x27, 0xDC,
    0x01, 0x00, 0x05, 0x01, 0x01, 0x9A, 0x06, 0x00, 0x1D, 0xE8, 0x25, 0x00, 0x28, 0x90, 0x23, 0x00,
    0x2A, 0xFA, 0x06, 0x00, 0x2B, 0x1C, 0x34, 0x00, 0x00, 0x02, 0x02, 0x00, 0x2E, 0xCE, 0x0A, 0x00,
    0x30, 0xD6, 0x07, 0x00, 0x02, 0x00, 0x2E, 0x2A, 0x02, 0x00, 0x30, 0x48, 0x01, 0x00, 0x01, 0x00,
    0x24, 0x40, 0x02, 0x00, 0x07, 0x01, 0x01, 0x9A, 0x06, 0x00, 0x1D, 0x3A, 0x34, 0x00, 0x1F, 0x0C,
    0x07, 0x00, 0x23, 0x0C, 0x07, 0x00, 0x25, 0x44, 0x34, 0x00, 0x2B, 0x4E, 0x34, 0x00, 0x2D, 0xE6,
    0x08, 0x00, 0x01, 0x01, 0x00, 0x02, 0x04, 0x02, 0x05, 0x01, 0x01, 0x00, 0x21, 0x74, 0x34, 0x00,
    0x01, 0x00, 0x2A, 0x7A, 0x34, 0x00, 0x03, 0x00, 0x02, 0xFA, 0x06, 0x00, 0x29, 0xFA, 0x06, 0x00,
    0x32, 0xFA, 0x06, 0x00, 0x01, 0x00, 0x1F, 0xFA, 0x06, 0x00, 0x01, 0x00, 0x02, 0xFA, 0x06, 0x00,
    0x05, 0x01, 0x1D, 0x86, 0x34, 0x00, 0x22, 0xFA, 0x06, 0x00, 0x25, 0xFA, 0x06, 0x00, 0x2B, 0x94,
    0x34, 0x00, 0x30, 0x9A, 0x34, 0x00, 0x02, 0x01, 0x02, 0x00, 0x1D, 0x10, 0x1C, 0x00, 0x38, 0xD4,
    0x06, 0x00, 0x02, 0x00, 0x22, 0xFA, 0x06, 0x00, 0x30, 0xFA, 0x06, 0x00, 0x01, 0x00, 0x2E, 0x2A,
    0x02, 0x00, 0x01, 0x00, 0x2D, 0x16, 0x1C, 0x00, 0x00, 0x02, 0x01, 0x02, 0x03, 0x01, 0x01, 0x00,
    0x24, 0xD4, 0x06, 0x00, 0x03, 0x01, 0x1F, 0xD8, 0x34, 0x00, 0x28, 0x0C, 0x07, 0x00, 0x3C, 0xDE,
    0x34, 0x00, 0x01, 0x01, 0x0D, 0x00, 0x01, 0x9A, 0x06, 0x00, 0x1D, 0x80, 0x34, 0x00, 0x1E, 0x0C,
    0x07, 0x00, 0x21, 0x0C, 0x07, 0x00, 0x27, 0xA0, 0x34, 0x00, 0x28, 0xB8, 0x34, 0x00, 0x29, 0xC2,
    0x34, 0x00, 0x2A, 0xFE, 0x06, 0x00, 0x2B, 0xCC, 0x34, 0x00, 0x2C, 0xD2, 0x34, 0x00, 0x2E, 0x26,
    0x1A, 0x00, 0x2F, 0xE4, 0x34, 0x00, 0x39, 0x92, 0x08, 0x00, 0x04, 0x00, 0x1D, 0xFA, 0x06, 0x00,
    0x22, 0xD6, 0x07, 0x00, 0x25, 0xD4, 0x06, 0x00, 0x30, 0xD4, 0x06, 0x00, 0x02, 0x02, 0x22, 0x72,
    0x2F, 0x00, 0x2B, 0xEA, 0x08, 0x00, 0x01, 0x02, 0x02, 0x01, 0x01, 0x00, 0x34, 0xD6, 0x07, 0x00,
    0x02, 0x00, 0x3B, 0xC6, 0x06, 0x00, 0x3C, 0xC6, 0x06, 0x00, 0x07, 0x01, 0x01, 0x9A, 0x06, 0x00,
    0x1D, 0xA6, 0x05, 0x00, 0x1F, 0x2A, 0x35, 0x00, 0x29, 0x0C, 0x07, 0x00, 0x2D, 0x3C, 0x35, 0x00,
    0x30, 0x4A, 0x35, 0x00, 0x39, 0x50, 0x35, 0x00, 0x01, 0x01, 0x02, 0x02, 0x01, 0x9A, 0x06, 0x00,
    0x2C, 0xFA, 0x06, 0x00, 0x01, 0x01, 0x02, 0x02, 0x01, 0x01, 0x3B, 0xA0, 0x06, 0x00, 0x02, 0x01,
    0x03, 0x00, 0x01, 0x9A, 0x06, 0x00, 0x28, 0x88, 0x35, 0x00, 0x2D, 0x0C, 0x07, 0x00, 0x02, 0x00,
    0x21, 0x5A, 0x02, 0x00, 0x2E, 0xD6, 0x07, 0x00, 0x01, 0x02, 0x2D, 0x06, 0x03, 0x00, 0x02, 0x02,
    0x04, 0x02, 0x01, 0x00, 0x2B, 0xA8, 0x35, 0x00, 0x01, 0x02, 0x27, 0x5A, 0x02, 0x00, 0x01, 0x03,
    0x02, 0x02, 0x03, 0x00, 0x22, 0xD4, 0x06, 0x00, 0x25, 0xD4, 0x06, 0x00, 0x3D, 0xD4, 0x06, 0x00,
    0x06, 0x00, 0x01, 0x9A, 0x06, 0x00, 0x1D, 0x9E, 0x35, 0x00, 0x28, 0xB2, 0x35, 0x00, 0x2B, 0xB8,
    0x35, 0x00, 0x2D, 0xC2, 0x35, 0x00, 0x30, 0xF6, 0x06, 0x00, 0x02, 0x00, 0x25, 0xA0, 0x06, 0x00,
    0x38, 0x0C, 0x07, 0x00, 0x03, 0x00, 0x01, 0x9A, 0x06, 0x00, 0x28, 0xEA, 0x35, 0x00, 0x2F, 0x0C,
    0x07, 0x00, 0x01, 0x01, 0x1D, 0xFA, 0x06, 0x00, 0x02, 0x02, 0x04, 0x00, 0x01, 0x9A, 0x06, 0x00,
    0x28, 0x28, 0x11, 0x00, 0x2A, 0xA0, 0x06, 0x00, 0x2F, 0x02, 0x36, 0x00, 0x02, 0x01, 0x01, 0x9A,
    0x06, 0x00, 0x21, 0xA0, 0x06, 0x00, 0x01, 0x01, 0x21, 0x00, 0x1D, 0xE2, 0x30, 0x00, 0x1E, 0x22,
    0x31, 0x00, 0x1F, 0x30, 0x31, 0x00, 0x20, 0x90, 0x31, 0x00, 0x21, 0xC0, 0x31, 0x00, 0x22, 0xF8,
    0x31, 0x00, 0x23, 0x20, 0x32, 0x00, 0x24, 0x38, 0x32, 0x00, 0x25, 0x22, 0x0D, 0x00, 0x26, 0x56,
    0x32, 0x00, 0x27, 0x84, 0x32, 0x00, 0x28, 0xE4, 0x32, 0x00, 0x29, 0x20, 0x33, 0x00, 0x2A, 0x6C,
    0x33, 0x00, 0x2B, 0xDA, 0x33, 0x00, 0x2C, 0x22, 0x34, 0x00, 0x2D, 0x54, 0x34, 0x00, 0x2E, 0xF4,
    0x34, 0x00, 0x2F, 0x5A, 0x35, 0x00, 0x30, 0x7A, 0x35, 0x00, 0x31, 0x90, 0x35, 0x00, 0x32, 0xD0,
    0x35, 0x00, 0x33, 0x50, 0x08, 0x00, 0x34, 0x22, 0x0D, 0x00, 0x35, 0xF4, 0x35, 0x00, 0x36, 0x50,
    0x08, 0x00, 0x37, 0x50, 0x08, 0x00, 0x38, 0x50, 0x08, 0x00, 0x39, 0x50, 0x08, 0x00, 0x3A, 0x50,
    0x08, 0x00, 0x3B, 0x0A, 0x36, 0x00, 0x3C, 0x1C, 0x36, 0x00, 0x3D, 0x22, 0x0D, 0x00, 0x02, 0x01,
    0x01, 0x9A, 0x06, 0x00, 0x1F, 0x16, 0x1C, 0x00, 0x02, 0x02, 0x02, 0x00, 0x01, 0x9A, 0x06, 0x00,
    0x39, 0x0C, 0x07, 0x00, 0x02, 0x00, 0x01, 0x9A, 0x06, 0x00, 0x2B, 0x24, 0x01, 0x00, 0x03, 0x00,
    0x01, 0x9A, 0x06, 0x00, 0x2E, 0xD6, 0x07, 0x00, 0x2F, 0x12, 0x0B, 0x00, 0x02, 0x00, 0x01, 0x9A,
    0x06, 0x00, 0x28, 0xA0, 0x06, 0x00, 0x02, 0x00, 0x1D, 0xC6, 0x06, 0x00, 0x22, 0xA0, 0x06, 0x00,
    0x02, 0x00, 0x2B, 0x28, 0x11, 0x00, 0x30, 0x16, 0x1C, 0x00, 0x07, 0x00, 0x01, 0x9A, 0x06, 0x00,
    0x1E, 0x0C, 0x07, 0x00, 0x27, 0xE6, 0x36, 0x00, 0x29, 0xF0, 0x36, 0x00, 0x2A, 0x0C, 0x07, 0x00,
    0x31, 0x16, 0x1C, 0x00, 0x35, 0x0C, 0x07, 0x00, 0x02, 0x00, 0x01, 0x9A, 0x06, 0x00, 0x29, 0x0C,
    0x07, 0x00, 0x03, 0x00, 0x01, 0x9A, 0x06, 0x00, 0x29, 0x0C, 0x07, 0x00, 0x2E, 0xAC, 0x14, 0x00,
    0x01, 0x01, 0x01, 0x9A, 0x06, 0x00, 0x02, 0x01, 0x21, 0x02, 0x1D, 0x50, 0x08, 0x00, 0x1E, 0x50,
    0x08, 0x00, 0x1F, 0x50, 0x08, 0x00, 0x20, 0x50, 0x08, 0x00, 0x21, 0xAE, 0x36, 0x00, 0x22, 0x50,
    0x08, 0x00, 0x23, 0x50, 0x08, 0x00, 0x24, 0x50, 0x08, 0x00, 0x25, 0x50, 0x08, 0x00, 0x26, 0x50,
    0x08, 0x00, 0x27, 0xBA, 0x36, 0x00, 0x28, 0x50, 0x08, 0x00, 0x29, 0x50, 0x08, 0x00, 0x2A, 0xC4,
    0x36, 0x00, 0x2B, 0xCE, 0x36, 0x00, 0x2C, 0xDC, 0x36, 0x00, 0x2D, 0x50, 0x08, 0x00, 0x2E, 0xFA,
    0x36, 0x00, 0x2F, 0x18, 0x37, 0x00, 0x30, 0x50, 0x08, 0x00, 0x31, 0x50, 0x08, 0x00, 0x32, 0x22,
    0x37, 0x00, 0x33, 0x50, 0x08, 0x00, 0x34, 0x50, 0x08, 0x00, 0x35, 0x50, 0x08, 0x00, 0x36, 0x50,
    0x08, 0x00, 0x37, 0x50, 0x08, 0x00, 0x38, 0x50, 0x08, 0x00, 0x39, 0x50, 0x08, 0x00, 0x3A, 0x50,
    0x08, 0x00, 0x3B, 0x50, 0x08, 0x00, 0x3C, 0x30, 0x37, 0x00, 0x3D, 0x50, 0x08, 0x00, 0x00, 0x02,
    0x01, 0x01, 0x02, 0x00, 0x28, 0xA0, 0x06, 0x00, 0x2D, 0xC4, 0x07, 0x00, 0x01, 0x00, 0x22, 0xFA,
    0x06, 0x00, 0x02, 0x01, 0x2A, 0xCC, 0x37, 0x00, 0x2D, 0x7E, 0x08, 0x00, 0x01, 0x02, 0x02, 0x00,
    0x2A, 0x5A, 0x02, 0x00, 0x2B, 0xD4, 0x06, 0x00, 0x03, 0x00, 0x02, 0xE6, 0x08, 0x00, 0x2B, 0xE6,
    0x08, 0x00, 0x2E, 0xE6, 0x08, 0x00, 0x02, 0x00, 0x28, 0x7E, 0x08, 0x00, 0x2D, 0x22, 0x07, 0x00,
    0x01, 0x00, 0x2F, 0x04, 0x13, 0x00, 0x01, 0x02, 0x2F, 0xD4, 0x06, 0x00, 0x00, 0x03, 0x01, 0x02,
    0x01, 0x01, 0x2D, 0x0A, 0x0A, 0x00, 0x00, 0x01, 0x01, 0x00, 0x2F, 0x7E, 0x08, 0x00, 0x12, 0x00,
    0x01, 0x9A, 0x06, 0x00, 0x1E, 0xC2, 0x37, 0x00, 0x1F, 0xE6, 0x08, 0x00, 0x21, 0xD2, 0x37, 0x00,
    0x22, 0xE6, 0x08, 0x00, 0x24, 0xDE, 0x37, 0x00, 0x26, 0xE6, 0x08, 0x00, 0x28, 0xE8, 0x37, 0x00,
    0x29, 0xE6, 0x08, 0x00, 0x2A, 0xE6, 0x08, 0x00, 0x2C, 0xF6, 0x37, 0x00, 0x2D, 0x00, 0x38, 0x00,
    0x2E, 0x06, 0x38, 0x00, 0x2F, 0x10, 0x38, 0x00, 0x32, 0xE6, 0x08, 0x00, 0x35, 0x18, 0x38, 0x00,
    0x3B, 0xE6, 0x08, 0x00, 0x3D, 0xE6, 0x08, 0x00, 0x03, 0x00, 0x27, 0x0C, 0x07, 0x00, 0x2E, 0x0C,
    0x07, 0x00, 0x35, 0x0C, 0x07, 0x00, 0x01, 0x00, 0x24, 0x0C, 0x07, 0x00, 0x05, 0x00, 0x01, 0x9A,
    0x06, 0x00, 0x1D, 0x68, 0x38, 0x00, 0x25, 0xF6, 0x06, 0x00, 0x2B, 0x76, 0x38, 0x00, 0x30, 0xF6,
    0x06, 0x00, 0x02, 0x02, 0x01, 0x9A, 0x06, 0x00, 0x1D, 0x44, 0x01, 0x00, 0x00, 0x02, 0x01, 0x01,
    0x02, 0x00, 0x27, 0x7E, 0x08, 0x00, 0x2F, 0xEC, 0x12, 0x00, 0x05, 0x01, 0x01, 0x9A, 0x06, 0x00,
    0x1D, 0x96, 0x07, 0x00, 0x20, 0xE8, 0x0A, 0x00, 0x21, 0x28, 0x01, 0x00, 0x2E, 0xA0, 0x38, 0x00,
    0x00, 0x01, 0x01, 0x01, 0x2E, 0x6C, 0x01, 0x00, 0x02, 0x01, 0x06, 0x00, 0x01, 0x9A, 0x06, 0x00,
    0x1F, 0xE6, 0x08, 0x00, 0x2B, 0xC2, 0x38, 0x00, 0x2C, 0xE8, 0x0A, 0x00, 0x2E, 0xC2, 0x13, 0x00,
    0x2F, 0xE6, 0x08, 0x00, 0x02, 0x03, 0x01, 0x9A, 0x06, 0x00, 0x2E, 0xFA, 0x06, 0x00, 0x00, 0x02,
    0x01, 0x01, 0x02, 0x02, 0x02, 0x00, 0x02, 0x56, 0x0F, 0x00, 0x2E, 0x5C, 0x0F, 0x00, 0x01, 0x01,
    0x02, 0xC6, 0x06, 0x00, 0x00, 0x02, 0x04, 0x00, 0x02, 0x56, 0x0F, 0x00, 0x29, 0xFE, 0x38, 0x00,
    0x2A, 0xC6, 0x06, 0x00, 0x2B, 0xF6, 0x06, 0x00, 0x06, 0x00, 0x02, 0x56, 0x0F, 0x00, 0x1F, 0x56,
    0x0F, 0x00, 0x27, 0x0C, 0x07, 0x00, 0x2A, 0x0C, 0x07, 0x00, 0x2E, 0x56, 0x0F, 0x00, 0x3C, 0xC6,
    0x06, 0x00, 0x05, 0x00, 0x02, 0x56, 0x0F, 0x00, 0x24, 0x0C, 0x07, 0x00, 0x29, 0xC6, 0x06, 0x00,
    0x2E, 0x56, 0x0F, 0x00, 0x2F, 0x5A, 0x02, 0x00, 0x01, 0x00, 0x27, 0xE6, 0x08, 0x00, 0x01, 0x01,
    0x02, 0x56, 0x0F, 0x00, 0x00, 0x01, 0x03, 0x00, 0x02, 0x96, 0x07, 0x00, 0x29, 0x96, 0x07, 0x00,
    0x32, 0x96, 0x07, 0x00, 0x0B, 0x00, 0x01, 0x9A, 0x06, 0x00, 0x1D, 0xF4, 0x38, 0x00, 0x22, 0x06,
    0x39, 0x00, 0x25, 0x18, 0x39, 0x00, 0x2B, 0x32, 0x39, 0x00, 0x30, 0x48, 0x39, 0x00, 0x38, 0xC6,
    0x06, 0x00, 0x39, 0x96, 0x07, 0x00, 0x3B, 0x4E, 0x39, 0x00, 0x3C, 0x56, 0x39, 0x00, 0x3D, 0xD2,
    0x17, 0x00, 0x01, 0x00, 0x23, 0xEE, 0x13, 0x00, 0x01, 0x00, 0x2C, 0x0C, 0x07, 0x00, 0x04, 0x02,
    0x01, 0x9A, 0x06, 0x00, 0x25, 0x92, 0x39, 0x00, 0x2B, 0x98, 0x39, 0x00, 0x3C, 0x92, 0x39, 0x00,
    0x00, 0x02, 0x01, 0x01, 0x01, 0x00, 0x2D, 0xBC, 0x13, 0x00, 0x01, 0x01, 0x1D, 0x1A, 0x0E, 0x00,
    0x00, 0x01, 0x01, 0x01, 0x2D, 0xD4, 0x06, 0x00, 0x00, 0x01, 0x01, 0x00, 0x2E, 0xE6, 0x08, 0x00,
    0x01, 0x00, 0x39, 0xCA, 0x39, 0x00, 0x01, 0x00, 0x2A, 0x96, 0x07, 0x00, 0x01, 0x00, 0x25, 0xD6,
    0x39, 0x00, 0x02, 0x00, 0x1F, 0xAC, 0x14, 0x00, 0x30, 0xD4, 0x06, 0x00, 0x03, 0x01, 0x27, 0xD4,
    0x06, 0x00, 0x29, 0x5A, 0x02, 0x00, 0x2C, 0xD4, 0x06, 0x00, 0x00, 0x01, 0x00, 0x02, 0x04, 0x02,
    0x05, 0x03, 0x01, 0x00, 0x2D, 0xFC, 0x39, 0x00, 0x01, 0x00, 0x2B, 0x02, 0x3A, 0x00, 0x0F, 0x01,
    0x01, 0x9A, 0x06, 0x00, 0x1E, 0xB4, 0x39, 0x00, 0x1F, 0xBA, 0x39, 0x00, 0x21, 0xC2, 0x39, 0x00,
    0x24, 0xE6, 0x08, 0x00, 0x28, 0xD0, 0x39, 0x00, 0x29, 0xDC, 0x39, 0x00, 0x2A, 0xD0, 0x10, 0x00,
    0x2C, 0xD6, 0x04, 0x00, 0x2D, 0xE2, 0x39, 0x00, 0x2E, 0xEC, 0x39, 0x00, 0x2F, 0xBC, 0x16, 0x00,
    0x31, 0x12, 0x0B, 0x00, 0x32, 0x08, 0x3A, 0x00, 0x35, 0xE6, 0x08, 0x00, 0x01, 0x02, 0x04, 0x00,
    0x28, 0xF6, 0x06, 0x00, 0x2B, 0x24, 0x01, 0x00, 0x2E, 0x84, 0x2B, 0x00, 0x34, 0xF6, 0x06, 0x00,
    0x06, 0x00, 0x1E, 0xE6, 0x08, 0x00, 0x21, 0xF6, 0x06, 0x00, 0x24, 0x0C, 0x07, 0x00, 0x2B, 0xD0,
    0x01, 0x00, 0x2F, 0x0C, 0x07, 0x00, 0x32, 0xF6, 0x06, 0x00, 0x0B, 0x00, 0x1D, 0xF6, 0x06, 0x00,
    0x1E, 0xF6, 0x06, 0x00, 0x22, 0x0C, 0x07, 0x00, 0x27, 0xF6, 0x06, 0x00, 0x2B, 0xF6, 0x06, 0x00,
    0x2D, 0xF6, 0x06, 0x00, 0x2E, 0xF6, 0x06, 0x00, 0x31, 0xF6, 0x06, 0x00, 0x32, 0xF6, 0x06, 0x00,
    0x3A, 0xF6, 0x06, 0x00, 0x3D, 0x0C, 0x07, 0x00, 0x01, 0x00, 0x21, 0xF6, 0x06, 0x00, 0x07, 0x00,
    0x01, 0x9A, 0x06, 0x00, 0x02, 0x96, 0x07, 0x00, 0x22, 0x4E, 0x3A, 0x00, 0x25, 0x60, 0x3A, 0x00,
    0x2B, 0x7A, 0x3A, 0x00, 0x30, 0x90, 0x24, 0x00, 0x3C, 0xA8, 0x3A, 0x00, 0x01, 0x00, 0x21, 0xA8,
    0x04, 0x00, 0x01, 0x00, 0x2A, 0xCC, 0x3A, 0x00, 0x01, 0x00, 0x1E, 0x0C, 0x07, 0x00, 0x03, 0x00,
    0x25, 0xF6, 0x06, 0x00, 0x28, 0xD4, 0x06, 0x00, 0x2B, 0xF6, 0x06, 0x00, 0x02, 0x00, 0x29, 0xF6,
    0x06, 0x00, 0x2A, 0xF6, 0x06, 0x00, 0x05, 0x00, 0x1D, 0xEC, 0x3A, 0x00, 0x22, 0xFA, 0x06, 0x00,
    0x2B, 0xF6, 0x06, 0x00, 0x2D, 0xD4, 0x06, 0x00, 0x30, 0xF6, 0x06, 0x00, 0x0B, 0x01, 0x01, 0x9A,
    0x06, 0x00, 0x1D, 0xD2, 0x3A, 0x00, 0x1F, 0x16, 0x1C, 0x00, 0x20, 0xFA, 0x06, 0x00, 0x21, 0x16,
    0x1C, 0x00, 0x25, 0xD8, 0x3A, 0x00, 0x27, 0xDE, 0x3A, 0x00, 0x29, 0xFA, 0x06, 0x00, 0x2B, 0xC6,
    0x06, 0x00, 0x2F, 0xF6, 0x3A, 0x00, 0x30, 0xC6, 0x06, 0x00, 0x00, 0x02, 0x02, 0x00, 0x02, 0xEE,
    0x13, 0x00, 0x2E, 0x24, 0x01, 0x00, 0x04, 0x02, 0x01, 0x9A, 0x06, 0x00, 0x1D, 0x2A, 0x02, 0x00,
    0x2B, 0x3C, 0x3B, 0x00, 0x2D, 0xA0, 0x06, 0x00, 0x00, 0x02, 0x01, 0x01, 0x01, 0x00, 0x3C, 0xE6,
    0x08, 0x00, 0x02, 0x00, 0x28, 0x24, 0x01, 0x00, 0x2D, 0x7E, 0x08, 0x00, 0x01, 0x01, 0x2B, 0xFA,
    0x06, 0x00, 0x00, 0x01, 0x02, 0x00, 0x27, 0x24, 0x01, 0x00, 0x2F, 0xD4, 0x06, 0x00, 0x01, 0x01,
    0x39, 0xFA, 0x06, 0x00, 0x00, 0x01, 0x01, 0x00, 0x22, 0xE6, 0x08, 0x00, 0x02, 0x00, 0x2F, 0xE6,
    0x08, 0x00, 0x36, 0x1A, 0x0E, 0x00, 0x0D, 0x01, 0x01, 0x9A, 0x06, 0x00, 0x1F, 0x0A, 0x0C, 0x00,
    0x22, 0x1A, 0x0E, 0x00, 0x26, 0xE6, 0x08, 0x00, 0x28, 0x5C, 0x3B, 0x00, 0x29, 0x1A, 0x0E, 0x00,
    0x2C, 0x62, 0x3B, 0x00, 0x2D, 0x6C, 0x3B, 0x00, 0x2E, 0x74, 0x3B, 0x00, 0x2F, 0x7E, 0x3B, 0x00,
    0x34, 0x86, 0x3B, 0x00, 0x3B, 0x8C, 0x3B, 0x00, 0x3D, 0x1A, 0x0E, 0x00, 0x01, 0x02, 0x01, 0x01,
    0x01, 0x9A, 0x06, 0x00, 0x01, 0x02, 0x21, 0x00, 0x1D, 0x1E, 0x38, 0x00, 0x1E, 0xFC, 0x0D, 0x00,
    0x1F, 0x7C, 0x38, 0x00, 0x20, 0x9A, 0x0E, 0x00, 0x21, 0x92, 0x38, 0x00, 0x22, 0xAA, 0x38, 0x00,
    0x23, 0x50, 0x08, 0x00, 0x24, 0xFC, 0x0D, 0x00, 0x25, 0xCA, 0x38, 0x00, 0x26, 0x50, 0x08, 0x00,
    0x27, 0xE4, 0x38, 0x00, 0x28, 0x64, 0x39, 0x00, 0x29, 0x9A, 0x0E, 0x00, 0x2A, 0x9E, 0x39, 0x00,
    0x2B, 0x0E, 0x3A, 0x00, 0x2C, 0x9A, 0x0E, 0x00, 0x2D, 0xAE, 0x3A, 0x00, 0x2E, 0x0C, 0x3B, 0x00,
    0x2F, 0x46, 0x3B, 0x00, 0x30, 0x96, 0x3B, 0x00, 0x31, 0x9A, 0x0E, 0x00, 0x32, 0x7C, 0x1B, 0x00,
    0x33, 0x9A, 0x0E, 0x00, 0x34, 0xFC, 0x0D, 0x00, 0x35, 0x9A, 0x0E, 0x00, 0x36, 0x50, 0x08, 0x00,
    0x37, 0x5A, 0x11, 0x00, 0x38, 0x50, 0x08, 0x00, 0x39, 0xAC, 0x11, 0x00, 0x3A, 0x50, 0x08, 0x00,
    0x3B, 0xCE, 0x3B, 0x00, 0x3C, 0x50, 0x08, 0x00, 0x3D, 0xAC, 0x11, 0x00, 0x03, 0x00, 0x22, 0x96,
    0x07, 0x00, 0x28, 0xA0, 0x06, 0x00, 0x2D, 0x7E, 0x08, 0x00, 0x02, 0x00, 0x2B, 0x96, 0x07, 0x00,
    0x2D, 0xA0, 0x06, 0x00, 0x01, 0x00, 0x20, 0x7E, 0x08, 0x00, 0x01, 0x00, 0x1D, 0x74, 0x3C, 0x00,
    0x01, 0x01, 0x2D, 0x44, 0x01, 0x00, 0x01, 0x02, 0x02, 0x00, 0x02, 0xE6, 0x08, 0x00, 0x25, 0xE0,
    0x12, 0x00, 0x08, 0x00, 0x1D, 0xD4, 0x06, 0x00, 0x1F, 0x6C, 0x01, 0x00, 0x22, 0xD4, 0x06, 0x00,
    0x2B, 0xD4, 0x06, 0x00, 0x2D, 0xEC, 0x12, 0x00, 0x30, 0xD4, 0x06, 0x00, 0x3C, 0xD4, 0x06, 0x00,
    0x3D, 0xD4, 0x06, 0x00, 0x01, 0x00, 0x2F, 0x92, 0x3C, 0x00, 0x01, 0x01, 0x2E, 0xA0, 0x06, 0x00,
    0x03, 0x01, 0x11, 0x00, 0x01, 0x9A, 0x06, 0x00, 0x02, 0xE6, 0x08, 0x00, 0x1E, 0x5C, 0x3C, 0x00,
    0x20, 0x6A, 0x3C, 0x00, 0x21, 0x7A, 0x3C, 0x00, 0x22, 0xE6, 0x08, 0x00, 0x23, 0x50, 0x12, 0x00,
    0x24, 0x8C, 0x0B, 0x00, 0x27, 0x80, 0x3C, 0x00, 0x29, 0x88, 0x3C, 0x00, 0x2A, 0x42, 0x21, 0x00,
    0x2E, 0xB4, 0x3C, 0x00, 0x2F, 0x10, 0x0A, 0x00, 0x30, 0xBA, 0x3C, 0x00, 0x31, 0x12, 0x0B, 0x00,
    0x32, 0x1E, 0x16, 0x00, 0x3C, 0xE6, 0x08, 0x00, 0x02, 0x01, 0x01, 0x9A, 0x06, 0x00, 0x2D, 0xF6,
    0x06, 0x00, 0x00, 0x02, 0x05, 0x00, 0x01, 0x9A, 0x06, 0x00, 0x22, 0xF6, 0x06, 0x00, 0x25, 0xF6,
    0x06, 0x00, 0x2B, 0xF6, 0x06, 0x00, 0x30, 0xF6, 0x06, 0x00, 0x01, 0x00, 0x28, 0x22, 0x0F, 0x00,
    0x04, 0x00, 0x01, 0x9A, 0x06, 0x00, 0x1D, 0x2A, 0x3D, 0x00, 0x28, 0x0C, 0x07, 0x00, 0x2B, 0x24,
    0x01, 0x00, 0x01, 0x00, 0x1D, 0x24, 0x01, 0x00, 0x02, 0x00, 0x28, 0xD4, 0x06, 0x00, 0x2D, 0x42,
    0x3D, 0x00, 0x01, 0x00, 0x28, 0x7E, 0x08, 0x00, 0x02, 0x00, 0x23, 0xD4, 0x06, 0x00, 0x2B, 0xFA,
    0x06, 0x00, 0x00, 0x03, 0x02, 0x01, 0x03, 0x02, 0x04, 0x03, 0x02, 0x00, 0x2B, 0x62, 0x3D, 0x00,
    0x2D, 0xD4, 0x06, 0x00, 0x02, 0x00, 0x2A, 0x4C, 0x26, 0x00, 0x2E, 0x0A, 0x0A, 0x00, 0x01, 0x01,
    0x1D, 0x28, 0x11, 0x00, 0x02, 0x02, 0x04, 0x00, 0x1E, 0xA0, 0x06, 0x00, 0x27, 0x7E, 0x3D, 0x00,
    0x28, 0x0A, 0x0A, 0x00, 0x2C, 0x0A, 0x0C, 0x00, 0x02, 0x00, 0x1F, 0xD4, 0x06, 0x00, 0x2D, 0x0A,
    0x0A, 0x00, 0x0D, 0x00, 0x01, 0x9A, 0x06, 0x00, 0x02, 0xE6, 0x08, 0x00, 0x1F, 0x48, 0x3D, 0x00,
    0x20, 0x52, 0x3D, 0x00, 0x21, 0x58, 0x3D, 0x00, 0x24, 0x6A, 0x3D, 0x00, 0x27, 0x00, 0x0B, 0x00,
    0x29, 0xD6, 0x39, 0x00, 0x2A, 0xE6, 0x08, 0x00, 0x2B, 0x74, 0x3D, 0x00, 0x2E, 0x86, 0x3D, 0x00,
    0x2F, 0x98, 0x3D, 0x00, 0x32, 0xC2, 0x39, 0x00, 0x02, 0x00, 0x01, 0x9A, 0x06, 0x00, 0x2B, 0xF6,
    0x06, 0x00, 0x02, 0x00, 0x2B, 0x1A, 0x0E, 0x00, 0x38, 0x1A, 0x0E, 0x00, 0x02, 0x00, 0x28, 0x44,
    0x01, 0x00, 0x2D, 0x2A, 0x08, 0x00, 0x01, 0x00, 0x2C, 0x96, 0x07, 0x00, 0x02, 0x00, 0x29, 0x5A,
    0x02, 0x00, 0x2C, 0x4A, 0x10, 0x00, 0x03, 0x00, 0x1F, 0xAC, 0x14, 0x00, 0x28, 0xD4, 0x06, 0x00,
    0x2D, 0xD4, 0x06, 0x00, 0x0D, 0x01, 0x01, 0x9A, 0x06, 0x00, 0x1D, 0x30, 0x20, 0x00, 0x1F, 0xE2,
    0x3D, 0x00, 0x20, 0xEC, 0x3D, 0x00, 0x22, 0x04, 0x13, 0x00, 0x27, 0xB0, 0x0D, 0x00, 0x29, 0xF6,
    0x3D, 0x00, 0x2B, 0x90, 0x24, 0x00, 0x2C, 0xE8, 0x0A, 0x00, 0x2E, 0xFC, 0x3D, 0x00, 0x2F, 0xB0,
    0x0D, 0x00, 0x30, 0x1E, 0x2D, 0x00, 0x32, 0x06, 0x3E, 0x00, 0x00, 0x01, 0x03, 0x02, 0x01, 0x9A,
    0x06, 0x00, 0x1F, 0xA0, 0x06, 0x00, 0x28, 0xD6, 0x07, 0x00, 0x00, 0x02, 0x01, 0x01, 0x03, 0x02,
    0x01, 0x9A, 0x06, 0x00, 0x39, 0x0C, 0x07, 0x00, 0x3B, 0x24, 0x01, 0x00, 0x00, 0x02, 0x01, 0x01,
    0x02, 0x02, 0x01, 0x9A, 0x06, 0x00, 0x25, 0x80, 0x16, 0x00, 0x00, 0x02, 0x01, 0x01, 0x02, 0x00,
    0x28, 0xA0, 0x06, 0x00, 0x2D, 0x0A, 0x0A, 0x00, 0x01, 0x00, 0x3C, 0x96, 0x07, 0x00, 0x01, 0x00,
    0x21, 0x1A, 0x0E, 0x00, 0x03, 0x00, 0x25, 0x88, 0x3E, 0x00, 0x28, 0xA0, 0x06, 0x00, 0x2B, 0x8E,
    0x3E, 0x00, 0x02, 0x00, 0x21, 0xAC, 0x14, 0x00, 0x2B, 0xBC, 0x21, 0x00, 0x01, 0x00, 0x1F, 0xD4,
    0x06, 0x00, 0x01, 0x00, 0x30, 0x78, 0x13, 0x00, 0x01, 0x01, 0x1D, 0x5A, 0x02, 0x00, 0x02, 0x02,
    0x02, 0x00, 0x1D, 0xB2, 0x3E, 0x00, 0x28, 0xB8, 0x3E, 0x00, 0x01, 0x00, 0x1D, 0xD0, 0x10, 0x00,
    0x03, 0x00, 0x1F, 0xA0, 0x06, 0x00, 0x20, 0x4A, 0x10, 0x00, 0x30, 0xD4, 0x06, 0x00, 0x02, 0x00,
    0x27, 0x24, 0x01, 0x00, 0x2C, 0x0A, 0x0A, 0x00, 0x02, 0x00, 0x21, 0x96, 0x07, 0x00, 0x2D, 0x44,
    0x01, 0x00, 0x0E, 0x01, 0x01, 0x9A, 0x06, 0x00, 0x1E, 0x7E, 0x3E, 0x00, 0x1F, 0x94, 0x3E, 0x00,
    0x20, 0xA2, 0x3E, 0x00, 0x21, 0x78, 0x08, 0x00, 0x22, 0xD6, 0x39, 0x00, 0x24, 0xAC, 0x3E, 0x00,
    0x27, 0xC0, 0x3E, 0x00, 0x2C, 0xCA, 0x3E, 0x00, 0x2D, 0xD0, 0x3E, 0x00, 0x2E, 0xDE, 0x3E, 0x00,
    0x2F, 0xE8, 0x3E, 0x00, 0x35, 0xE8, 0x0A, 0x00, 0x3D, 0xD6, 0x39, 0x00, 0x00, 0x01, 0x02, 0x03,
    0x01, 0x9A, 0x06, 0x00, 0x1E, 0xFA, 0x06, 0x00, 0x00, 0x02, 0x01, 0x01, 0x02, 0x02, 0x00, 0x02,
    0x02, 0x01, 0x03, 0x04, 0x01, 0x00, 0x2D, 0x3E, 0x3F, 0x00, 0x01, 0x00, 0x2B, 0xD0, 0x0F, 0x00,
    0x01, 0x00, 0x28, 0x4A, 0x3F, 0x00, 0x00, 0x02, 0x02, 0x03, 0x03, 0x04, 0x01, 0x01, 0x2A, 0x56,
    0x3F, 0x00, 0x02, 0x01, 0x01, 0x00, 0x39, 0xFA, 0x06, 0x00, 0x10, 0x00, 0x01, 0x9A, 0x06, 0x00,
    0x02, 0xE6, 0x08, 0x00, 0x1E, 0x78, 0x08, 0x00, 0x1F, 0xD4, 0x06, 0x00, 0x20, 0xFA, 0x06, 0x00,
    0x21, 0x44, 0x3F, 0x00, 0x22, 0xE6, 0x08, 0x00, 0x24, 0x66, 0x21, 0x00, 0x27, 0x78, 0x08, 0x00,
    0x2A, 0xE6, 0x08, 0x00, 0x2B, 0xCA, 0x07, 0x00, 0x2C, 0x50, 0x3F, 0x00, 0x2E, 0x5C, 0x3F, 0x00,
    0x2F, 0x64, 0x3F, 0x00, 0x3B, 0xE6, 0x08, 0x00, 0x3D, 0xE6, 0x08, 0x00, 0x02, 0x03, 0x01, 0x9A,
    0x06, 0x00, 0x1F, 0x16, 0x1C, 0x00, 0x00, 0x02, 0x01, 0x01, 0x02, 0x02, 0x07, 0x00, 0x01, 0x9A,
    0x06, 0x00, 0x02, 0xE6, 0x08, 0x00, 0x22, 0xE6, 0x08, 0x00, 0x23, 0xE6, 0x08, 0x00, 0x26, 0xE6,
    0x08, 0x00, 0x29, 0xE6, 0x08, 0x00, 0x32, 0xE0, 0x12, 0x00, 0x02, 0x00, 0x25, 0xE6, 0x08, 0x00,
    0x3C, 0xE6, 0x08, 0x00, 0x02, 0x00, 0x27, 0x96, 0x07, 0x00, 0x2F, 0xDA, 0x3F, 0x00, 0x04, 0x00,
    0x1D, 0xE6, 0x08, 0x00, 0x22, 0xE6, 0x08, 0x00, 0x30, 0xE6, 0x08, 0x00, 0x3D, 0xE6, 0x08, 0x00,
    0x11, 0x00, 0x01, 0x9A, 0x06, 0x00, 0x02, 0xA4, 0x29, 0x00, 0x21, 0x96, 0x07, 0x00, 0x22, 0x1A,
    0x0E, 0x00, 0x25, 0x1A, 0x0E, 0x00, 0x27, 0x96, 0x07, 0x00, 0x29, 0x96, 0x07, 0x00, 0x2A, 0x96,
    0x07, 0x00, 0x2B, 0x1A, 0x0E, 0x00, 0x2E, 0xE4, 0x3F, 0x00, 0x2F, 0x96, 0x07, 0x00, 0x33, 0x96,
    0x07, 0x00, 0x34, 0x96, 0x07, 0x00, 0x36, 0xEE, 0x3F, 0x00, 0x3B, 0x1A, 0x0E, 0x00, 0x3C, 0x1A,
    0x0E, 0x00, 0x3D, 0x1A, 0x0E, 0x00, 0x05, 0x01, 0x01, 0x9A, 0x06, 0x00, 0x02, 0xE6, 0x08, 0x00,
    0x23, 0xE6, 0x08, 0x00, 0x2E, 0x44, 0x1B, 0x00, 0x2F, 0x1C, 0x07, 0x00, 0x01, 0x02, 0x03, 0x00,
    0x25, 0xD4, 0x06, 0x00, 0x2B, 0x1A, 0x0E, 0x00, 0x38, 0x1A, 0x0E, 0x00, 0x07, 0x01, 0x01, 0x9A,
    0x06, 0x00, 0x02, 0x1A, 0x0E, 0x00, 0x1F, 0x5E, 0x40, 0x00, 0x21, 0x96, 0x07, 0x00, 0x29, 0x1A,
    0x0E, 0x00, 0x2D, 0x88, 0x28, 0x00, 0x32, 0x1A, 0x0E, 0x00, 0x00, 0x01, 0x01, 0x00, 0x2B, 0x62,
    0x3D, 0x00, 0x01, 0x00, 0x27, 0x7E, 0x3D, 0x00, 0x07, 0x00, 0x01, 0x9A, 0x06, 0x00, 0x21, 0xFE,
    0x06, 0x00, 0x24, 0x8C, 0x40, 0x00, 0x27, 0x00, 0x0B, 0x00, 0x2A, 0xE6, 0x08, 0x00, 0x2E, 0x92,
    0x40, 0x00, 0x32, 0xE6, 0x08, 0x00, 0x21, 0x00, 0x1D, 0xC2, 0x3C, 0x00, 0x1E, 0x08, 0x3D, 0x00,
    0x1F, 0x14, 0x3D, 0x00, 0x20, 0x30, 0x3D, 0x00, 0x21, 0xCA, 0x1C, 0x00, 0x22, 0xA2, 0x3D, 0x00,
    0x23, 0x50, 0x08, 0x00, 0x24, 0xD8, 0x3D, 0x00, 0x25, 0x14, 0x3E, 0x00, 0x26, 0x50, 0x08, 0x00,
    0x27, 0x4C, 0x3E, 0x00, 0x28, 0x5E, 0x3E, 0x00, 0x29, 0x9A, 0x0E, 0x00, 0x2A, 0x70, 0x3E, 0x00,
    0x2B, 0xF2, 0x3E, 0x00, 0x2C, 0x9A, 0x0E, 0x00, 0x2D, 0x50, 0x08, 0x00, 0x2E, 0x2E, 0x3F, 0x00,
    0x2F, 0x22, 0x0D, 0x00, 0x30, 0x6A, 0x3F, 0x00, 0x31, 0xCA, 0x1C, 0x00, 0x32, 0xAC, 0x3F, 0x00,
    0x33, 0x9A, 0x0E, 0x00, 0x34, 0x22, 0x0D, 0x00, 0x35, 0x50, 0x08, 0x00, 0x36, 0x50, 0x08, 0x00,
    0x37, 0x5A, 0x11, 0x00, 0x38, 0xBC, 0x3F, 0x00, 0x39, 0x00, 0x40, 0x00, 0x3A, 0x50, 0x08, 0x00,
    0x3B, 0x46, 0x40, 0x00, 0x3C, 0x6C, 0x40, 0x00, 0x3D, 0x98, 0x40, 0x00, 0x01, 0x00, 0x24, 0xA0,
    0x06, 0x00, 0x01, 0x01, 0x2A, 0xA0, 0x06, 0x00, 0x00, 0x03, 0x02, 0x00, 0x2D, 0xA0, 0x06, 0x00,
    0x39, 0xA0, 0x06, 0x00, 0x01, 0x00, 0x28, 0x4A, 0x10, 0x00, 0x02, 0x00, 0x28, 0x5A, 0x02, 0x00,
    0x2F, 0x3E, 0x3F, 0x00, 0x02, 0x00, 0x2B, 0x8E, 0x1D, 0x00, 0x2D, 0x7E, 0x08, 0x00, 0x01, 0x01,
    0x2F, 0xA0, 0x06, 0x00, 0x00, 0x03, 0x0D, 0x00, 0x01, 0x9A, 0x06, 0x00, 0x1F, 0x3C, 0x41, 0x00,
    0x20, 0x42, 0x41, 0x00, 0x21, 0x4A, 0x41, 0x00, 0x24, 0x8C, 0x0B, 0x00, 0x27, 0xB6, 0x0D, 0x00,
    0x28, 0x54, 0x41, 0x00, 0x2A, 0x42, 0x21, 0x00, 0x2E, 0x5A, 0x41, 0x00, 0x2F, 0x64, 0x41, 0x00,
    0x30, 0xA0, 0x06, 0x00, 0x31, 0x44, 0x01, 0x00, 0x34, 0x6E, 0x41, 0x00, 0x01, 0x01, 0x3C, 0xC6,
    0x06, 0x00, 0x02, 0x02, 0x03, 0x02, 0x01, 0x9A, 0x06, 0x00, 0x25, 0xC6, 0x06, 0x00, 0x28, 0xAC,
    0x41, 0x00, 0x00, 0x04, 0x01, 0x01, 0x02, 0x02, 0x01, 0x9A, 0x06, 0x00, 0x28, 0xEE, 0x13, 0x00,
    0x00, 0x02, 0x02, 0x02, 0x01, 0x00, 0x2A, 0x72, 0x2F, 0x00, 0x01, 0x00, 0x29, 0x78, 0x13, 0x00,
    0x01, 0x00, 0x2E, 0xDA, 0x41, 0x00, 0x02, 0x00, 0x25, 0xD4, 0x41, 0x00, 0x2B, 0xE0, 0x41, 0x00,
    0x02, 0x00, 0x20, 0xA0, 0x06, 0x00, 0x28, 0xA0, 0x06, 0x00, 0x01, 0x00, 0x1D, 0x18, 0x38, 0x00,
    0x01, 0x00, 0x2D, 0xEC, 0x12, 0x00, 0x02, 0x00, 0x27, 0x7E, 0x08, 0x00, 0x2F, 0x00, 0x42, 0x00,
    0x01, 0x00, 0x29, 0x74, 0x34, 0x00, 0x01, 0x00, 0x1D, 0x10, 0x42, 0x00, 0x01, 0x00, 0x28, 0x16,
    0x42, 0x00, 0x01, 0x00, 0x25, 0x1C, 0x42, 0x00, 0x09, 0x00, 0x01, 0x9A, 0x06, 0x00, 0x1D, 0x84,
    0x04, 0x00, 0x21, 0xE6, 0x41, 0x00, 0x22, 0xF0, 0x41, 0x00, 0x23, 0xFA, 0x41, 0x00, 0x24, 0x8C,
    0x0B, 0x00, 0x2E, 0x06, 0x42, 0x00, 0x2F, 0x22, 0x42, 0x00, 0x34, 0xE8, 0x1F, 0x00, 0x01, 0x00,
    0x2D, 0x22, 0x07, 0x00, 0x03, 0x00, 0x1F, 0xD4, 0x06, 0x00, 0x21, 0x96, 0x07, 0x00, 0x2A, 0xD4,
    0x06, 0x00, 0x01, 0x01, 0x25, 0x24, 0x01, 0x00, 0x02, 0x02, 0x01, 0x00, 0x2D, 0x62, 0x42, 0x00,
    0x03, 0x00, 0x24, 0xA0, 0x06, 0x00, 0x2C, 0xD8, 0x06, 0x00, 0x2D, 0xA0, 0x06, 0x00, 0x02, 0x00,
    0x28, 0x0A, 0x0A, 0x00, 0x2E, 0xA4, 0x19, 0x00, 0x06, 0x00, 0x01, 0x9A, 0x06, 0x00, 0x20, 0x4E,
    0x42, 0x00, 0x24, 0x54, 0x42, 0x00, 0x27, 0x6A, 0x42, 0x00, 0x2B, 0x70, 0x42, 0x00, 0x2E, 0x7E,
    0x42, 0x00, 0x02, 0x03, 0x01, 0x9A, 0x06, 0x00, 0x2A, 0x1A, 0x0E, 0x00, 0x00, 0x02, 0x01, 0x01,
    0x02, 0x02, 0x02, 0x00, 0x22, 0x0C, 0x07, 0x00, 0x28, 0x0C, 0x07, 0x00, 0x02, 0x02, 0x01, 0x9A,
    0x06, 0x00, 0x22, 0xB2, 0x42, 0x00, 0x00, 0x02, 0x01, 0x01, 0x02, 0x00, 0x21, 0x24, 0x01, 0x00,
    0x35, 0xEE, 0x13, 0x00, 0x06, 0x00, 0x22, 0xA4, 0x29, 0x00, 0x23, 0x0C, 0x07, 0x00, 0x26, 0xA4,
    0x29, 0x00, 0x29, 0xA4, 0x29, 0x00, 0x2D, 0x0C, 0x07, 0x00, 0x3B, 0xA4, 0x29, 0x00, 0x07, 0x02,
    0x01, 0x9A, 0x06, 0x00, 0x1D, 0x70, 0x14, 0x00, 0x22, 0xCA, 0x42, 0x00, 0x2B, 0xD4, 0x42, 0x00,
    0x30, 0x8E, 0x09, 0x00, 0x38, 0x70, 0x14, 0x00, 0x3D, 0xF6, 0x1C, 0x00, 0x00, 0x02, 0x01, 0x01,
    0x01, 0x01, 0x2D, 0xD4, 0x06, 0x00, 0x00, 0x03, 0x02, 0x00, 0x1F, 0xD4, 0x06, 0x00, 0x2D, 0xD4,
    0x06, 0x00, 0x01, 0x00, 0x2F, 0x6C, 0x01, 0x00, 0x01, 0x00, 0x2E, 0x22, 0x43, 0x00, 0x01, 0x00,
    0x1F, 0xAC, 0x14, 0x00, 0x04, 0x00, 0x27, 0x42, 0x3D, 0x00, 0x29, 0xD4, 0x06, 0x00, 0x2A, 0xD4,
    0x06, 0x00, 0x2C, 0x0A, 0x0A, 0x00, 0x02, 0x00, 0x25, 0x1A, 0x0E, 0x00, 0x2D, 0x7E, 0x08, 0x00,
    0x0F, 0x00, 0x01, 0x9A, 0x06, 0x00, 0x1E, 0x0A, 0x0A, 0x00, 0x1F, 0xC2, 0x1B, 0x00, 0x21, 0x10,
    0x43, 0x00, 0x23, 0xD6, 0x14, 0x00, 0x24, 0x18, 0x43, 0x00, 0x25, 0x28, 0x43, 0x00, 0x27, 0x2E,
    0x43, 0x00, 0x29, 0xD0, 0x0F, 0x00, 0x2A, 0x1A, 0x0E, 0x00, 0x2C, 0x1A, 0x0E, 0x00, 0x2D, 0xEA,
    0x0F, 0x00, 0x2E, 0x34, 0x43, 0x00, 0x2F, 0x46, 0x43, 0x00, 0x31, 0x1A, 0x0E, 0x00, 0x02, 0x01,
    0x01, 0x9A, 0x06, 0x00, 0x28, 0xA0, 0x06, 0x00, 0x00, 0x02, 0x05, 0x00, 0x01, 0x9A, 0x06, 0x00,
    0x1D, 0x66, 0x2F, 0x00, 0x25, 0x96, 0x07, 0x00, 0x2B, 0x4A, 0x10, 0x00, 0x38, 0xF6, 0x06, 0x00,
    0x01, 0x00, 0x2D, 0xD6, 0x07, 0x00, 0x01, 0x00, 0x25, 0xEE, 0x13, 0x00, 0x05, 0x02, 0x01, 0x9A,
    0x06, 0x00, 0x27, 0xA0, 0x06, 0x00, 0x2A, 0xA0, 0x06, 0x00, 0x2B, 0xB0, 0x43, 0x00, 0x2F, 0xB6,
    0x43, 0x00, 0x00, 0x02, 0x01, 0x01, 0x03, 0x00, 0x27, 0x0A, 0x0A, 0x00, 0x28, 0x3E, 0x3F, 0x00,
    0x2F, 0xD4, 0x06, 0x00, 0x02, 0x00, 0x2D, 0x24, 0x01, 0x00, 0x39, 0xFA, 0x06, 0x00, 0x03, 0x00,
    0x01, 0x9A, 0x06, 0x00, 0x2E, 0xD6, 0x43, 0x00, 0x2F, 0xE4, 0x43, 0x00, 0x02, 0x01, 0x01, 0x9A,
    0x06, 0x00, 0x25, 0x5A, 0x02, 0x00, 0x00, 0x02, 0x02, 0x00, 0x1F, 0x0C, 0x07, 0x00, 0x28, 0x0C,
    0x07, 0x00, 0x02, 0x00, 0x2F, 0x0C, 0x07, 0x00, 0x35, 0x0C, 0x07, 0x00, 0x03, 0x00, 0x01, 0x9A,
    0x06, 0x00, 0x1D, 0x08, 0x44, 0x00, 0x25, 0x12, 0x44, 0x00, 0x03, 0x01, 0x01, 0x9A, 0x06, 0x00,
    0x22, 0xEE, 0x13, 0x00, 0x3D, 0xEE, 0x13, 0x00, 0x00, 0x02, 0x03, 0x00, 0x01, 0x9A, 0x06, 0x00,
    0x29, 0x20, 0x0A, 0x00, 0x2E, 0xA0, 0x06, 0x00, 0x04, 0x00, 0x01, 0x9A, 0x06, 0x00, 0x02, 0x96,
    0x07, 0x00, 0x2E, 0x96, 0x07, 0x00, 0x3B, 0x24, 0x01, 0x00, 0x02, 0x01, 0x01, 0x9A, 0x06, 0x00,
    0x2D, 0xD4, 0x06, 0x00, 0x00, 0x02, 0x03, 0x00, 0x01, 0x9A, 0x06, 0x00, 0x2D, 0xD4, 0x06, 0x00,
    0x2E, 0x4C, 0x26, 0x00, 0x21, 0x01, 0x1D, 0x76, 0x41, 0x00, 0x1E, 0xB4, 0x41, 0x00, 0x1F, 0xCA,
    0x1C, 0x00, 0x20, 0xC6, 0x41, 0x00, 0x21, 0xFC, 0x0D, 0x00, 0x22, 0x28, 0x42, 0x00, 0x23, 0x9A,
    0x0E, 0x00, 0x24, 0x7C, 0x1B, 0x00, 0x25, 0x88, 0x42, 0x00, 0x26, 0x50, 0x08, 0x00, 0x27, 0xA2,
    0x42, 0x00, 0x28, 0xBC, 0x42, 0x00, 0x29, 0x9A, 0x0E, 0x00, 0x2A, 0xEE, 0x42, 0x00, 0x2B, 0x50,
    0x43, 0x00, 0x2C, 0x8E, 0x43, 0x00, 0x2D, 0x9A, 0x43, 0x00, 0x2E, 0xBC, 0x43, 0x00, 0x2F, 0xFC,
    0x0D, 0x00, 0x30, 0xEE, 0x43, 0x00, 0x31, 0xFC, 0x43, 0x00, 0x32, 0xFC, 0x0D, 0x00, 0x33, 0x9A,
    0x0E, 0x00, 0x34, 0x1C, 0x44, 0x00, 0x35, 0xA6, 0x12, 0x00, 0x36, 0x2A, 0x44, 0x00, 0x37, 0x5A,
    0x11, 0x00, 0x38, 0x3A, 0x44, 0x00, 0x39, 0x48, 0x44, 0x00, 0x3A, 0x5A, 0x44, 0x00, 0x3B, 0xCE,
    0x3B, 0x00, 0x3C, 0x66, 0x44, 0x00, 0x3D, 0x50, 0x08, 0x00, 0x00, 0x01, 0x02, 0x00, 0x25, 0x1E,
    0x04, 0x00, 0x2D, 0x44, 0x01, 0x00, 0x01, 0x00, 0x21, 0xFA, 0x06, 0x00, 0x03, 0x00, 0x28, 0xA0,
    0x06, 0x00, 0x2A, 0xA0, 0x06, 0x00, 0x2E, 0x78, 0x13, 0x00, 0x01, 0x00, 0x27, 0xA4, 0x29, 0x00,
    0x01, 0x00, 0x2A, 0xD0, 0x0F, 0x00, 0x01, 0x01, 0x2F, 0x44, 0x01, 0x00, 0x02, 0x01, 0x02, 0x00,
    0x1D, 0x26, 0x45, 0x00, 0x25, 0x0A, 0x0A, 0x00, 0x01, 0x00, 0x1F, 0x2E, 0x45, 0x00, 0x01, 0x00,
    0x2D, 0x9A, 0x1D, 0x00, 0x14, 0x01, 0x01, 0x9A, 0x06, 0x00, 0x1E, 0xFC, 0x44, 0x00, 0x1F, 0x10,
    0x0A, 0x00, 0x20, 0xA4, 0x13, 0x00, 0x23, 0x06, 0x45, 0x00, 0x24, 0x0A, 0x0A, 0x00, 0x25, 0x0C,
    0x45, 0x00, 0x27, 0x1A, 0x45, 0x00, 0x29, 0x20, 0x45, 0x00, 0x2C, 0x84, 0x2B, 0x00, 0x2D, 0x38,
    0x45, 0x00, 0x2E, 0x0A, 0x0A, 0x00, 0x2F, 0x98, 0x3D, 0x00, 0x31, 0x3E, 0x45, 0x00, 0x32, 0x0A,
    0x0A, 0x00, 0x34, 0x96, 0x07, 0x00, 0x35, 0x92, 0x16, 0x00, 0x36, 0x96, 0x07, 0x00, 0x3A, 0x28,
    0x01, 0x00, 0x3C, 0x1A, 0x0E, 0x00, 0x00, 0x01, 0x06, 0x01, 0x01, 0x9A, 0x06, 0x00, 0x1F, 0xD6,
    0x07, 0x00, 0x25, 0xAA, 0x01, 0x00, 0x28, 0x28, 0x11, 0x00, 0x2B, 0x90, 0x24, 0x00, 0x2D, 0xA0,
    0x06, 0x00, 0x00, 0x02, 0x01, 0x00, 0x27, 0x0C, 0x07, 0x00, 0x02, 0x00, 0x24, 0x5A, 0x02, 0x00,
    0x2E, 0x44, 0x01, 0x00, 0x02, 0x00, 0x20, 0xD4, 0x06, 0x00, 0x23, 0xD4, 0x06, 0x00, 0x05, 0x00,
    0x1D, 0xC4, 0x45, 0x00, 0x22, 0xA0, 0x06, 0x00, 0x25, 0xFE, 0x09, 0x00, 0x3C, 0x0C, 0x07, 0x00,
    0x3D, 0xA0, 0x06, 0x00, 0x01, 0x00, 0x2C, 0xA0, 0x06, 0x00, 0x0A, 0x02, 0x01, 0x9A, 0x06, 0x00,
    0x1D, 0xB4, 0x45, 0x00, 0x1F, 0xD6, 0x07, 0x00, 0x22, 0xBA, 0x45, 0x00, 0x23, 0xA0, 0x06, 0x00,
    0x24, 0x28, 0x07, 0x00, 0x28, 0x0C, 0x07, 0x00, 0x2D, 0xCE, 0x45, 0x00, 0x2E, 0xE4, 0x45, 0x00,
    0x33, 0x0C, 0x07, 0x00, 0x00, 0x02, 0x01, 0x01, 0x01, 0x01, 0x3C, 0xFA, 0x06, 0x00, 0x00, 0x02,
    0x02, 0x00, 0x21, 0x0A, 0x0A, 0x00, 0x2A, 0x18, 0x46, 0x00, 0x02, 0x00, 0x1D, 0xA0, 0x06, 0x00,
    0x2B, 0xD4, 0x06, 0x00, 0x04, 0x01, 0x28, 0x0A, 0x0A, 0x00, 0x2B, 0x44, 0x01, 0x00, 0x2D, 0x2A,
    0x46, 0x00, 0x30, 0xFA, 0x06, 0x00, 0x00, 0x03, 0x01, 0x01, 0x21, 0x44, 0x01, 0x00, 0x02, 0x03,
    0x05, 0x00, 0x1F, 0xD4, 0x06, 0x00, 0x28, 0x0A, 0x0A, 0x00, 0x2A, 0xD4, 0x06, 0x00, 0x2B, 0xD4,
    0x06, 0x00, 0x2D, 0xD4, 0x06, 0x00, 0x01, 0x00, 0x22, 0xAC, 0x14, 0x00, 0x03, 0x03, 0x21, 0xFE,
    0x09, 0x00, 0x28, 0xA0, 0x06, 0x00, 0x2D, 0x66, 0x46, 0x00, 0x00, 0x03, 0x02, 0x01, 0x03, 0x02,
    0x02, 0x00, 0x23, 0x0A, 0x0A, 0x00, 0x2B, 0x18, 0x38, 0x00, 0x06, 0x00, 0x27, 0x44, 0x01, 0x00,
    0x2A, 0xD0, 0x0F, 0x00, 0x2C, 0x0A, 0x0A, 0x00, 0x2F, 0x3A, 0x01, 0x00, 0x32, 0x0A, 0x0A, 0x00,
    0x34, 0x0A, 0x0A, 0x00, 0x03, 0x00, 0x1F, 0x0A, 0x0A, 0x00, 0x28, 0xD0, 0x0F, 0x00, 0x2D, 0x0A,
    0x0A, 0x00, 0x17, 0x01, 0x01, 0x9A, 0x06, 0x00, 0x02, 0x56, 0x11, 0x00, 0x1E, 0x0A, 0x0A, 0x00,
    0x1F, 0x20, 0x46, 0x00, 0x20, 0x44, 0x01, 0x00, 0x21, 0x34, 0x46, 0x00, 0x22, 0x48, 0x46, 0x00,
    0x23, 0x50, 0x12, 0x00, 0x24, 0x50, 0x46, 0x00, 0x25, 0x44, 0x01, 0x00, 0x27, 0xF8, 0x29, 0x00,
    0x29, 0x20, 0x45, 0x00, 0x2B, 0x6C, 0x46, 0x00, 0x2C, 0xD0, 0x0F, 0x00, 0x2D, 0x80, 0x46, 0x00,
    0x2E, 0x8A, 0x46, 0x00, 0x2F, 0xA4, 0x46, 0x00, 0x30, 0x1A, 0x0E, 0x00, 0x31, 0x12, 0x0B, 0x00,
    0x32, 0x78, 0x08, 0x00, 0x35, 0xD6, 0x26, 0x00, 0x3C, 0x44, 0x01, 0x00, 0x3D, 0xFA, 0x06, 0x00,
    0x00, 0x01, 0x02, 0x03, 0x01, 0x9A, 0x06, 0x00, 0x2B, 0x90, 0x24, 0x00, 0x00, 0x02, 0x01, 0x01,
    0x02, 0x02, 0x02, 0x01, 0x28, 0x7E, 0x08, 0x00, 0x29, 0x7E, 0x08, 0x00, 0x04, 0x02, 0x01, 0x00,
    0x1D, 0x22, 0x47, 0x00, 0x02, 0x00, 0x2C, 0x96, 0x07, 0x00, 0x2F, 0x4A, 0x10, 0x00, 0x01, 0x00,
    0x2E, 0x34, 0x47, 0x00, 0x01, 0x00, 0x28, 0x0A, 0x0A, 0x00, 0x01, 0x00, 0x2B, 0x44, 0x47, 0x00,
    0x01, 0x00, 0x02, 0x28, 0x11, 0x00, 0x05, 0x00, 0x27, 0x4A, 0x47, 0x00, 0x28, 0xD4, 0x06, 0x00,
    0x2C, 0x5A, 0x02, 0x00, 0x2F, 0xF2, 0x01, 0x00, 0x39, 0x50, 0x47, 0x00, 0x0C, 0x01, 0x01, 0x9A,
    0x06, 0x00, 0x1E, 0xD0, 0x0F, 0x00, 0x22, 0xE6, 0x1A, 0x00, 0x26, 0x1A, 0x0E, 0x00, 0x27, 0xE8,
    0x0A, 0x00, 0x28, 0x2E, 0x47, 0x00, 0x2A, 0x3E, 0x47, 0x00, 0x2E, 0x56, 0x47, 0x00, 0x30, 0x5A,
    0x02, 0x00, 0x32, 0xD4, 0x06, 0x00, 0x33, 0x1A, 0x0E, 0x00, 0x36, 0x1A, 0x0E, 0x00, 0x00, 0x01,
    0x02, 0x00, 0x1E, 0x3A, 0x01, 0x00, 0x2C, 0xDC, 0x01, 0x00, 0x01, 0x00, 0x2B, 0xD6, 0x07, 0x00,
    0x06, 0x02, 0x01, 0x9A, 0x06, 0x00, 0x1F, 0xA0, 0x06, 0x00, 0x28, 0xA0, 0x06, 0x00, 0x2B, 0xA0,
    0x47, 0x00, 0x2D, 0xAA, 0x47, 0x00, 0x2E, 0xD4, 0x06, 0x00, 0x00, 0x02, 0x01, 0x01, 0x01, 0x00,
    0x2C, 0xDC, 0x01, 0x00, 0x02, 0x02, 0x01, 0x9A, 0x06, 0x00, 0x2B, 0xCE, 0x47, 0x00, 0x00, 0x02,
    0x01, 0x01, 0x01, 0x01, 0x2D, 0xD4, 0x06, 0x00, 0x03, 0x02, 0x04, 0x00, 0x1F, 0xD4, 0x06, 0x00,
    0x21, 0xA0, 0x06, 0x00, 0x2B, 0xD0, 0x0F, 0x00, 0x2D, 0xD4, 0x06, 0x00, 0x00, 0x03, 0x02, 0x04,
    0x03, 0x01, 0x04, 0x02, 0x01, 0x00, 0x2A, 0xFC, 0x47, 0x00, 0x01, 0x00, 0x25, 0x04, 0x48, 0x00,
    0x01, 0x00, 0x29, 0x0A, 0x48, 0x00, 0x01, 0x00, 0x1D, 0x10, 0x48, 0x00, 0x03, 0x00, 0x22, 0x1A,
    0x0E, 0x00, 0x35, 0x5A, 0x02, 0x00, 0x3D, 0x1A, 0x0E, 0x00, 0x02, 0x00, 0x1F, 0xA0, 0x06, 0x00,
    0x30, 0xD4, 0x06, 0x00, 0x04, 0x00, 0x27, 0xAC, 0x0A, 0x00, 0x28, 0xC4, 0x07, 0x00, 0x2C, 0x0A,
    0x0A, 0x00, 0x34, 0xA0, 0x06, 0x00, 0x0E, 0x01, 0x01, 0x9A, 0x06, 0x00, 0x1E, 0xE2, 0x47, 0x00,
    0x1F, 0xE8, 0x0A, 0x00, 0x21, 0x18, 0x43, 0x00, 0x22, 0x12, 0x0B, 0x00, 0x24, 0xEA, 0x47, 0x00,
    0x27, 0x8C, 0x16, 0x00, 0x28, 0x16, 0x48, 0x00, 0x29, 0x1C, 0x48, 0x00, 0x2D, 0x2A, 0x48, 0x00,
    0x2E, 0x34, 0x48, 0x00, 0x2F, 0xE6, 0x12, 0x00, 0x31, 0xD0, 0x0F, 0x00, 0x3A, 0x44, 0x01, 0x00,
    0x00, 0x01, 0x04, 0x00, 0x01, 0x9A, 0x06, 0x00, 0x22, 0x4A, 0x10, 0x00, 0x25, 0x4A, 0x10, 0x00,
    0x2B, 0xF6, 0x06, 0x00, 0x02, 0x00, 0x22, 0xA0, 0x06, 0x00, 0x2B, 0xF8, 0x07, 0x00, 0x01, 0x01,
    0x1D, 0xC6, 0x06, 0x00, 0x01, 0x02, 0x01, 0x00, 0x27, 0xD6, 0x07, 0x00, 0x00, 0x02, 0x01, 0x02,
    0x03, 0x03, 0x0D, 0x02, 0x01, 0x9A, 0x06, 0x00, 0x1F, 0x16, 0x1C, 0x00, 0x20, 0x0C, 0x07, 0x00,
    0x27, 0x94, 0x48, 0x00, 0x28, 0x9E, 0x48, 0x00, 0x29, 0x16, 0x1C, 0x00, 0x2A, 0x0C, 0x07, 0x00,
    0x2B, 0xA6, 0x48, 0x00, 0x2C, 0x2E, 0x07, 0x00, 0x2F, 0xD6, 0x04, 0x00, 0x30, 0xD6, 0x04, 0x00,
    0x31, 0x16, 0x1C, 0x00, 0x37, 0xAC, 0x48, 0x00, 0x00, 0x02, 0x01, 0x01, 0x01, 0x00, 0x27, 0x40,
    0x02, 0x00, 0x01, 0x00, 0x2B, 0xEC, 0x48, 0x00, 0x00, 0x03, 0x01, 0x02, 0x03, 0x01, 0x04, 0x02,
    0x01, 0x01, 0x2E, 0x0C, 0x07, 0x00, 0x05, 0x02, 0x04, 0x01, 0x20, 0xF8, 0x48, 0x00, 0x23, 0x24,
    0x01, 0x00, 0x2D, 0x0C, 0x07, 0x00, 0x2E, 0x00, 0x49, 0x00, 0x02, 0x02, 0x01, 0x01, 0x21, 0x24,
    0x01, 0x00, 0x02, 0x02, 0x07, 0x00, 0x1D, 0x08, 0x49, 0x00, 0x22, 0xA0, 0x06, 0x00, 0x25, 0xB8,
    0x1C, 0x00, 0x2B, 0xB4, 0x45, 0x00, 0x30, 0x1C, 0x49, 0x00, 0x38, 0xA0, 0x06, 0x00, 0x3C, 0xD6,
    0x07, 0x00, 0x05, 0x02, 0x01, 0x9A, 0x06, 0x00, 0x1F, 0xD6, 0x07, 0x00, 0x25, 0xF2, 0x48, 0x00,
    0x29, 0x0C, 0x07, 0x00, 0x2D, 0x24, 0x49, 0x00, 0x00, 0x02, 0x01, 0x01, 0x04, 0x01, 0x01, 0x9A,
    0x06, 0x00, 0x2F, 0x28, 0x01, 0x00, 0x32, 0xD4, 0x06, 0x00, 0x3B, 0x1A, 0x0E, 0x00, 0x00, 0x01,
    0x02, 0x01, 0x01, 0x9A, 0x06, 0x00, 0x2B, 0x24, 0x01, 0x00, 0x01, 0x01, 0x02, 0x02, 0x01, 0x9A,
    0x06, 0x00, 0x28, 0x0C, 0x07, 0x00, 0x00, 0x02, 0x01, 0x01, 0x02, 0x01, 0x01, 0x9A, 0x06, 0x00,
    0x2F, 0xA0, 0x06, 0x00, 0x00, 0x02, 0x02, 0x01, 0x01, 0x9A, 0x06, 0x00, 0x02, 0x1A, 0x0E, 0x00,
    0x00, 0x01, 0x0C, 0x00, 0x01, 0x9A, 0x06, 0x00, 0x02, 0x96, 0x07, 0x00, 0x22, 0xE6, 0x08, 0x00,
    0x25, 0xE6, 0x08, 0x00, 0x27, 0x96, 0x07, 0x00, 0x2B, 0xE6, 0x08, 0x00, 0x2E, 0x96, 0x07, 0x00,
    0x2F, 0x96, 0x07, 0x00, 0x34, 0x96, 0x07, 0x00, 0x3B, 0xE6, 0x08, 0x00, 0x3C, 0xE6, 0x08, 0x00,
    0x3D, 0xE6, 0x08, 0x00, 0x00, 0x03, 0x00, 0x02, 0x01, 0x03, 0x02, 0x02, 0x02, 0x02, 0x01, 0x9A,
    0x06, 0x00, 0x2D, 0xD4, 0x49, 0x00, 0x00, 0x01, 0x01, 0x02, 0x02, 0x01, 0x01, 0x9A, 0x06, 0x00,
    0x1F, 0xD8, 0x06, 0x00, 0x00, 0x01, 0x02, 0x01, 0x01, 0x9A, 0x06, 0x00, 0x1E, 0x0A, 0x0A, 0x00,
    0x00, 0x01, 0x21, 0x00, 0x1D, 0x44, 0x45, 0x00, 0x1E, 0x7C, 0x1B, 0x00, 0x1F, 0xFC, 0x0D, 0x00,
    0x20, 0x98, 0x45, 0x00, 0x21, 0xEA, 0x45, 0x00, 0x22, 0xB2, 0x46, 0x00, 0x23, 0x50, 0x08, 0x00,
    0x24, 0x12, 0x47, 0x00, 0x25, 0x6C, 0x47, 0x00, 0x26, 0x50, 0x08, 0x00, 0x27, 0xB0, 0x47, 0x00,
    0x28, 0x22, 0x0D, 0x00, 0x29, 0x50, 0x08, 0x00, 0x2A, 0xD4, 0x47, 0x00, 0x2B, 0x46, 0x48, 0x00,
    0x2C, 0xFA, 0x2C, 0x00, 0x2D, 0x82, 0x48, 0x00, 0x2E, 0xB2, 0x48, 0x00, 0x2F, 0x42, 0x49, 0x00,
    0x30, 0x5C, 0x49, 0x00, 0x31, 0xA6, 0x12, 0x00, 0x32, 0x70, 0x49, 0x00, 0x33, 0x9A, 0x0E, 0x00,
    0x34, 0x7C, 0x49, 0x00, 0x35, 0x8A, 0x49, 0x00, 0x36, 0x9A, 0x0E, 0x00, 0x37, 0x5A, 0x11, 0x00,
    0x38, 0x96, 0x49, 0x00, 0x39, 0xA2, 0x49, 0x00, 0x3A, 0xCE, 0x3B, 0x00, 0x3B, 0xDC, 0x49, 0x00,
    0x3C, 0xEA, 0x49, 0x00, 0x3D, 0xF6, 0x49, 0x00, 0x03, 0x03, 0x01, 0x9A, 0x06, 0x00, 0x1F, 0xC6,
    0x06, 0x00, 0x2C, 0x24, 0x01, 0x00, 0x00, 0x02, 0x01, 0x01, 0x02, 0x02, 0x01, 0x00, 0x2B, 0x96,
    0x07, 0x00, 0x02, 0x00, 0x22, 0x52, 0x27, 0x00, 0x3B, 0xF6, 0x06, 0x00, 0x01, 0x00, 0x20, 0x40,
    0x02, 0x00, 0x04, 0x00, 0x28, 0xAC, 0x4A, 0x00, 0x29, 0xDC, 0x01, 0x00, 0x2E, 0x44, 0x01, 0x00,
    0x2F, 0x96, 0x07, 0x00, 0x03, 0x00, 0x02, 0x0C, 0x07, 0x00, 0x1F, 0xF6, 0x06, 0x00, 0x2A, 0xF6,
    0x06, 0x00, 0x01, 0x01, 0x1D, 0xC4, 0x4A, 0x00, 0x02, 0x01, 0x09, 0x00, 0x01, 0x9A, 0x06, 0x00,
    0x1D, 0x96, 0x07, 0x00, 0x25, 0x9C, 0x4A, 0x00, 0x28, 0xA2, 0x4A, 0x00, 0x29, 0xE6, 0x08, 0x00,
    0x2B, 0xB2, 0x4A, 0x00, 0x2D, 0xD2, 0x4A, 0x00, 0x37, 0xE6, 0x08, 0x00, 0x39, 0x96, 0x07, 0x00,
    0x02, 0x00, 0x1D, 0xC6, 0x06, 0x00, 0x2B, 0x28, 0x07, 0x00, 0x01, 0x00, 0x35, 0x28, 0x07, 0x00,
    0x02, 0x00, 0x2B, 0xFA, 0x06, 0x00, 0x30, 0x0A, 0x4B, 0x00, 0x01, 0x00, 0x25, 0xD6, 0x07, 0x00,
    0x02, 0x00, 0x22, 0xA0, 0x06, 0x00, 0x27, 0xFE, 0x06, 0x00, 0x07, 0x01, 0x01, 0x9A, 0x06, 0x00,
    0x28, 0x00, 0x4B, 0x00, 0x2A, 0x10, 0x4B, 0x00, 0x2D, 0x1A, 0x4B, 0x00, 0x2E, 0x20, 0x4B, 0x00,
    0x2F, 0xA0, 0x06, 0x00, 0x32, 0x0C, 0x07, 0x00, 0x01, 0x01, 0x03, 0x00, 0x1D, 0x9A, 0x34, 0x00,
    0x25, 0x9A, 0x34, 0x00, 0x2B, 0x9A, 0x34, 0x00, 0x04, 0x01, 0x01, 0x9A, 0x06, 0x00, 0x22, 0x56,
    0x0F, 0x00, 0x28, 0x4A, 0x4B, 0x00, 0x2D, 0xD2, 0x15, 0x00, 0x02, 0x02, 0x01, 0x00, 0x2B, 0x0A,
    0x0C, 0x00, 0x02, 0x00, 0x02, 0xC6, 0x06, 0x00, 0x3C, 0x2A, 0x3D, 0x00, 0x00, 0x02, 0x00, 0x02,
    0x03, 0x03, 0x02, 0x00, 0x1D, 0x7C, 0x4B, 0x00, 0x29, 0x56, 0x0F, 0x00, 0x01, 0x00, 0x25, 0x9A,
    0x09, 0x00, 0x01, 0x00, 0x28, 0xE2, 0x09, 0x00, 0x01, 0x00, 0x2B, 0x92, 0x4B, 0x00, 0x03, 0x00,
    0x22, 0xE2, 0x09, 0x00, 0x2D, 0x5A, 0x02, 0x00, 0x38, 0xE2, 0x09, 0x00, 0x04, 0x00, 0x1E, 0x98,
    0x4B, 0x00, 0x2C, 0x9E, 0x4B, 0x00, 0x2E, 0x72, 0x07, 0x00, 0x2F, 0x4A, 0x35, 0x00, 0x05, 0x00,
    0x20, 0xF6, 0x06, 0x00, 0x23, 0xD4, 0x06, 0x00, 0x24, 0xD4, 0x06, 0x00, 0x27, 0xD4, 0x06, 0x00,
    0x28, 0xF6, 0x06, 0x00, 0x01, 0x00, 0x1E, 0xFA, 0x06, 0x00, 0x02, 0x00, 0x1E, 0xF6, 0x06, 0x00,
    0x1F, 0xD4, 0x06, 0x00, 0x04, 0x00, 0x1D, 0xBE, 0x4B, 0x00, 0x22, 0xD4, 0x4B, 0x00, 0x2B, 0xDA,
    0x4B, 0x00, 0x3D, 0xD4, 0x4B, 0x00, 0x01, 0x00, 0x34, 0xE2, 0x09, 0x00, 0x02, 0x00, 0x1D, 0x0C,
    0x07, 0x00, 0x30, 0x0C, 0x07, 0x00, 0x02, 0x00, 0x29, 0xFC, 0x4B, 0x00, 0x2A, 0x0C, 0x07, 0x00,
    0x01, 0x01, 0x1E, 0x0C, 0x07, 0x00, 0x01, 0x01, 0x0B, 0x00, 0x01, 0x9A, 0x06, 0x00, 0x1D, 0xD6,
    0x39, 0x00, 0x1F, 0x6C, 0x4B, 0x00, 0x22, 0x72, 0x4B, 0x00, 0x25, 0x82, 0x4B, 0x00, 0x28, 0x8C,
    0x4B, 0x00, 0x2B, 0xAC, 0x4B, 0x00, 0x2D, 0xE4, 0x4B, 0x00, 0x30, 0xF6, 0x4B, 0x00, 0x38, 0x06,
    0x4C, 0x00, 0x39, 0x10, 0x4C, 0x00, 0x01, 0x00, 0x27, 0xC6, 0x06, 0x00, 0x02, 0x00, 0x22, 0x46,
    0x4C, 0x00, 0x25, 0xA0, 0x06, 0x00, 0x01, 0x02, 0x2F, 0xA0, 0x06, 0x00, 0x02, 0x01, 0x03, 0x02,
    0x01, 0x00, 0x2B, 0x0C, 0x07, 0x00, 0x09, 0x01, 0x01, 0x9A, 0x06, 0x00, 0x1E, 0xD4, 0x06, 0x00,
    0x1F, 0xDC, 0x07, 0x00, 0x21, 0xA0, 0x06, 0x00, 0x23, 0x4C, 0x4C, 0x00, 0x2B, 0xD4, 0x06, 0x00,
    0x2E, 0x56, 0x4C, 0x00, 0x2F, 0x60, 0x4C, 0x00, 0x33, 0xA0, 0x06, 0x00, 0x01, 0x01, 0x01, 0x00,
    0x1F, 0x1C, 0x26, 0x00, 0x03, 0x00, 0x22, 0x8E, 0x4C, 0x00, 0x25, 0xC6, 0x06, 0x00, 0x30, 0x28,
    0x07, 0x00, 0x02, 0x00, 0x01, 0x9A, 0x06, 0x00, 0x21, 0x94, 0x4C, 0x00, 0x02, 0x00, 0x1E, 0xDC,
    0x04, 0x00, 0x1F, 0x96, 0x07, 0x00, 0x04, 0x00, 0x1D, 0x9A, 0x1D, 0x00, 0x22, 0xE6, 0x1A, 0x00,
    0x25, 0xA0, 0x06, 0x00, 0x3C, 0x9A, 0x1D, 0x00, 0x01, 0x00, 0x28, 0x2A, 0x08, 0x00, 0x02, 0x00,
    0x2B, 0x12, 0x0B, 0x00, 0x2D, 0xF6, 0x06, 0x00, 0x04, 0x01, 0x1E, 0xD6, 0x07, 0x00, 0x2A, 0x96,
    0x07, 0x00, 0x2C, 0x0C, 0x07, 0x00, 0x2D, 0x7C, 0x0B, 0x00, 0x01, 0x01, 0x01, 0x00, 0x20, 0xD4,
    0x06, 0x00, 0x02, 0x00, 0x29, 0x0C, 0x07, 0x00, 0x2E, 0xC6, 0x06, 0x00, 0x0A, 0x00, 0x01, 0x9A,
    0x06, 0x00, 0x1D, 0xAC, 0x4C, 0x00, 0x1F, 0xB6, 0x4C, 0x00, 0x20, 0xC8, 0x4C, 0x00, 0x21, 0xCE,
    0x4C, 0x00, 0x22, 0x2E, 0x01, 0x00, 0x2A, 0xFE, 0x06, 0x00, 0x2B, 0xD8, 0x4C, 0x00, 0x30, 0xEC,
    0x4C, 0x00, 0x38, 0xF2, 0x4C, 0x00, 0x01, 0x02, 0x2A, 0x44, 0x01, 0x00, 0x02, 0x02, 0x03, 0x01,
    0x00, 0x03, 0x01, 0x01, 0x02, 0x02, 0x03, 0x01, 0x01, 0x00, 0x2D, 0x30, 0x4D, 0x00, 0x01, 0x00,
    0x2F, 0x38, 0x4D, 0x00, 0x07, 0x01, 0x01, 0x9A, 0x06, 0x00, 0x20, 0x26, 0x4D, 0x00, 0x22, 0x5A,
    0x02, 0x00, 0x24, 0xA0, 0x06, 0x00, 0x29, 0x82, 0x0C, 0x00, 0x2B, 0xA0, 0x06, 0x00, 0x2E, 0x3E,
    0x4D, 0x00, 0x01, 0x03, 0x01, 0x00, 0x1F, 0xBC, 0x02, 0x00, 0x01, 0x00, 0x2B, 0x64, 0x4D, 0x00,
    0x01, 0x01, 0x27, 0x6A, 0x4D, 0x00, 0x03, 0x02, 0x02, 0x01, 0x01, 0x9A, 0x06, 0x00, 0x2E, 0x70,
    0x4D, 0x00, 0x00, 0x02, 0x01, 0x00, 0x2A, 0x56, 0x0F, 0x00, 0x01, 0x02, 0x3B, 0xC6, 0x06, 0x00,
    0x00, 0x02, 0x02, 0x02, 0x03, 0x00, 0x1E, 0x24, 0x01, 0x00, 0x28, 0x56, 0x0F, 0x00, 0x2C, 0x42,
    0x33, 0x00, 0x01, 0x00, 0x27, 0xD4, 0x06, 0x00, 0x01, 0x01, 0x25, 0x96, 0x07, 0x00, 0x00, 0x01,
    0x08, 0x01, 0x01, 0x9A, 0x06, 0x00, 0x1D, 0x84, 0x4D, 0x00, 0x1F, 0xA0, 0x06, 0x00, 0x28, 0x8A,
    0x4D, 0x00, 0x2B, 0x94, 0x4D, 0x00, 0x2E, 0xA2, 0x4D, 0x00, 0x2F, 0xA8, 0x4D, 0x00, 0x30, 0x60,
    0x1D, 0x00, 0x01, 0x01, 0x01, 0x00, 0x1D, 0xE6, 0x1A, 0x00, 0x01, 0x00, 0x2C, 0xE6, 0x08, 0x00,
    0x01, 0x00, 0x29, 0xDA, 0x4D, 0x00, 0x01, 0x01, 0x21, 0xDC, 0x01, 0x00, 0x01, 0x01, 0x0B, 0x00,
    0x01, 0x9A, 0x06, 0x00, 0x1D, 0xC6, 0x06, 0x00, 0x20, 0xD4, 0x4D, 0x00, 0x22, 0xF6, 0x06, 0x00,
    0x25, 0xE0, 0x4D, 0x00, 0x2B, 0xC6, 0x06, 0x00, 0x30, 0xE6, 0x4D, 0x00, 0x38, 0xF6, 0x06, 0x00,
    0x3B, 0xF6, 0x06, 0x00, 0x3C, 0xC6, 0x06, 0x00, 0x3D, 0xF6, 0x06, 0x00, 0x02, 0x00, 0x29, 0x28,
    0x07, 0x00, 0x2F, 0x28, 0x07, 0x00, 0x01, 0x00, 0x23, 0xC6, 0x06, 0x00, 0x03, 0x00, 0x22, 0x1C,
    0x4E, 0x00, 0x2B, 0x26, 0x4E, 0x00, 0x3D, 0x1C, 0x4E, 0x00, 0x01, 0x00, 0x02, 0x16, 0x1C, 0x00,
    0x01, 0x01, 0x22, 0x3A, 0x4E, 0x00, 0x02, 0x02, 0x01, 0x01, 0x3C, 0xC6, 0x06, 0x00, 0x01, 0x02,
    0x0A, 0x00, 0x01, 0x9A, 0x06, 0x00, 0x1D, 0xC6, 0x06, 0x00, 0x1E, 0xE8, 0x0A, 0x00, 0x22, 0x96,
    0x07, 0x00, 0x2A, 0x2C, 0x4E, 0x00, 0x2D, 0xD8, 0x06, 0x00, 0x34, 0x40, 0x4E, 0x00, 0x35, 0x22,
    0x07, 0x00, 0x39, 0x48, 0x4E, 0x00, 0x3D, 0x96, 0x07, 0x00, 0x01, 0x00, 0x31, 0xDC, 0x01, 0x00,
    0x01, 0x00, 0x29, 0xDC, 0x01, 0x00, 0x01, 0x00, 0x1D, 0x80, 0x4E, 0x00, 0x01, 0x00, 0x28, 0x86,
    0x4E, 0x00, 0x02, 0x00, 0x1D, 0x9A, 0x09, 0x00, 0x30, 0xA0, 0x06, 0x00, 0x01, 0x00, 0x2D, 0x92,
    0x4E, 0x00, 0x09, 0x00, 0x01, 0x9A, 0x06, 0x00, 0x1D, 0xC6, 0x06, 0x00, 0x21, 0x44, 0x01, 0x00,
    0x22, 0x7A, 0x4E, 0x00, 0x25, 0x8C, 0x4E, 0x00, 0x2B, 0x48, 0x13, 0x00, 0x2D, 0xF6, 0x06, 0x00,
    0x2E, 0x44, 0x01, 0x00, 0x2F, 0x9C, 0x4E, 0x00, 0x01, 0x00, 0x2E, 0xFA, 0x06, 0x00, 0x02, 0x00,
    0x29, 0x5A, 0x02, 0x00, 0x2F, 0xF6, 0x1A, 0x00, 0x06, 0x02, 0x01, 0x9A, 0x06, 0x00, 0x28, 0x0C,
    0x07, 0x00, 0x2C, 0xC8, 0x4E, 0x00, 0x2E, 0xCE, 0x4E, 0x00, 0x2F, 0x72, 0x07, 0x00, 0x31, 0x0C,
    0x07, 0x00, 0x01, 0x01, 0x02, 0x02, 0x02, 0x00, 0x27, 0xC6, 0x06, 0x00, 0x2D, 0xC6, 0x06, 0x00,
    0x02, 0x00, 0x02, 0x0C, 0x07, 0x00, 0x26, 0xD6, 0x07, 0x00, 0x01, 0x01, 0x2F, 0xA0, 0x06, 0x00,
    0x01, 0x02, 0x02, 0x00, 0x02, 0xFA, 0x06, 0x00, 0x2E, 0x0C, 0x07, 0x00, 0x01, 0x01, 0x2E, 0xC6,
    0x06, 0x00, 0x01, 0x02, 0x01, 0x00, 0x26, 0xD6, 0x07, 0x00, 0x06, 0x00, 0x22, 0x00, 0x4F, 0x00,
    0x25, 0x0A, 0x4F, 0x00, 0x2B, 0xA0, 0x06, 0x00, 0x3B, 0x12, 0x4F, 0x00, 0x3C, 0x1C, 0x4F, 0x00,
    0x3D, 0x24, 0x4F, 0x00, 0x03, 0x00, 0x1F, 0x94, 0x0A, 0x00, 0x24, 0x84, 0x04, 0x00, 0x35, 0xD6,
    0x01, 0x00, 0x02, 0x00, 0x22, 0x28, 0x07, 0x00, 0x2B, 0xA0, 0x06, 0x00, 0x06, 0x00, 0x01, 0x9A,
    0x06, 0x00, 0x1D, 0xF6, 0x4E, 0x00, 0x28, 0x2A, 0x4F, 0x00, 0x2B, 0x44, 0x4F, 0x00, 0x2D, 0xC4,
    0x07, 0x00, 0x2F, 0x52, 0x4F, 0x00, 0x01, 0x00, 0x28, 0xAC, 0x14, 0x00, 0x02, 0x01, 0x20, 0x56,
    0x0F, 0x00, 0x2E, 0x2A, 0x02, 0x00, 0x01, 0x01, 0x01, 0x00, 0x2C, 0xD4, 0x06, 0x00, 0x01, 0x01,
    0x2E, 0x88, 0x4F, 0x00, 0x01, 0x01, 0x01, 0x01, 0x2E, 0xD6, 0x01, 0x00, 0x01, 0x01, 0x01, 0x01,
    0x2E, 0xD4, 0x06, 0x00, 0x01, 0x01, 0x03, 0x00, 0x22, 0xF6, 0x06, 0x00, 0x27, 0x9E, 0x4F, 0x00,
    0x2E, 0xF6, 0x06, 0x00, 0x0E, 0x00, 0x01, 0x9A, 0x06, 0x00, 0x1D, 0x00, 0x2F, 0x00, 0x1E, 0x76,
    0x4F, 0x00, 0x1F, 0x9A, 0x1D, 0x00, 0x22, 0x7C, 0x4F, 0x00, 0x25, 0x8E, 0x4F, 0x00, 0x2B, 0x96,
    0x4F, 0x00, 0x2F, 0x12, 0x0B, 0x00, 0x30, 0xA6, 0x4F, 0x00, 0x33, 0x96, 0x07, 0x00, 0x38, 0xF6,
    0x06, 0x00, 0x3B, 0xF6, 0x06, 0x00, 0x3C, 0xF6, 0x06, 0x00, 0x3D, 0xF6, 0x06, 0x00, 0x02, 0x00,
    0x21, 0xC6, 0x06, 0x00, 0x23, 0xDC, 0x01, 0x00, 0x01, 0x01, 0x1D, 0x16, 0x1C, 0x00, 0x02, 0x02,
    0x02, 0x00, 0x02, 0xD6, 0x07, 0x00, 0x2D, 0xFA, 0x06, 0x00, 0x01, 0x01, 0x02, 0x0C, 0x07, 0x00,
    0x02, 0x01, 0x05, 0x00, 0x1F, 0x0C, 0x07, 0x00, 0x26, 0xD4, 0x06, 0x00, 0x29, 0xD4, 0x06, 0x00,
    0x2C, 0x9A, 0x1D, 0x00, 0x3B, 0xD4, 0x06, 0x00, 0x02, 0x00, 0x02, 0xD6, 0x07, 0x00, 0x3B, 0xD4,
    0x06, 0x00, 0x07, 0x00, 0x1D, 0x00, 0x50, 0x00, 0x1F, 0x2E, 0x01, 0x00, 0x22, 0x0C, 0x07, 0x00,
    0x25, 0x0A, 0x50, 0x00, 0x2B, 0x12, 0x50, 0x00, 0x30, 0x28, 0x50, 0x00, 0x3D, 0x0C, 0x07, 0x00,
    0x01, 0x00, 0x26, 0xFA, 0x06, 0x00, 0x01, 0x00, 0x20, 0xFA, 0x06, 0x00, 0x01, 0x00, 0x32, 0xFA,
    0x06, 0x00, 0x03, 0x02, 0x22, 0x50, 0x50, 0x00, 0x2B, 0x56, 0x50, 0x00, 0x38, 0x5C, 0x50, 0x00,
    0x01, 0x01, 0x02, 0x02, 0x02, 0x00, 0x25, 0xFA, 0x06, 0x00, 0x2B, 0xC8, 0x4E, 0x00, 0x01, 0x00,
    0x29, 0x9A, 0x1D, 0x00, 0x02, 0x00, 0x25, 0x7E, 0x50, 0x00, 0x3C, 0xE8, 0x0A, 0x00, 0x01, 0x00,
    0x29, 0xA4, 0x19, 0x00, 0x03, 0x00, 0x1D, 0x72, 0x2F, 0x00, 0x30, 0x9A, 0x1D, 0x00, 0x3C, 0xA0,
    0x06, 0x00, 0x02, 0x00, 0x1F, 0xA0, 0x06, 0x00, 0x29, 0xAC, 0x14, 0x00, 0x01, 0x00, 0x1D, 0xC6,
    0x06, 0x00, 0x02, 0x01, 0x1D, 0xA0, 0x06, 0x00, 0x2D, 0xAC, 0x50, 0x00, 0x01, 0x01, 0x01, 0x00,
    0x34, 0x0C, 0x07, 0x00, 0x01, 0x00, 0x22, 0xE6, 0x1A, 0x00, 0x01, 0x00, 0x1F, 0x9A, 0x1D, 0x00,
    0x01, 0x00, 0x25, 0xCA, 0x50, 0x00, 0x10, 0x00, 0x01, 0x9A, 0x06, 0x00, 0x1D, 0xEE, 0x4F, 0x00,
    0x1E, 0xF8, 0x4F, 0x00, 0x27, 0x32, 0x50, 0x00, 0x28, 0x62, 0x50, 0x00, 0x29, 0x74, 0x50, 0x00,
    0x2A, 0x84, 0x50, 0x00, 0x2B, 0x8E, 0x50, 0x00, 0x2C, 0x94, 0x50, 0x00, 0x2E, 0xA2, 0x50, 0x00,
    0x2F, 0xB2, 0x50, 0x00, 0x30, 0xBE, 0x50, 0x00, 0x32, 0x96, 0x07, 0x00, 0x33, 0xC4, 0x50, 0x00,
    0x34, 0x9A, 0x1D, 0x00, 0x35, 0xD0, 0x50, 0x00, 0x05, 0x01, 0x1D, 0xFA, 0x06, 0x00, 0x22, 0xD4,
    0x06, 0x00, 0x25, 0xD4, 0x06, 0x00, 0x28, 0xD4, 0x06, 0x00, 0x3D, 0xD4, 0x06, 0x00, 0x03, 0x02,
    0x03, 0x00, 0x27, 0x56, 0x0F, 0x00, 0x2D, 0xC6, 0x06, 0x00, 0x32, 0x56, 0x0F, 0x00, 0x01, 0x00,
    0x2A, 0xBC, 0x02, 0x00, 0x01, 0x01, 0x21, 0x3E, 0x51, 0x00, 0x01, 0x03, 0x01, 0x00, 0x1D, 0x68,
    0x18, 0x00, 0x04, 0x00, 0x1E, 0xD4, 0x06, 0x00, 0x21, 0xD4, 0x06, 0x00, 0x24, 0xD4, 0x06, 0x00,
    0x2E, 0x3A, 0x01, 0x00, 0x04, 0x00, 0x23, 0xD4, 0x06, 0x00, 0x27, 0xD4, 0x06, 0x00, 0x34, 0xD4,
    0x06, 0x00, 0x35, 0xD4, 0x06, 0x00, 0x05, 0x00, 0x21, 0xD4, 0x06, 0x00, 0x22, 0xD4, 0x06, 0x00,
    0x27, 0xD4, 0x06, 0x00, 0x2E, 0xD4, 0x06, 0x00, 0x34, 0xD4, 0x06, 0x00, 0x02, 0x00, 0x27, 0xD4,
    0x06, 0x00, 0x35, 0xD4, 0x06, 0x00, 0x06, 0x00, 0x1D, 0x52, 0x51, 0x00, 0x22, 0x64, 0x51, 0x00,
    0x25, 0xD4, 0x06, 0x00, 0x2B, 0x76, 0x51, 0x00, 0x30, 0xEC, 0x4C, 0x00, 0x3D, 0x8C, 0x51, 0x00,
    0x02, 0x00, 0x1D, 0x44, 0x01, 0x00, 0x34, 0x0A, 0x0A, 0x00, 0x02, 0x00, 0x27, 0x56, 0x0F, 0x00,
    0x2D, 0xC6, 0x06, 0x00, 0x0E, 0x01, 0x01, 0x9A, 0x06, 0x00, 0x1F, 0x18, 0x51, 0x00, 0x20, 0xE6,
    0x08, 0x00, 0x21, 0xE6, 0x08, 0x00, 0x22, 0x30, 0x51, 0x00, 0x25, 0x44, 0x51, 0x00, 0x27, 0x4C,
    0x51, 0x00, 0x29, 0x0C, 0x07, 0x00, 0x2D, 0x96, 0x51, 0x00, 0x2E, 0xEA, 0x08, 0x00, 0x30, 0xB0,
    0x51, 0x00, 0x32, 0xE6, 0x08, 0x00, 0x39, 0x50, 0x35, 0x00, 0x3D, 0xBA, 0x51, 0x00, 0x01, 0x01,
    0x02, 0x00, 0x1D, 0xFA, 0x06, 0x00, 0x2B, 0xFA, 0x06, 0x00, 0x04, 0x02, 0x01, 0x9A, 0x06, 0x00,
    0x2C, 0x44, 0x01, 0x00, 0x2E, 0x2A, 0x02, 0x00, 0x2F, 0x00, 0x52, 0x00, 0x01, 0x01, 0x02, 0x02,
    0x01, 0x00, 0x35, 0x96, 0x07, 0x00, 0x03, 0x00, 0x2A, 0x96, 0x07, 0x00, 0x2D, 0x72, 0x07, 0x00,
    0x2F, 0x96, 0x07, 0x00, 0x07, 0x00, 0x01, 0x9A, 0x06, 0x00, 0x1D, 0x20, 0x52, 0x00, 0x22, 0xC6,
    0x06, 0x00, 0x25, 0x88, 0x09, 0x00, 0x2B, 0x26, 0x52, 0x00, 0x2D, 0x72, 0x07, 0x00, 0x3D, 0xC6,
    0x06, 0x00, 0x02, 0x00, 0x38, 0xD4, 0x06, 0x00, 0x3C, 0x0C, 0x07, 0x00, 0x07, 0x00, 0x01, 0x9A,
    0x06, 0x00, 0x25, 0x96, 0x07, 0x00, 0x28, 0x52, 0x52, 0x00, 0x29, 0x22, 0x07, 0x00, 0x2B, 0xB8,
    0x26, 0x00, 0x2D, 0xF6, 0x06, 0x00, 0x30, 0xF6, 0x06, 0x00, 0x02, 0x00, 0x01, 0x9A, 0x06, 0x00,
    0x2B, 0x0C, 0x07, 0x00, 0x02, 0x01, 0x22, 0xD4, 0x06, 0x00, 0x25, 0xC6, 0x06, 0x00, 0x02, 0x02,
    0x01, 0x01, 0x2B, 0xD6, 0x07, 0x00, 0x01, 0x01, 0x04, 0x00, 0x01, 0x9A, 0x06, 0x00, 0x1D, 0x90,
    0x24, 0x00, 0x28, 0x84, 0x52, 0x00, 0x2F, 0x90, 0x52, 0x00, 0x01, 0x00, 0x1D, 0xFA, 0x06, 0x00,
    0x01, 0x00, 0x27, 0xFC, 0x39, 0x00, 0x01, 0x00, 0x1D, 0xB0, 0x52, 0x00, 0x05, 0x00, 0x01, 0x9A,
    0x06, 0x00, 0x1F, 0xAA, 0x52, 0x00, 0x28, 0xFE, 0x09, 0x00, 0x2C, 0xB6, 0x52, 0x00, 0x2F, 0xA0,
    0x06, 0x00, 0x02, 0x00, 0x01, 0x9A, 0x06, 0x00, 0x2F, 0xD8, 0x06, 0x00, 0x05, 0x01, 0x01, 0x9A,
    0x06, 0x00, 0x1F, 0xA0, 0x06, 0x00, 0x21, 0xA0, 0x06, 0x00, 0x24, 0xA0, 0x06, 0x00, 0x2D, 0xC4,
    0x07, 0x00, 0x01, 0x01, 0x02, 0x01, 0x01, 0x9A, 0x06, 0x00, 0x23, 0xC4, 0x07, 0x00, 0x01, 0x01,
    0x21, 0x00, 0x1D, 0x88, 0x4A, 0x00, 0x1E, 0xDA, 0x4A, 0x00, 0x1F, 0x2A, 0x4B, 0x00, 0x20, 0x58,
    0x4B, 0x00, 0x21, 0x18, 0x4C, 0x00, 0x22, 0x66, 0x4C, 0x00, 0x23, 0xA2, 0x4C, 0x00, 0x24, 0xFC,
    0x4C, 0x00, 0x25, 0x44, 0x4D, 0x00, 0x26, 0x78, 0x4D, 0x00, 0x27, 0xB0, 0x4D, 0x00, 0x28, 0xEE,
    0x4D, 0x00, 0x29, 0x50, 0x4E, 0x00, 0x2A, 0xA2, 0x4E, 0x00, 0x2B, 0xD8, 0x4E, 0x00, 0x2C, 0x5C,
    0x4F, 0x00, 0x2D, 0xB4, 0x4F, 0x00, 0x2E, 0xD6, 0x50, 0x00, 0x2F, 0xC4, 0x51, 0x00, 0x30, 0x0A,
    0x52, 0x00, 0x31, 0x34, 0x52, 0x00, 0x32, 0x5C, 0x52, 0x00, 0x33, 0x7A, 0x52, 0x00, 0x34, 0x98,
    0x52, 0x00, 0x35, 0xBC, 0x52, 0x00, 0x36, 0x50, 0x08, 0x00, 0x37, 0x50, 0x08, 0x00, 0x38, 0x50,
    0x08, 0x00, 0x39, 0x50, 0x08, 0x00, 0x3A, 0xD2, 0x52, 0x00, 0x3B, 0x9A, 0x0E, 0x00, 0x3C, 0xDC,
    0x52, 0x00, 0x3D, 0xF4, 0x52, 0x00, 0x03, 0x00, 0x25, 0x48, 0x01, 0x00, 0x28, 0x5A, 0x02, 0x00,
    0x39, 0xA0, 0x06, 0x00, 0x05, 0x00, 0x1D, 0x24, 0x01, 0x00, 0x22, 0xD4, 0x06, 0x00, 0x2B, 0x24,
    0x01, 0x00, 0x30, 0x24, 0x01, 0x00, 0x38, 0x7E, 0x08, 0x00, 0x02, 0x00, 0x28, 0x24, 0x01, 0x00,
    0x2F, 0x94, 0x53, 0x00, 0x01, 0x00, 0x2D, 0x8C, 0x0B, 0x00, 0x0B, 0x00, 0x01, 0x9A, 0x06, 0x00,
    0x1F, 0x86, 0x53, 0x00, 0x21, 0x12, 0x0B, 0x00, 0x22, 0xE6, 0x1A, 0x00, 0x24, 0x8C, 0x0B, 0x00,
    0x2E, 0xAA, 0x53, 0x00, 0x2F, 0xB4, 0x53, 0x00, 0x30, 0xE6, 0x1A, 0x00, 0x31, 0xFA, 0x06, 0x00,
    0x32, 0xEA, 0x0F, 0x00, 0x35, 0x9A, 0x09, 0x00, 0x01, 0x00, 0x2A, 0x7E, 0x08, 0x00, 0x02, 0x00,
    0x1F, 0xA0, 0x06, 0x00, 0x25, 0xE8, 0x53, 0x00, 0x02, 0x01, 0x1D, 0xFA, 0x06, 0x00, 0x2B, 0xFA,
    0x06, 0x00, 0x02, 0x02, 0x01, 0x00, 0x1D, 0x7E, 0x08, 0x00, 0x01, 0x00, 0x28, 0x04, 0x54, 0x00,
    0x01, 0x00, 0x39, 0xA0, 0x06, 0x00, 0x01, 0x00, 0x28, 0x28, 0x11, 0x00, 0x00, 0x02, 0x04, 0x01,
    0x05, 0x02, 0x01, 0x00, 0x2A, 0x1C, 0x54, 0x00, 0x01, 0x00, 0x2E, 0x22, 0x54, 0x00, 0x02, 0x00,
    0x22, 0x28, 0x54, 0x00, 0x25, 0x1E, 0x04, 0x00, 0x05, 0x00, 0x27, 0x7E, 0x08, 0x00, 0x2A, 0xA0,
    0x06, 0x00, 0x2F, 0x00, 0x42, 0x00, 0x33, 0xA0, 0x06, 0x00, 0x34, 0xA0, 0x06, 0x00, 0x0A, 0x01,
    0x01, 0x9A, 0x06, 0x00, 0x21, 0xEE, 0x53, 0x00, 0x24, 0xF8, 0x53, 0x00, 0x27, 0x0A, 0x54, 0x00,
    0x28, 0x10, 0x54, 0x00, 0x2C, 0x16, 0x54, 0x00, 0x2D, 0x2E, 0x54, 0x00, 0x2E, 0x38, 0x54, 0x00,
    0x2F, 0x12, 0x0B, 0x00, 0x35, 0x9A, 0x09, 0x00, 0x02, 0x01, 0x01, 0x00, 0x29, 0xAC, 0x14, 0x00,
    0x01, 0x00, 0x27, 0x1A, 0x0E, 0x00, 0x01, 0x00, 0x3C, 0x1A, 0x0E, 0x00, 0x06, 0x00, 0x01, 0x9A,
    0x06, 0x00, 0x1D, 0x10, 0x03, 0x00, 0x23, 0x7A, 0x54, 0x00, 0x27, 0xB6, 0x0D, 0x00, 0x2A, 0x80,
    0x54, 0x00, 0x2E, 0x86, 0x54, 0x00, 0x01, 0x02, 0x01, 0x9A, 0x06, 0x00, 0x00, 0x04, 0x01, 0x03,
    0x02, 0x00, 0x02, 0xA4, 0x29, 0x00, 0x2E, 0x24, 0x01, 0x00, 0x02, 0x00, 0x02, 0xF6, 0x06, 0x00,
    0x2E, 0xF6, 0x06, 0x00, 0x01, 0x01, 0x27, 0x0C, 0x07, 0x00, 0x00, 0x02, 0x00, 0x02, 0x01, 0x01,
    0x03, 0x02, 0x05, 0x00, 0x29, 0xBA, 0x54, 0x00, 0x2A, 0xC4, 0x54, 0x00, 0x2B, 0xCC, 0x54, 0x00,
    0x2E, 0xF2, 0x02, 0x00, 0x3B, 0xF6, 0x06, 0x00, 0x02, 0x00, 0x1F, 0x96, 0x07, 0x00, 0x27, 0xEE,
    0x13, 0x00, 0x03, 0x00, 0x02, 0x96, 0x07, 0x00, 0x1F, 0x96, 0x07, 0x00, 0x20, 0x96, 0x07, 0x00,
    0x04, 0x00, 0x26, 0x96, 0x07, 0x00, 0x29, 0x96, 0x07, 0x00, 0x2A, 0xF6, 0x06, 0x00, 0x32, 0xF6,
    0x06, 0x00, 0x02, 0x00, 0x02, 0x96, 0x07, 0x00, 0x2F, 0xF6, 0x06, 0x00, 0x02, 0x00, 0x2E, 0x0C,
    0x07, 0x00, 0x35, 0x0C, 0x07, 0x00, 0x03, 0x00, 0x2A, 0xC4, 0x54, 0x00, 0x2E, 0xF2, 0x02, 0x00,
    0x3B, 0xF6, 0x06, 0x00, 0x0A, 0x00, 0x01, 0x9A, 0x06, 0x00, 0x02, 0x96, 0x07, 0x00, 0x1D, 0xB0,
    0x54, 0x00, 0x22, 0xD2, 0x54, 0x00, 0x25, 0xE8, 0x54, 0x00, 0x2B, 0xF2, 0x54, 0x00, 0x38, 0x00,
    0x55, 0x00, 0x3B, 0x12, 0x55, 0x00, 0x3C, 0x1C, 0x55, 0x00, 0x3D, 0x26, 0x55, 0x00, 0x00, 0x02,
    0x01, 0x03, 0x03, 0x01, 0x04, 0x02, 0x01, 0x9A, 0x06, 0x00, 0x1D, 0xC6, 0x06, 0x00, 0x2B, 0x5E,
    0x55, 0x00, 0x38, 0xC6, 0x06, 0x00, 0x00, 0x02, 0x01, 0x01, 0x02, 0x00, 0x28, 0xFA, 0x06, 0x00,
    0x2E, 0xD0, 0x0F, 0x00, 0x03, 0x00, 0x21, 0x22, 0x07, 0x00, 0x27, 0x78, 0x13, 0x00, 0x29, 0xDE,
    0x03, 0x00, 0x01, 0x00, 0x2B, 0x78, 0x13, 0x00, 0x01, 0x00, 0x2D, 0x92, 0x55, 0x00, 0x03, 0x00,
    0x1F, 0x2E, 0x01, 0x00, 0x2B, 0x84, 0x55, 0x00, 0x30, 0x98, 0x55, 0x00, 0x03, 0x00, 0x23, 0x44,
    0x01, 0x00, 0x28, 0x44, 0x01, 0x00, 0x32, 0x44, 0x01, 0x00, 0x04, 0x00, 0x1F, 0x0A, 0x0C, 0x00,
    0x21, 0x8C, 0x0B, 0x00, 0x28, 0x0A, 0x0A, 0x00, 0x2A, 0xD4, 0x06, 0x00, 0x01, 0x00, 0x36, 0x44,
    0x01, 0x00, 0x02, 0x00, 0x2B, 0xFA, 0x06, 0x00, 0x30, 0xFA, 0x06, 0x00, 0x01, 0x00, 0x2A, 0xD2,
    0x55, 0x00, 0x00, 0x03, 0x00, 0x03, 0x02, 0x03, 0x03, 0x02, 0x03, 0x00, 0x20, 0xF6, 0x06, 0x00,
    0x23, 0x44, 0x01, 0x00, 0x30, 0xD4, 0x06, 0x00, 0x01, 0x00, 0x25, 0xE6, 0x1A, 0x00, 0x03, 0x02,
    0x28, 0x1A, 0x0E, 0x00, 0x2E, 0xFA, 0x06, 0x00, 0x2F, 0xF8, 0x55, 0x00, 0x02, 0x01, 0x03, 0x04,
    0x02, 0x00, 0x1F, 0x44, 0x01, 0x00, 0x2D, 0x44, 0x01, 0x00, 0x03, 0x00, 0x2B, 0xA0, 0x06, 0x00,
    0x38, 0xA0, 0x06, 0x00, 0x3C, 0xA0, 0x06, 0x00, 0x01, 0x00, 0x28, 0x1A, 0x56, 0x00, 0x12, 0x00,
    0x01, 0x9A, 0x06, 0x00, 0x1E, 0x0A, 0x0A, 0x00, 0x1F, 0x7A, 0x55, 0x00, 0x21, 0x9E, 0x55, 0x00,
    0x22, 0xAC, 0x55, 0x00, 0x24, 0xBA, 0x55, 0x00, 0x25, 0xCC, 0x55, 0x00, 0x26, 0x1A, 0x0E, 0x00,
    0x28, 0x80, 0x54, 0x00, 0x29, 0xDC, 0x55, 0x00, 0x2C, 0xE2, 0x55, 0x00, 0x2D, 0xEA, 0x55, 0x00,
    0x2E, 0xFE, 0x55, 0x00, 0x2F, 0x10, 0x56, 0x00, 0x32, 0x0A, 0x0A, 0x00, 0x35, 0x28, 0x56, 0x00,
    0x3A, 0x1E, 0x2D, 0x00, 0x3D, 0x50, 0x05, 0x00, 0x01, 0x00, 0x21, 0x24, 0x01, 0x00, 0x02, 0x02,
    0x01, 0x9A, 0x06, 0x00, 0x2B, 0x78, 0x56, 0x00, 0x00, 0x02, 0x02, 0x02, 0x01, 0x00, 0x2A, 0xAC,
    0x1B, 0x00, 0x01, 0x00, 0x20, 0x24, 0x01, 0x00, 0x07, 0x00, 0x1F, 0x1A, 0x0E, 0x00, 0x24, 0x24,
    0x01, 0x00, 0x26, 0x3A, 0x01, 0x00, 0x28, 0x24, 0x01, 0x00, 0x29, 0x8C, 0x56, 0x00, 0x2B, 0x92,
    0x56, 0x00, 0x2F, 0x1A, 0x0E, 0x00, 0x01, 0x01, 0x39, 0xA8, 0x04, 0x00, 0x03, 0x03, 0x00, 0x02,
    0x05, 0x02, 0x06, 0x01, 0x01, 0x00, 0x27, 0xBE, 0x56, 0x00, 0x01, 0x00, 0x2E, 0xC4, 0x56, 0x00,
    0x02, 0x00, 0x22, 0xCA, 0x56, 0x00, 0x3D, 0xCA, 0x56, 0x00, 0x08, 0x01, 0x1F, 0x5A, 0x02, 0x00,
    0x20, 0x3A, 0x01, 0x00, 0x21, 0xDC, 0x01, 0x00, 0x27, 0x5A, 0x02, 0x00, 0x28, 0xB6, 0x56, 0x00,
    0x2C, 0x3A, 0x01, 0x00, 0x33, 0x0C, 0x07, 0x00, 0x34, 0xD0, 0x56, 0x00, 0x03, 0x01, 0x01, 0x02,
    0x2B, 0xF6, 0x06, 0x00, 0x03, 0x01, 0x04, 0x02, 0x01, 0x00, 0x2B, 0xA8, 0x04, 0x00, 0x07, 0x00,
    0x1E, 0x00, 0x0B, 0x00, 0x21, 0x3A, 0x02, 0x00, 0x23, 0xDC, 0x01, 0x00, 0x24, 0xFE, 0x56, 0x00,
    0x25, 0x1A, 0x0E, 0x00, 0x2C, 0x5A, 0x02, 0x00, 0x31, 0x08, 0x57, 0x00, 0x01, 0x00, 0x2F, 0x1A,
    0x0E, 0x00, 0x08, 0x00, 0x01, 0x9A, 0x06, 0x00, 0x02, 0x96, 0x07, 0x00, 0x22, 0x98, 0x56, 0x00,
    0x25, 0xDA, 0x56, 0x00, 0x2B, 0x0E, 0x57, 0x00, 0x2E, 0x96, 0x07, 0x00, 0x30, 0x0C, 0x07, 0x00,
    0x3D, 0x2C, 0x57, 0x00, 0x01, 0x00, 0x28, 0xEE, 0x13, 0x00, 0x02, 0x00, 0x2A, 0xC6, 0x06, 0x00,
    0x32, 0xEE, 0x13, 0x00, 0x04, 0x03, 0x01, 0x9A, 0x06, 0x00, 0x1D, 0x54, 0x57, 0x00, 0x25, 0x5A,
    0x57, 0x00, 0x2B, 0xC6, 0x06, 0x00, 0x00, 0x02, 0x01, 0x01, 0x02, 0x02, 0x02, 0x00, 0x21, 0x3E,
    0x51, 0x00, 0x32, 0xEE, 0x13, 0x00, 0x04, 0x02, 0x01, 0x9A, 0x06, 0x00, 0x1F, 0x16, 0x1C, 0x00,
    0x25, 0x7C, 0x57, 0x00, 0x30, 0xC6, 0x06, 0x00, 0x00, 0x02, 0x01, 0x01, 0x02, 0x00, 0x27, 0x7C,
    0x0B, 0x00, 0x2F, 0xD4, 0x06, 0x00, 0x05, 0x00, 0x01, 0x9A, 0x06, 0x00, 0x1E, 0x1A, 0x0E, 0x00,
    0x20, 0x82, 0x03, 0x00, 0x2E, 0x9C, 0x57, 0x00, 0x2F, 0x64, 0x3F, 0x00, 0x03, 0x00, 0x01, 0x9A,
    0x06, 0x00, 0x02, 0x96, 0x07, 0x00, 0x2F, 0x96, 0x07, 0x00, 0x02, 0x00, 0x01, 0x9A, 0x06, 0x00,
    0x2D, 0x1C, 0x07, 0x00, 0x01, 0x02, 0x01, 0x9A, 0x06, 0x00, 0x01, 0x02, 0x02, 0x01, 0x01, 0x00,
    0x2F, 0x00, 0x42, 0x00, 0x03, 0x01, 0x01, 0x9A, 0x06, 0x00, 0x2E, 0xDE, 0x57, 0x00, 0x2F, 0x12,
    0x0B, 0x00, 0x02, 0x01, 0x21, 0x01, 0x1D, 0xBA, 0x53, 0x00, 0x1E, 0x50, 0x08, 0x00, 0x1F, 0x7C,
    0x1B, 0x00, 0x20, 0x50, 0x08, 0x00, 0x21, 0xFC, 0x0D, 0x00, 0x22, 0x4E, 0x54, 0x00, 0x23, 0x50,
    0x08, 0x00, 0x24, 0x50, 0x08, 0x00, 0x25, 0x8C, 0x54, 0x00, 0x26, 0x50, 0x08, 0x00, 0x27, 0xA6,
    0x54, 0x00, 0x28, 0x34, 0x55, 0x00, 0x29, 0x50, 0x08, 0x00, 0x2A, 0x64, 0x55, 0x00, 0x2B, 0x2E,
    0x56, 0x00, 0x2C, 0x7E, 0x56, 0x00, 0x2D, 0x32, 0x57, 0x00, 0x2E, 0x64, 0x57, 0x00, 0x2F, 0x86,
    0x57, 0x00, 0x30, 0xA6, 0x57, 0x00, 0x31, 0xA6, 0x12, 0x00, 0x32, 0x12, 0x0E, 0x00, 0x33, 0x9A,
    0x0E, 0x00, 0x34, 0xA6, 0x54, 0x00, 0x35, 0x9A, 0x0E, 0x00, 0x36, 0x9A, 0x0E, 0x00, 0x37, 0x5A,
    0x11, 0x00, 0x38, 0x50, 0x08, 0x00, 0x39, 0xBC, 0x57, 0x00, 0x3A, 0xCA, 0x57, 0x00, 0x3B, 0xD4,
    0x57, 0x00, 0x3C, 0x50, 0x08, 0x00, 0x3D, 0xE4, 0x57, 0x00, 0x00, 0x01, 0x03, 0x00, 0x28, 0xA0,
    0x06, 0x00, 0x2B, 0xE6, 0x08, 0x00, 0x2D, 0x7E, 0x08, 0x00, 0x01, 0x00, 0x2A, 0x5C, 0x3B, 0x00,
    0x01, 0x00, 0x1E, 0x1C, 0x54, 0x00, 0x03, 0x00, 0x23, 0x44, 0x01, 0x00, 0x2B, 0x90, 0x58, 0x00,
    0x33, 0xA0, 0x06, 0x00, 0x01, 0x00, 0x30, 0x12, 0x0B, 0x00, 0x01, 0x00, 0x26, 0xA0, 0x06, 0x00,
    0x02, 0x00, 0x25, 0xAA, 0x58, 0x00, 0x30, 0x8E, 0x1D, 0x00, 0x01, 0x00, 0x24, 0xE6, 0x08, 0x00,
    0x03, 0x00, 0x1F, 0x44, 0x01, 0x00, 0x25, 0xBA, 0x58, 0x00, 0x28, 0xAC, 0x14, 0x00, 0x02, 0x00,
    0x27, 0xE6, 0x08, 0x00, 0x2A, 0xE6, 0x08, 0x00, 0x01, 0x00, 0x32, 0xA0, 0x06, 0x00, 0x02, 0x00,
    0x2B, 0xD8, 0x58, 0x00, 0x2E, 0xDC, 0x09, 0x00, 0x02, 0x01, 0x1D, 0xE6, 0x08, 0x00, 0x28, 0xDC,
    0x01, 0x00, 0x03, 0x01, 0x04, 0x00, 0x27, 0xDC, 0x01, 0x00, 0x28, 0xE6, 0x08, 0x00, 0x2C, 0x5A,
    0x02, 0x00, 0x2F, 0xE8, 0x58, 0x00, 0x03, 0x00, 0x1D, 0xDC, 0x0A, 0x00, 0x1F, 0x24, 0x01, 0x00,
    0x2D, 0x0A, 0x0A, 0x00, 0x01, 0x01, 0x2F, 0x96, 0x07, 0x00, 0x00, 0x01, 0x14, 0x00, 0x01, 0x9A,
    0x06, 0x00, 0x02, 0xE6, 0x08, 0x00, 0x1D, 0x44, 0x01, 0x00, 0x1E, 0x7C, 0x58, 0x00, 0x1F, 0x8A,
    0x58, 0x00, 0x20, 0x9A, 0x13, 0x00, 0x21, 0x96, 0x58, 0x00, 0x23, 0xA4, 0x58, 0x00, 0x24, 0xB0,
    0x58, 0x00, 0x27, 0xC0, 0x58, 0x00, 0x28, 0x70, 0x0B, 0x00, 0x29, 0xCE, 0x58, 0x00, 0x2A, 0xDE,
    0x58, 0x00, 0x2C, 0x52, 0x3D, 0x00, 0x2E, 0xF4, 0x58, 0x00, 0x2F, 0x06, 0x59, 0x00, 0x32, 0x0C,
    0x09, 0x00, 0x36, 0x56, 0x33, 0x00, 0x3B, 0xE6, 0x08, 0x00, 0x3C, 0x14, 0x59, 0x00, 0x05, 0x00,
    0x1D, 0xA0, 0x06, 0x00, 0x22, 0x0C, 0x07, 0x00, 0x2B, 0xA0, 0x06, 0x00, 0x3B, 0xA0, 0x06, 0x00,
    0x3D, 0x0C, 0x07, 0x00, 0x01, 0x00, 0x2E, 0x5A, 0x02, 0x00, 0x03, 0x02, 0x01, 0x9A, 0x06, 0x00,
    0x28, 0x6E, 0x59, 0x00, 0x2B, 0x84, 0x59, 0x00, 0x00, 0x02, 0x01, 0x01, 0x04, 0x00, 0x1F, 0x22,
    0x0F, 0x00, 0x27, 0xC6, 0x06, 0x00, 0x2D, 0xC6, 0x06, 0x00, 0x2F, 0xAC, 0x50, 0x00, 0x03, 0x00,
    0x23, 0xC6, 0x06, 0x00, 0x2B, 0x0C, 0x07, 0x00, 0x2F, 0xE6, 0x08, 0x00, 0x02, 0x01, 0x2A, 0xC6,
    0x06, 0x00, 0x2F, 0x0C, 0x07, 0x00, 0x01, 0x01, 0x01, 0x00, 0x21, 0x40, 0x02, 0x00, 0x01, 0x01,
    0x24, 0xC8, 0x59, 0x00, 0x01, 0x01, 0x01, 0x00, 0x2F, 0xE6, 0x08, 0x00, 0x07, 0x00, 0x01, 0x9A,
    0x06, 0x00, 0x1D, 0x9C, 0x59, 0x00, 0x22, 0xAE, 0x59, 0x00, 0x25, 0xBC, 0x59, 0x00, 0x2B, 0xCE,
    0x59, 0x00, 0x39, 0xF6, 0x06, 0x00, 0x3D, 0xD6, 0x59, 0x00, 0x05, 0x01, 0x01, 0x9A, 0x06, 0x00,
    0x1F, 0x0C, 0x07, 0x00, 0x28, 0xD6, 0x07, 0x00, 0x2A, 0x0C, 0x07, 0x00, 0x2D, 0xA0, 0x06, 0x00,
    0x00, 0x02, 0x08, 0x02, 0x01, 0x9A, 0x06, 0x00, 0x1D, 0x90, 0x24, 0x00, 0x1F, 0xD6, 0x07, 0x00,
    0x23, 0xA0, 0x06, 0x00, 0x25, 0xB0, 0x01, 0x00, 0x28, 0x0C, 0x07, 0x00, 0x2B, 0x2E, 0x0E, 0x00,
    0x33, 0x0C, 0x07, 0x00, 0x00, 0x02, 0x01, 0x01, 0x01, 0x00, 0x3C, 0x44, 0x01, 0x00, 0x02, 0x00,
    0x28, 0x38, 0x5A, 0x00, 0x2A, 0x44, 0x01, 0x00, 0x00, 0x01, 0x04, 0x04, 0x01, 0x03, 0x28, 0x48,
    0x5A, 0x00, 0x02, 0x02, 0x03, 0x01, 0x04, 0x02, 0x02, 0x00, 0x2C, 0x4C, 0x5A, 0x00, 0x2E, 0xA0,
    0x06, 0x00, 0x01, 0x00, 0x2B, 0x58, 0x5A, 0x00, 0x03, 0x00, 0x1F, 0x44, 0x01, 0x00, 0x21, 0x44,
    0x01, 0x00, 0x28, 0x44, 0x01, 0x00, 0x01, 0x02, 0x25, 0xBC, 0x02, 0x00, 0x02, 0x03, 0x03, 0x02,
    0x01, 0x00, 0x21, 0x76, 0x5A, 0x00, 0x06, 0x00, 0x27, 0xE6, 0x08, 0x00, 0x28, 0x0A, 0x0A, 0x00,
    0x2A, 0x1C, 0x07, 0x00, 0x2B, 0x1E, 0x16, 0x00, 0x2D, 0xD4, 0x06, 0x00, 0x30, 0x44, 0x01, 0x00,
    0x02, 0x00, 0x28, 0x0A, 0x0A, 0x00, 0x35, 0xE6, 0x08, 0x00, 0x01, 0x01, 0x20, 0xFC, 0x39, 0x00,
    0x00, 0x03, 0x02, 0x00, 0x2A, 0xFE, 0x06, 0x00, 0x2B, 0xAA, 0x5A, 0x00, 0x02, 0x00, 0x27, 0xE6,
    0x08, 0x00, 0x39, 0xE6, 0x08, 0x00, 0x06, 0x00, 0x2A, 0xD4, 0x06, 0x00, 0x2C, 0xD4, 0x06, 0x00,
    0x2D, 0x0A, 0x0A, 0x00, 0x31, 0x0A, 0x0A, 0x00, 0x32, 0xD4, 0x06, 0x00, 0x33, 0x0A, 0x0A, 0x00,
    0x01, 0x00, 0x25, 0x24, 0x01, 0x00, 0x01, 0x00, 0x29, 0xD0, 0x01, 0x00, 0x06, 0x00, 0x27, 0xE0,
    0x5A, 0x00, 0x28, 0xD4, 0x06, 0x00, 0x2C, 0x0A, 0x0A, 0x00, 0x2E, 0xE6, 0x5A, 0x00, 0x2F, 0x00,
    0x52, 0x00, 0x34, 0xD4, 0x06, 0x00, 0x01, 0x00, 0x2F, 0x48, 0x01, 0x00, 0x01, 0x00, 0x34, 0x06,
    0x5B, 0x00, 0x14, 0x00, 0x01, 0x9A, 0x06, 0x00, 0x02, 0xE6, 0x08, 0x00, 0x1F, 0x78, 0x08, 0x00,
    0x20, 0x3E, 0x5A, 0x00, 0x21, 0x62, 0x5A, 0x00, 0x22, 0x68, 0x5A, 0x00, 0x23, 0x80, 0x5A, 0x00,
    0x24, 0x86, 0x5A, 0x00, 0x26, 0x4C, 0x1E, 0x00, 0x27, 0xA0, 0x5A, 0x00, 0x29, 0xB2, 0x5A, 0x00,
    0x2A, 0xBC, 0x5A, 0x00, 0x2B, 0xC6, 0x5A, 0x00, 0x2C, 0x44, 0x1B, 0x00, 0x2D, 0xD0, 0x0F, 0x00,
    0x2E, 0xEC, 0x5A, 0x00, 0x2F, 0x98, 0x3D, 0x00, 0x30, 0x0C, 0x5B, 0x00, 0x34, 0x4C, 0x26, 0x00,
    0x35, 0xC2, 0x1B, 0x00, 0x03, 0x00, 0x02, 0xC6, 0x06, 0x00, 0x29, 0xC6, 0x06, 0x00, 0x2A, 0xC6,
    0x06, 0x00, 0x03, 0x00, 0x01, 0x9A, 0x06, 0x00, 0x1D, 0x64, 0x5B, 0x00, 0x21, 0x28, 0x07, 0x00,
    0x03, 0x01, 0x01, 0x9A, 0x06, 0x00, 0x1F, 0x9A, 0x1D, 0x00, 0x2B, 0xF6, 0x06, 0x00, 0x00, 0x02,
    0x01, 0x01, 0x2D, 0xFA, 0x06, 0x00, 0x03, 0x02, 0x03, 0x00, 0x25, 0x96, 0x07, 0x00, 0x28, 0x2A,
    0x08, 0x00, 0x2A, 0xD0, 0x0F, 0x00, 0x02, 0x00, 0x23, 0x96, 0x07, 0x00, 0x2D, 0x0A, 0x0A, 0x00,
    0x02, 0x00, 0x28, 0x44, 0x01, 0x00, 0x2D, 0x5A, 0x02, 0x00, 0x02, 0x00, 0x2A, 0xD0, 0x0F, 0x00,
    0x34, 0xD0, 0x0F, 0x00, 0x01, 0x01, 0x2E, 0xE6, 0x08, 0x00, 0x01, 0x02, 0x03, 0x00, 0x24, 0x44,
    0x01, 0x00, 0x2E, 0x44, 0x01, 0x00, 0x2F, 0xD4, 0x06, 0x00, 0x03, 0x02, 0x1E, 0xFA, 0x06, 0x00,
    0x2C, 0x96, 0x07, 0x00, 0x2F, 0x94, 0x34, 0x00, 0x02, 0x01, 0x03, 0x02, 0x01, 0x00, 0x25, 0xA8,
    0x04, 0x00, 0x01, 0x00, 0x2F, 0xEC, 0x5B, 0x00, 0x15, 0x00, 0x01, 0x9A, 0x06, 0x00, 0x1D, 0xFA,
    0x06, 0x00, 0x1E, 0x90, 0x5B, 0x00, 0x1F, 0x20, 0x45, 0x00, 0x20, 0x98, 0x5B, 0x00, 0x21, 0xA6,
    0x5B, 0x00, 0x22, 0xB0, 0x5B, 0x00, 0x24, 0xA6, 0x05, 0x00, 0x27, 0xD6, 0x04, 0x00, 0x29, 0xBA,
    0x5B, 0x00, 0x2A, 0xC4, 0x5B, 0x00, 0x2B, 0xCC, 0x5B, 0x00, 0x2D, 0xD0, 0x0F, 0x00, 0x2E, 0xDA,
    0x5B, 0x00, 0x2F, 0x18, 0x2D, 0x00, 0x30, 0xE6, 0x08, 0x00, 0x31, 0x0A, 0x18, 0x00, 0x32, 0xAC,
    0x0A, 0x00, 0x33, 0xE6, 0x08, 0x00, 0x35, 0xE6, 0x08, 0x00, 0x3A, 0xF2, 0x5B, 0x00, 0x04, 0x02,
    0x01, 0x9A, 0x06, 0x00, 0x1F, 0x0C, 0x07, 0x00, 0x28, 0xD6, 0x07, 0x00, 0x2E, 0xD4, 0x06, 0x00,
    0x00, 0x02, 0x01, 0x01, 0x04, 0x03, 0x01, 0x9A, 0x06, 0x00, 0x39, 0x0C, 0x07, 0x00, 0x3B, 0x24,
    0x01, 0x00, 0x3C, 0xC6, 0x06, 0x00, 0x00, 0x02, 0x01, 0x01, 0x02, 0x02, 0x02, 0x01, 0x01, 0x9A,
    0x06, 0x00, 0x34, 0x0C, 0x07, 0x00, 0x00, 0x02, 0x01, 0x00, 0x2E, 0x48, 0x5A, 0x00, 0x02, 0x00,
    0x2B, 0x5A, 0x02, 0x00, 0x2E, 0x40, 0x02, 0x00, 0x00, 0x03, 0x03, 0x03, 0x04, 0x02, 0x05, 0x03,
    0x01, 0x00, 0x29, 0x98, 0x5C, 0x00, 0x01, 0x00, 0x1D, 0xA0, 0x5C, 0x00, 0x01, 0x00, 0x28, 0xA6,
    0x5C, 0x00, 0x01, 0x00, 0x28, 0x5A, 0x02, 0x00, 0x01, 0x00, 0x2E, 0xB2, 0x5C, 0x00, 0x05, 0x02,
    0x01, 0x9A, 0x06, 0x00, 0x1D, 0x88, 0x5C, 0x00, 0x22, 0x8E, 0x5C, 0x00, 0x25, 0xAC, 0x5C, 0x00,
    0x2B, 0xB8, 0x5C, 0x00, 0x00, 0x02, 0x01, 0x01, 0x02, 0x00, 0x22, 0xD2, 0x03, 0x00, 0x3B, 0xA0,
    0x06, 0x00, 0x02, 0x00, 0x28, 0xD8, 0x5C, 0x00, 0x2D, 0x0A, 0x0A, 0x00, 0x01, 0x00, 0x28, 0xE6,
    0x08, 0x00, 0x02, 0x00, 0x2B, 0xEC, 0x5C, 0x00, 0x2D, 0xF4, 0x0A, 0x00, 0x02, 0x01, 0x22, 0x44,
    0x01, 0x00, 0x3D, 0x44, 0x01, 0x00, 0x02, 0x01, 0x06, 0x00, 0x1F, 0xD4, 0x06, 0x00, 0x24, 0xD0,
    0x0F, 0x00, 0x28, 0xFC, 0x5C, 0x00, 0x2B, 0x18, 0x38, 0x00, 0x2D, 0xD4, 0x06, 0x00, 0x39, 0xE6,
    0x08, 0x00, 0x03, 0x00, 0x28, 0x44, 0x01, 0x00, 0x29, 0x44, 0x01, 0x00, 0x32, 0x44, 0x01, 0x00,
    0x01, 0x00, 0x2D, 0xE6, 0x08, 0x00, 0x04, 0x00, 0x1D, 0x30, 0x5D, 0x00, 0x1F, 0x0A, 0x0A, 0x00,
    0x2D, 0xD4, 0x06, 0x00, 0x38, 0xD0, 0x10, 0x00, 0x01, 0x00, 0x2E, 0xD0, 0x01, 0x00, 0x02, 0x00,
    0x2B, 0xBC, 0x16, 0x00, 0x2D, 0xE6, 0x08, 0x00, 0x02, 0x00, 0x2E, 0xE6, 0x08, 0x00, 0x33, 0xE6,
    0x08, 0x00, 0x01, 0x00, 0x25, 0x58, 0x5D, 0x00, 0x01, 0x00, 0x2B, 0x30, 0x5D, 0x00, 0x02, 0x00,
    0x23, 0xE6, 0x08, 0x00, 0x2C, 0xE6, 0x08, 0x00, 0x02, 0x00, 0x1D, 0x6E, 0x5D, 0x00, 0x2B, 0xCA,
    0x39, 0x00, 0x01, 0x00, 0x2C, 0xF6, 0x1A, 0x00, 0x01, 0x00, 0x3B, 0xA0, 0x06, 0x00, 0x02, 0x00,
    0x28, 0x88, 0x5D, 0x00, 0x2E, 0xFA, 0x06, 0x00, 0x03, 0x00, 0x20, 0x4A, 0x10, 0x00, 0x23, 0x0A,
    0x0A, 0x00, 0x30, 0xD4, 0x06, 0x00, 0x02, 0x01, 0x25, 0xA0, 0x06, 0x00, 0x30, 0xA0, 0x06, 0x00,
    0x02, 0x01, 0x07, 0x00, 0x27, 0xA6, 0x5D, 0x00, 0x28, 0xE6, 0x08, 0x00, 0x29, 0xD4, 0x06, 0x00,
    0x2C, 0x0A, 0x0A, 0x00, 0x31, 0x44, 0x01, 0x00, 0x35, 0xE6, 0x08, 0x00, 0x3B, 0xE6, 0x08, 0x00,
    0x00, 0x02, 0x00, 0x01, 0x03, 0x02, 0x01, 0x00, 0x25, 0x44, 0x01, 0x00, 0x03, 0x00, 0x1F, 0xD0,
    0x5D, 0x00, 0x27, 0xE6, 0x08, 0x00, 0x2D, 0xD6, 0x5D, 0x00, 0x01, 0x01, 0x20, 0x3A, 0x01, 0x00,
    0x00, 0x01, 0x01, 0x00, 0x27, 0x7E, 0x08, 0x00, 0x02, 0x00, 0x1D, 0xF2, 0x5D, 0x00, 0x2D, 0xA0,
    0x06, 0x00, 0x02, 0x00, 0x28, 0x44, 0x01, 0x00, 0x2A, 0xFA, 0x06, 0x00, 0x18, 0x00, 0x01, 0x9A,
    0x06, 0x00, 0x02, 0xE6, 0x08, 0x00, 0x1E, 0xE2, 0x5C, 0x00, 0x1F, 0xE8, 0x0A, 0x00, 0x20, 0xF2,
    0x5C, 0x00, 0x21, 0x08, 0x5D, 0x00, 0x22, 0x22, 0x5D, 0x00, 0x24, 0x36, 0x5D, 0x00, 0x25, 0x48,
    0x5D, 0x00, 0x27, 0x4E, 0x5D, 0x00, 0x28, 0x62, 0x5D, 0x00, 0x29, 0x68, 0x5D, 0x00, 0x2A, 0x78,
    0x5D, 0x00, 0x2B, 0x82, 0x5D, 0x00, 0x2C, 0x8E, 0x5D, 0x00, 0x2D, 0x98, 0x5D, 0x00, 0x2E, 0xB2,
    0x5D, 0x00, 0x2F, 0xDC, 0x5D, 0x00, 0x30, 0xEA, 0x5D, 0x00, 0x31, 0xF8, 0x5D, 0x00, 0x32, 0xAC,
    0x0A, 0x00, 0x35, 0x02, 0x5E, 0x00, 0x3C, 0xBA, 0x58, 0x00, 0x3D, 0x30, 0x20, 0x00, 0x02, 0x00,
    0x2B, 0xA0, 0x06, 0x00, 0x3B, 0x0C, 0x07, 0x00, 0x02, 0x01, 0x01, 0x9A, 0x06, 0x00, 0x28, 0x6E,
    0x5E, 0x00, 0x00, 0x02, 0x01, 0x01, 0x28, 0xC6, 0x06, 0x00, 0x04, 0x02, 0x01, 0x00, 0x1F, 0x84,
    0x5E, 0x00, 0x05, 0x02, 0x01, 0x9A, 0x06, 0x00, 0x27, 0xA0, 0x06, 0x00, 0x2A, 0x0C, 0x07, 0x00,
    0x2C, 0xA0, 0x06, 0x00, 0x2F, 0x8C, 0x5E, 0x00, 0x00, 0x04, 0x01, 0x01, 0x02, 0x00, 0x27, 0x0C,
    0x07, 0x00, 0x2F, 0xD6, 0x07, 0x00, 0x01, 0x00, 0x27, 0xAC, 0x5E, 0x00, 0x02, 0x02, 0x1D, 0xFA,
    0x06, 0x00, 0x28, 0xA0, 0x06, 0x00, 0x01, 0x02, 0x02, 0x01, 0x02, 0x00, 0x1E, 0xD6, 0x07, 0x00,
    0x2D, 0xEC, 0x4C, 0x00, 0x01, 0x01, 0x2A, 0xA0, 0x06, 0x00, 0x02, 0x01, 0x03, 0x00, 0x1D, 0xD4,
    0x5E, 0x00, 0x22, 0xD4, 0x06, 0x00, 0x25, 0xD4, 0x06, 0x00, 0x01, 0x00, 0x25, 0xE2, 0x09, 0x00,
    0x02, 0x00, 0x2E, 0x6C, 0x01, 0x00, 0x34, 0xEA, 0x5E, 0x00, 0x01, 0x00, 0x3B, 0xC6, 0x06, 0x00,
    0x01, 0x00, 0x34, 0xD4, 0x06, 0x00, 0x09, 0x02, 0x01, 0x9A, 0x06, 0x00, 0x1D, 0xB6, 0x5E, 0x00,
    0x1F, 0xBC, 0x5E, 0x00, 0x29, 0x0C, 0x07, 0x00, 0x2B, 0xCA, 0x5E, 0x00, 0x2D, 0xDC, 0x5E, 0x00,
    0x30, 0xF0, 0x5E, 0x00, 0x39, 0xFA, 0x5E, 0x00, 0x3C, 0x00, 0x5F, 0x00, 0x00, 0x02, 0x01, 0x01,
    0x01, 0x00, 0x1D, 0xE6, 0x08, 0x00, 0x01, 0x00, 0x1D, 0x12, 0x0B, 0x00, 0x01, 0x00, 0x26, 0xE6,
    0x08, 0x00, 0x01, 0x00, 0x22, 0x3C, 0x5F, 0x00, 0x02, 0x00, 0x1D, 0xD4, 0x06, 0x00, 0x2D, 0x6C,
    0x01, 0x00, 0x03, 0x00, 0x27, 0x24, 0x01, 0x00, 0x28, 0x5A, 0x02, 0x00, 0x2F, 0x48, 0x5F, 0x00,
    0x02, 0x00, 0x1D, 0xE6, 0x08, 0x00, 0x2B, 0xE6, 0x08, 0x00, 0x0C, 0x00, 0x01, 0x9A, 0x06, 0x00,
    0x02, 0xE6, 0x08, 0x00, 0x1E, 0x30, 0x5F, 0x00, 0x20, 0x82, 0x03, 0x00, 0x21, 0x36, 0x5F, 0x00,
    0x23, 0x42, 0x5F, 0x00, 0x27, 0xF8, 0x08, 0x00, 0x28, 0xE6, 0x08, 0x00, 0x2E, 0x52, 0x5F, 0x00,
    0x2F, 0x64, 0x3F, 0x00, 0x32, 0x60, 0x5F, 0x00, 0x34, 0xBC, 0x16, 0x00, 0x01, 0x00, 0x2A, 0xD6,
    0x07, 0x00, 0x01, 0x01, 0x2B, 0x9A, 0x1D, 0x00, 0x02, 0x01, 0x01, 0x00, 0x2C, 0xD6, 0x07, 0x00,
    0x06, 0x01, 0x01, 0x9A, 0x06, 0x00, 0x1F, 0x0C, 0x07, 0x00, 0x25, 0x9C, 0x5F, 0x00, 0x28, 0xA2,
    0x5F, 0x00, 0x2B, 0xAA, 0x5F, 0x00, 0x2D, 0xD4, 0x06, 0x00, 0x00, 0x02, 0x02, 0x01, 0x01, 0x9A,
    0x06, 0x00, 0x1F, 0x0C, 0x07, 0x00, 0x00, 0x02, 0x03, 0x02, 0x01, 0x9A, 0x06, 0x00, 0x28, 0x0C,
    0x07, 0x00, 0x29, 0x0C, 0x07, 0x00, 0x00, 0x02, 0x01, 0x01, 0x03, 0x01, 0x01, 0x9A, 0x06, 0x00,
    0x29, 0x28, 0x07, 0x00, 0x2F, 0xA0, 0x06, 0x00, 0x00, 0x02, 0x09, 0x00, 0x01, 0x9A, 0x06, 0x00,
    0x02, 0xE6, 0x08, 0x00, 0x1E, 0xE6, 0x08, 0x00, 0x21, 0xB0, 0x0D, 0x00, 0x24, 0x96, 0x07, 0x00,
    0x27, 0xE8, 0x0A, 0x00, 0x29, 0xE6, 0x08, 0x00, 0x2E, 0xF2, 0x5D, 0x00, 0x32, 0x7E, 0x08, 0x00,
    0x0A, 0x00, 0x01, 0x9A, 0x06, 0x00, 0x02, 0x96, 0x07, 0x00, 0x22, 0xE6, 0x08, 0x00, 0x25, 0xE6,
    0x08, 0x00, 0x27, 0x96, 0x07, 0x00, 0x2E, 0x96, 0x07, 0x00, 0x2F, 0x96, 0x07, 0x00, 0x3B, 0xE6,
    0x08, 0x00, 0x3C, 0xE6, 0x08, 0x00, 0x3D, 0xE6, 0x08, 0x00, 0x02, 0x00, 0x01, 0x9A, 0x06, 0x00,
    0x28, 0xD4, 0x06, 0x00, 0x03, 0x01, 0x01, 0x9A, 0x06, 0x00, 0x02, 0xE6, 0x08, 0x00, 0x2E, 0xE6,
    0x08, 0x00, 0x01, 0x02, 0x03, 0x00, 0x01, 0x9A, 0x06, 0x00, 0x1F, 0xD8, 0x06, 0x00, 0x3B, 0xE6,
    0x08, 0x00, 0x04, 0x00, 0x27, 0xE6, 0x08, 0x00, 0x2A, 0x1C, 0x07, 0x00, 0x2B, 0x1E, 0x16, 0x00,
    0x30, 0x44, 0x01, 0x00, 0x01, 0x00, 0x2B, 0x1A, 0x0E, 0x00, 0x01, 0x00, 0x2F, 0x00, 0x52, 0x00,
    0x06, 0x00, 0x01, 0x9A, 0x06, 0x00, 0x24, 0x72, 0x60, 0x00, 0x27, 0x4C, 0x1E, 0x00, 0x29, 0x84,
    0x60, 0x00, 0x2A, 0x48, 0x39, 0x00, 0x2E, 0x8A, 0x60, 0x00, 0x21, 0x00, 0x1D, 0x1C, 0x59, 0x00,
    0x1E, 0x8A, 0x59, 0x00, 0x1F, 0xDC, 0x59, 0x00, 0x20, 0xFA, 0x59, 0x00, 0x21, 0x12, 0x5A, 0x00,
    0x22, 0x12, 0x5B, 0x00, 0x23, 0x72, 0x5B, 0x00, 0x24, 0x80, 0x5B, 0x00, 0x25, 0xF8, 0x5B, 0x00,
    0x26, 0x50, 0x08, 0x00, 0x27, 0x4E, 0x5C, 0x00, 0x28, 0x64, 0x5C, 0x00, 0x29, 0x7C, 0x5C, 0x00,
    0x2A, 0xBE, 0x5C, 0x00, 0x2B, 0x0C, 0x5E, 0x00, 0x2C, 0x78, 0x5E, 0x00, 0x2D, 0xFC, 0x0D, 0x00,
    0x2E, 0x92, 0x5E, 0x00, 0x2F, 0x06, 0x5F, 0x00, 0x30, 0x6A, 0x5F, 0x00, 0x31, 0x8E, 0x43, 0x00,
    0x32, 0xB0, 0x5F, 0x00, 0x33, 0xCC, 0x5F, 0x00, 0x34, 0xD8, 0x5F, 0x00, 0x35, 0xEA, 0x5F, 0x00,
    0x36, 0x9A, 0x0E, 0x00, 0x37, 0xAC, 0x2A, 0x00, 0x38, 0xFA, 0x5F, 0x00, 0x39, 0x20, 0x60, 0x00,
    0x3A, 0x4A, 0x60, 0x00, 0x3B, 0x54, 0x60, 0x00, 0x3C, 0x64, 0x60, 0x00, 0x3D, 0x90, 0x60, 0x00,
    0x01, 0x00, 0x2C, 0x4A, 0x10, 0x00, 0x01, 0x00, 0x39, 0x30, 0x61, 0x00, 0x01, 0x00, 0x2C, 0xF6,
    0x06, 0x00, 0x01, 0x00, 0x27, 0x4A, 0x10, 0x00, 0x02, 0x00, 0x28, 0x4A, 0x10, 0x00, 0x2D, 0xD4,
    0x06, 0x00, 0x0B, 0x01, 0x01, 0x9A, 0x06, 0x00, 0x1E, 0xE8, 0x0A, 0x00, 0x21, 0x10, 0x54, 0x00,
    0x27, 0x9A, 0x13, 0x00, 0x28, 0x36, 0x61, 0x00, 0x2C, 0x3C, 0x61, 0x00, 0x2D, 0x42, 0x61, 0x00,
    0x2F, 0x48, 0x61, 0x00, 0x30, 0xE6, 0x1A, 0x00, 0x31, 0xB6, 0x0D, 0x00, 0x32, 0x0A, 0x0A, 0x00,
    0x00, 0x01, 0x01, 0x03, 0x2B, 0x74, 0x22, 0x00, 0x00, 0x02, 0x03, 0x03, 0x04, 0x02, 0x02, 0x00,
    0x24, 0x82, 0x61, 0x00, 0x2E, 0xDC, 0x01, 0x00, 0x00, 0x02, 0x00, 0x02, 0x05, 0x01, 0x01, 0x00,
    0x27, 0x98, 0x61, 0x00, 0x01, 0x00, 0x30, 0x9E, 0x61, 0x00, 0x06, 0x02, 0x01, 0x9A, 0x06, 0x00,
    0x22, 0x8E, 0x61, 0x00, 0x2D, 0xA4, 0x61, 0x00, 0x30, 0x56, 0x0F, 0x00, 0x38, 0x0C, 0x07, 0x00,
    0x3B, 0x96, 0x07, 0x00, 0x00, 0x01, 0x02, 0x02, 0x02, 0x02, 0x01, 0x9A, 0x06, 0x00, 0x22, 0x84,
    0x4D, 0x00, 0x00, 0x01, 0x01, 0x02, 0x04, 0x01, 0x01, 0x9A, 0x06, 0x00, 0x25, 0x0C, 0x07, 0x00,
    0x2A, 0x0C, 0x07, 0x00, 0x2B, 0x0C, 0x07, 0x00, 0x02, 0x02, 0x06, 0x02, 0x01, 0x9A, 0x06, 0x00,
    0x1D, 0x0C, 0x07, 0x00, 0x22, 0x0C, 0x07, 0x00, 0x25, 0xC6, 0x06, 0x00, 0x2B, 0x0C, 0x07, 0x00,
    0x3D, 0x0C, 0x07, 0x00, 0x00, 0x01, 0x02, 0x02, 0x04, 0x00, 0x1F, 0xD4, 0x06, 0x00, 0x28, 0x24,
    0x01, 0x00, 0x2D, 0x7E, 0x08, 0x00, 0x2E, 0x48, 0x5A, 0x00, 0x01, 0x00, 0x1E, 0x3A, 0x01, 0x00,
    0x01, 0x00, 0x22, 0x1A, 0x62, 0x00, 0x04, 0x01, 0x1D, 0xFA, 0x06, 0x00, 0x22, 0xFA, 0x06, 0x00,
    0x2D, 0x6C, 0x01, 0x00, 0x3D, 0xFA, 0x06, 0x00, 0x02, 0x02, 0x02, 0x00, 0x27, 0xA0, 0x06, 0x00,
    0x2F, 0x26, 0x62, 0x00, 0x07, 0x02, 0x01, 0x9A, 0x06, 0x00, 0x20, 0xA4, 0x13, 0x00, 0x24, 0x0A,
    0x0A, 0x00, 0x27, 0x08, 0x62, 0x00, 0x29, 0xF2, 0x31, 0x00, 0x2D, 0x20, 0x62, 0x00, 0x2E, 0x3A,
    0x62, 0x00, 0x00, 0x01, 0x01, 0x02, 0x02, 0x00, 0x29, 0xD4, 0x06, 0x00, 0x2C, 0xD4, 0x06, 0x00,
    0x05, 0x02, 0x01, 0x9A, 0x06, 0x00, 0x24, 0x1A, 0x0E, 0x00, 0x2B, 0x66, 0x62, 0x00, 0x2C, 0xE8,
    0x0A, 0x00, 0x32, 0xD4, 0x06, 0x00, 0x00, 0x01, 0x01, 0x02, 0x04, 0x00, 0x29, 0x96, 0x07, 0x00,
    0x2A, 0xF2, 0x22, 0x00, 0x31, 0x22, 0x0F, 0x00, 0x32, 0x96, 0x07, 0x00, 0x01, 0x00, 0x2A, 0x84,
    0x60, 0x00, 0x01, 0x01, 0x1F, 0xFA, 0x06, 0x00, 0x01, 0x02, 0x01, 0x01, 0x3C, 0xA2, 0x62, 0x00,
    0x02, 0x02, 0x01, 0x01, 0x1D, 0x96, 0x07, 0x00, 0x01, 0x01, 0x03, 0x00, 0x2A, 0xB2, 0x62, 0x00,
    0x2C, 0x76, 0x14, 0x00, 0x35, 0x96, 0x07, 0x00, 0x01, 0x00, 0x1E, 0x96, 0x07, 0x00, 0x02, 0x01,
    0x1D, 0xF6, 0x06, 0x00, 0x25, 0xC8, 0x62, 0x00, 0x02, 0x02, 0x02, 0x00, 0x22, 0x96, 0x07, 0x00,
    0x3D, 0x96, 0x07, 0x00, 0x0B, 0x00, 0x01, 0x9A, 0x06, 0x00, 0x02, 0xA4, 0x29, 0x00, 0x1D, 0x8A,
    0x62, 0x00, 0x1F, 0x6A, 0x32, 0x00, 0x25, 0x9C, 0x62, 0x00, 0x28, 0xAA, 0x62, 0x00, 0x2A, 0x96,
    0x07, 0x00, 0x2B, 0xBA, 0x62, 0x00, 0x2D, 0xCE, 0x62, 0x00, 0x2E, 0xD4, 0x06, 0x00, 0x30, 0xDA,
    0x62, 0x00, 0x05, 0x00, 0x02, 0x56, 0x0F, 0x00, 0x1F, 0xE6, 0x08, 0x00, 0x21, 0xE6, 0x08, 0x00,
    0x29, 0xF6, 0x06, 0x00, 0x3C, 0x56, 0x0F, 0x00, 0x06, 0x00, 0x1F, 0xC6, 0x06, 0x00, 0x22, 0xC6,
    0x06, 0x00, 0x26, 0xF6, 0x06, 0x00, 0x2B, 0x3A, 0x01, 0x00, 0x2F, 0xF6, 0x06, 0x00, 0x3B, 0xC6,
    0x06, 0x00, 0x02, 0x00, 0x02, 0x56, 0x0F, 0x00, 0x33, 0x96, 0x07, 0x00, 0x01, 0x00, 0x30, 0xC6,
    0x06, 0x00, 0x04, 0x00, 0x02, 0x56, 0x0F, 0x00, 0x23, 0x0C, 0x07, 0x00, 0x29, 0x4C, 0x63, 0x00,
    0x2E, 0x56, 0x0F, 0x00, 0x01, 0x00, 0x3B, 0x56, 0x0F, 0x00, 0x03, 0x00, 0x22, 0x56, 0x0F, 0x00,
    0x26, 0x56, 0x0F, 0x00, 0x29, 0x56, 0x0F, 0x00, 0x0B, 0x00, 0x01, 0x9A, 0x06, 0x00, 0x1D, 0x12,
    0x63, 0x00, 0x22, 0x28, 0x63, 0x00, 0x25, 0x42, 0x63, 0x00, 0x2B, 0x52, 0x63, 0x00, 0x30, 0x64,
    0x63, 0x00, 0x38, 0x6A, 0x63, 0x00, 0x39, 0x96, 0x07, 0x00, 0x3B, 0x9A, 0x33, 0x00, 0x3C, 0x56,
    0x0F, 0x00, 0x3D, 0x8A, 0x2B, 0x00, 0x02, 0x00, 0x2E, 0xE6, 0x08, 0x00, 0x3C, 0x26, 0x1A, 0x00,
    0x01, 0x00, 0x2D, 0xC6, 0x06, 0x00, 0x03, 0x01, 0x01, 0x9A, 0x06, 0x00, 0x22, 0xA6, 0x63, 0x00,
    0x30, 0xB0, 0x63, 0x00, 0x01, 0x02, 0x03, 0x00, 0x1E, 0x22, 0x0F, 0x00, 0x2E, 0x0C, 0x07, 0x00,
    0x3C, 0x96, 0x07, 0x00, 0x01, 0x00, 0x23, 0x22, 0x0F, 0x00, 0x01, 0x00, 0x27, 0x56, 0x0F, 0x00,
    0x01, 0x01, 0x24, 0x40, 0x02, 0x00, 0x00, 0x02, 0x07, 0x01, 0x01, 0x9A, 0x06, 0x00, 0x1D, 0xC6,
    0x63, 0x00, 0x22, 0xD4, 0x63, 0x00, 0x25, 0xDA, 0x63, 0x00, 0x2B, 0xE0, 0x63, 0x00, 0x30, 0x8C,
    0x18, 0x00, 0x38, 0x56, 0x0F, 0x00, 0x01, 0x01, 0x01, 0x00, 0x20, 0x0A, 0x0A, 0x00, 0x02, 0x00,
    0x25, 0x22, 0x07, 0x00, 0x30, 0xD4, 0x06, 0x00, 0x01, 0x00, 0x2D, 0x8C, 0x4B, 0x00, 0x04, 0x00,
    0x27, 0xD4, 0x06, 0x00, 0x2C, 0x0A, 0x0A, 0x00, 0x2F, 0x18, 0x64, 0x00, 0x39, 0xA0, 0x06, 0x00,
    0x01, 0x00, 0x1D, 0x92, 0x16, 0x00, 0x02, 0x00, 0x27, 0x30, 0x64, 0x00, 0x2D, 0x44, 0x01, 0x00,
    0x0C, 0x01, 0x01, 0x9A, 0x06, 0x00, 0x1E, 0x10, 0x0A, 0x00, 0x1F, 0x80, 0x3C, 0x00, 0x21, 0xD4,
    0x06, 0x00, 0x24, 0x0A, 0x0A, 0x00, 0x28, 0x08, 0x64, 0x00, 0x29, 0xD0, 0x0F, 0x00, 0x2D, 0x0E,
    0x64, 0x00, 0x2E, 0x1E, 0x64, 0x00, 0x2F, 0x36, 0x64, 0x00, 0x34, 0xAC, 0x0A, 0x00, 0x35, 0x84,
    0x2B, 0x00, 0x00, 0x01, 0x07, 0x00, 0x22, 0x0C, 0x07, 0x00, 0x28, 0x0C, 0x07, 0x00, 0x2A, 0x0C,
    0x07, 0x00, 0x32, 0x0C, 0x07, 0x00, 0x33, 0x22, 0x0F, 0x00, 0x35, 0x0C, 0x07, 0x00, 0x3B, 0x0C,
    0x07, 0x00, 0x02, 0x00, 0x29, 0x0C, 0x07, 0x00, 0x2E, 0x88, 0x3E, 0x00, 0x03, 0x00, 0x24, 0x40,
    0x02, 0x00, 0x28, 0x96, 0x07, 0x00, 0x2E, 0x0C, 0x07, 0x00, 0x07, 0x01, 0x01, 0x9A, 0x06, 0x00,
    0x1D, 0xB8, 0x1C, 0x00, 0x22, 0x74, 0x64, 0x00, 0x25, 0x92, 0x64, 0x00, 0x2A, 0xC6, 0x06, 0x00,
    0x2B, 0x9C, 0x64, 0x00, 0x39, 0x96, 0x07, 0x00, 0x02, 0x02, 0x03, 0x00, 0x1E, 0x0C, 0x07, 0x00,
    0x2E, 0x44, 0x01, 0x00, 0x2F, 0xF6, 0x06, 0x00, 0x02, 0x00, 0x1E, 0x40, 0x03, 0x00, 0x21, 0xE4,
    0x26, 0x00, 0x04, 0x01, 0x01, 0x9A, 0x06, 0x00, 0x02, 0x96, 0x07, 0x00, 0x1D, 0xCA, 0x64, 0x00,
    0x22, 0xD8, 0x64, 0x00, 0x00, 0x01, 0x00, 0x02, 0x00, 0x04, 0x01, 0x05, 0x01, 0x01, 0x22, 0x28,
    0x07, 0x00, 0x01, 0x02, 0x01, 0x00, 0x2D, 0x72, 0x07, 0x00, 0x0C, 0x02, 0x01, 0x9A, 0x06, 0x00,
    0x1D, 0xD2, 0x3A, 0x00, 0x1E, 0x0C, 0x07, 0x00, 0x1F, 0xFE, 0x06, 0x00, 0x25, 0xF6, 0x64, 0x00,
    0x27, 0x28, 0x07, 0x00, 0x28, 0xA0, 0x06, 0x00, 0x2A, 0xFC, 0x64, 0x00, 0x2B, 0x04, 0x65, 0x00,
    0x2C, 0xA0, 0x06, 0x00, 0x2F, 0x44, 0x01, 0x00, 0x34, 0xA0, 0x06, 0x00, 0x00, 0x02, 0x01, 0x01,
    0x05, 0x00, 0x02, 0xA4, 0x29, 0x00, 0x22, 0x78, 0x08, 0x00, 0x28, 0x96, 0x07, 0x00, 0x2B, 0xE8,
    0x0A, 0x00, 0x3C, 0xA0, 0x06, 0x00, 0x00, 0x02, 0x00, 0x01, 0x01, 0x04, 0x02, 0x00, 0x02, 0xC6,
    0x06, 0x00, 0x22, 0xC6, 0x06, 0x00, 0x07, 0x01, 0x02, 0x56, 0x65, 0x00, 0x26, 0xE6, 0x08, 0x00,
    0x28, 0xE6, 0x08, 0x00, 0x2A, 0xE0, 0x12, 0x00, 0x2F, 0x5C, 0x65, 0x00, 0x32, 0x5A, 0x02, 0x00,
    0x35, 0xC6, 0x06, 0x00, 0x01, 0x02, 0x03, 0x00, 0x21, 0x96, 0x07, 0x00, 0x31, 0x96, 0x07, 0x00,
    0x37, 0x96, 0x07, 0x00, 0x07, 0x01, 0x22, 0x0C, 0x07, 0x00, 0x25, 0x0C, 0x07, 0x00, 0x29, 0xF6,
    0x3D, 0x00, 0x2A, 0x86, 0x65, 0x00, 0x34, 0x0C, 0x07, 0x00, 0x35, 0xB4, 0x45, 0x00, 0x3B, 0x0C,
    0x07, 0x00, 0x00, 0x01, 0x02, 0x01, 0x28, 0xA0, 0x06, 0x00, 0x2F, 0xA0, 0x06, 0x00, 0x00, 0x02,
    0x05, 0x00, 0x1D, 0xA0, 0x06, 0x00, 0x22, 0x28, 0x07, 0x00, 0x25, 0xB4, 0x65, 0x00, 0x3C, 0x96,
    0x07, 0x00, 0x3D, 0x28, 0x07, 0x00, 0x01, 0x01, 0x2A, 0xD0, 0x01, 0x00, 0x00, 0x01, 0x03, 0x00,
    0x20, 0x96, 0x07, 0x00, 0x23, 0x96, 0x07, 0x00, 0x2E, 0x96, 0x07, 0x00, 0x0F, 0x00, 0x02, 0xE6,
    0x08, 0x00, 0x1E, 0xD8, 0x34, 0x00, 0x1F, 0xE6, 0x08, 0x00, 0x20, 0xD6, 0x65, 0x00, 0x21, 0xE6,
    0x08, 0x00, 0x22, 0xE6, 0x08, 0x00, 0x25, 0xEE, 0x13, 0x00, 0x27, 0xE6, 0x08, 0x00, 0x29, 0xE6,
    0x08, 0x00, 0x2A, 0xE6, 0x08, 0x00, 0x2D, 0xDE, 0x65, 0x00, 0x2E, 0xE6, 0x08, 0x00, 0x2F, 0xE6,
    0x08, 0x00, 0x33, 0x0C, 0x07, 0x00, 0x3B, 0xE6, 0x08, 0x00, 0x02, 0x00, 0x2E, 0xA8, 0x04, 0x00,
    0x3C, 0xA4, 0x29, 0x00, 0x02, 0x00, 0x21, 0x96, 0x07, 0x00, 0x26, 0xD4, 0x06, 0x00, 0x04, 0x00,
    0x1F, 0x96, 0x07, 0x00, 0x24, 0xD4, 0x06, 0x00, 0x28, 0x96, 0x07, 0x00, 0x36, 0x96, 0x07, 0x00,
    0x04, 0x00, 0x1D, 0xD4, 0x06, 0x00, 0x1F, 0x32, 0x27, 0x00, 0x21, 0xD4, 0x06, 0x00, 0x32, 0xD4,
    0x06, 0x00, 0x02, 0x00, 0x1E, 0xA0, 0x06, 0x00, 0x35, 0xD4, 0x06, 0x00, 0x06, 0x00, 0x02, 0x96,
    0x07, 0x00, 0x1D, 0x2A, 0x66, 0x00, 0x22, 0x34, 0x66, 0x00, 0x25, 0x3E, 0x66, 0x00, 0x2B, 0x50,
    0x66, 0x00, 0x30, 0x62, 0x66, 0x00, 0x02, 0x00, 0x2F, 0xF6, 0x06, 0x00, 0x3B, 0xE6, 0x08, 0x00,
    0x01, 0x00, 0x02, 0x96, 0x07, 0x00, 0x01, 0x00, 0x22, 0x90, 0x66, 0x00, 0x01, 0x01, 0x1F, 0x0C,
    0x07, 0x00, 0x00, 0x01, 0x05, 0x01, 0x02, 0x96, 0x07, 0x00, 0x2E, 0x96, 0x07, 0x00, 0x2F, 0x96,
    0x07, 0x00, 0x3B, 0x1A, 0x0E, 0x00, 0x3C, 0xE6, 0x08, 0x00, 0x01, 0x04, 0x02, 0x00, 0x29, 0xE6,
    0x08, 0x00, 0x32, 0xE6, 0x08, 0x00, 0x05, 0x01, 0x28, 0xE6, 0x08, 0x00, 0x2A, 0xE0, 0x12, 0x00,
    0x2F, 0x5C, 0x65, 0x00, 0x32, 0x5A, 0x02, 0x00, 0x35, 0xC6, 0x06, 0x00, 0x01, 0x02, 0x17, 0x00,
    0x01, 0x9A, 0x06, 0x00, 0x02, 0x96, 0x07, 0x00, 0x1D, 0xE0, 0x12, 0x00, 0x1E, 0x96, 0x07, 0x00,
    0x1F, 0x40, 0x65, 0x00, 0x22, 0x66, 0x65, 0x00, 0x25, 0x94, 0x65, 0x00, 0x27, 0x96, 0x07, 0x00,
    0x28, 0xC0, 0x65, 0x00, 0x29, 0x96, 0x07, 0x00, 0x2A, 0x96, 0x07, 0x00, 0x2B, 0xEC, 0x65, 0x00,
    0x2C, 0x96, 0x07, 0x00, 0x2D, 0x6C, 0x66, 0x00, 0x2E, 0x96, 0x07, 0x00, 0x30, 0x86, 0x66, 0x00,
    0x31, 0x96, 0x07, 0x00, 0x33, 0x96, 0x07, 0x00, 0x34, 0x96, 0x66, 0x00, 0x38, 0x9C, 0x66, 0x00,
    0x39, 0xA4, 0x66, 0x00, 0x3C, 0xBC, 0x66, 0x00, 0x3D, 0xC6, 0x66, 0x00, 0x02, 0x01, 0x1D, 0x40,
    0x02, 0x00, 0x2B, 0x24, 0x01, 0x00, 0x02, 0x02, 0x01, 0x00, 0x1D, 0x6C, 0x01, 0x00, 0x01, 0x00,
    0x22, 0x3A, 0x01, 0x00, 0x03, 0x00, 0x28, 0x5A, 0x02, 0x00, 0x2C, 0x5A, 0x02, 0x00, 0x2F, 0xD4,
    0x06, 0x00, 0x0D, 0x01, 0x01, 0x9A, 0x06, 0x00, 0x1E, 0x3C, 0x67, 0x00, 0x1F, 0xD4, 0x06, 0x00,
    0x20, 0xC2, 0x1B, 0x00, 0x22, 0xB0, 0x0D, 0x00, 0x24, 0xA0, 0x06, 0x00, 0x27, 0x78, 0x08, 0x00,
    0x29, 0x48, 0x67, 0x00, 0x2C, 0x4E, 0x67, 0x00, 0x2E, 0x54, 0x67, 0x00, 0x2F, 0x28, 0x01, 0x00,
    0x31, 0xAC, 0x14, 0x00, 0x32, 0xD4, 0x06, 0x00, 0x00, 0x01, 0x02, 0x00, 0x01, 0x9A, 0x06, 0x00,
    0x22, 0x22, 0x0F, 0x00, 0x02, 0x02, 0x01, 0x9A, 0x06, 0x00, 0x22, 0x22, 0x0F, 0x00, 0x01, 0x01,
    0x02, 0x02, 0x01, 0x00, 0x1D, 0x0C, 0x07, 0x00, 0x01, 0x00, 0x2A, 0xB2, 0x67, 0x00, 0x05, 0x00,
    0x01, 0x9A, 0x06, 0x00, 0x1D, 0x96, 0x07, 0x00, 0x22, 0xB8, 0x67, 0x00, 0x25, 0x56, 0x0F, 0x00,
    0x2B, 0x96, 0x07, 0x00, 0x01, 0x01, 0x2E, 0x0C, 0x07, 0x00, 0x00, 0x01, 0x03, 0x00, 0x1F, 0xC6,
    0x06, 0x00, 0x27, 0x96, 0x07, 0x00, 0x2F, 0x0C, 0x07, 0x00, 0x07, 0x01, 0x01, 0x9A, 0x06, 0x00,
    0x1D, 0xD4, 0x67, 0x00, 0x22, 0xF6, 0x05, 0x00, 0x25, 0xDC, 0x67, 0x00, 0x28, 0xF6, 0x06, 0x00,
    0x2B, 0x96, 0x07, 0x00, 0x3D, 0xF6, 0x05, 0x00, 0x02, 0x02, 0x02, 0x01, 0x01, 0x9A, 0x06, 0x00,
    0x2A, 0xC6, 0x06, 0x00, 0x02, 0x02, 0x02, 0x00, 0x21, 0x5A, 0x02, 0x00, 0x28, 0x5A, 0x02, 0x00,
    0x03, 0x02, 0x01, 0x9A, 0x06, 0x00, 0x02, 0x56, 0x11, 0x00, 0x22, 0x16, 0x68, 0x00, 0x00, 0x01,
    0x02, 0x02, 0x01, 0x01, 0x27, 0x42, 0x3D, 0x00, 0x02, 0x02, 0x06, 0x01, 0x01, 0x9A, 0x06, 0x00,
    0x20, 0x7E, 0x08, 0x00, 0x24, 0xA0, 0x06, 0x00, 0x29, 0x8C, 0x4B, 0x00, 0x2C, 0x52, 0x3D, 0x00,
    0x2E, 0x32, 0x68, 0x00, 0x00, 0x01, 0x01, 0x00, 0x3C, 0x90, 0x66, 0x00, 0x09, 0x00, 0x01, 0x9A,
    0x06, 0x00, 0x02, 0x96, 0x07, 0x00, 0x22, 0xE6, 0x08, 0x00, 0x27, 0x96, 0x07, 0x00, 0x2E, 0x56,
    0x68, 0x00, 0x2F, 0x96, 0x07, 0x00, 0x3B, 0xE6, 0x08, 0x00, 0x3C, 0xE6, 0x08, 0x00, 0x3D, 0xE6,
    0x08, 0x00, 0x03, 0x00, 0x01, 0x9A, 0x06, 0x00, 0x2D, 0xD4, 0x06, 0x00, 0x2E, 0x0C, 0x07, 0x00,
    0x02, 0x02, 0x01, 0x9A, 0x06, 0x00, 0x2E, 0xD4, 0x06, 0x00, 0x00, 0x01, 0x01, 0x02, 0x03, 0x01,
    0x01, 0x9A, 0x06, 0x00, 0x24, 0x96, 0x07, 0x00, 0x2F, 0x64, 0x3F, 0x00, 0x00, 0x01, 0x01, 0x00,
    0x2F, 0x02, 0x23, 0x00, 0x03, 0x02, 0x01, 0x9A, 0x06, 0x00, 0x27, 0x88, 0x5C, 0x00, 0x2E, 0xAE,
    0x68, 0x00, 0x00, 0x01, 0x01, 0x02, 0x21, 0x00, 0x1D, 0x52, 0x61, 0x00, 0x1E, 0xAA, 0x61, 0x00,
    0x1F, 0xC8, 0x61, 0x00, 0x20, 0xD6, 0x61, 0x00, 0x21, 0xEA, 0x61, 0x00, 0x22, 0x44, 0x62, 0x00,
    0x23, 0xF4, 0x16, 0x00, 0x24, 0x22, 0x0D, 0x00, 0x25, 0x70, 0x62, 0x00, 0x26, 0x50, 0x08, 0x00,
    0x27, 0xE4, 0x62, 0x00, 0x28, 0x78, 0x63, 0x00, 0x29, 0xB6, 0x63, 0x00, 0x2A, 0xE8, 0x63, 0x00,
    0x2B, 0x40, 0x64, 0x00, 0x2C, 0xAA, 0x64, 0x00, 0x2D, 0xE2, 0x64, 0x00, 0x2E, 0x0A, 0x65, 0x00,
    0x2F, 0xDE, 0x66, 0x00, 0x30, 0x62, 0x67, 0x00, 0x31, 0x9A, 0x67, 0x00, 0x32, 0xA4, 0x67, 0x00,
    0x33, 0xBE, 0x67, 0x00, 0x34, 0xEA, 0x67, 0x00, 0x35, 0x0A, 0x68, 0x00, 0x36, 0x50, 0x08, 0x00,
    0x37, 0x20, 0x68, 0x00, 0x38, 0x3A, 0x68, 0x00, 0x39, 0x5C, 0x68, 0x00, 0x3A, 0x82, 0x68, 0x00,
    0x3B, 0x90, 0x68, 0x00, 0x3C, 0x9E, 0x68, 0x00, 0x3D, 0xB4, 0x68, 0x00, 0x02, 0x00, 0x28, 0xA0,
    0x06, 0x00, 0x2D, 0x44, 0x01, 0x00, 0x01, 0x00, 0x2D, 0xD8, 0x06, 0x00, 0x01, 0x01, 0x2A, 0xA0,
    0x06, 0x00, 0x00, 0x01, 0x01, 0x00, 0x28, 0xEA, 0x14, 0x00, 0x01, 0x01, 0x2F, 0xD4, 0x06, 0x00,
    0x00, 0x01, 0x0B, 0x00, 0x01, 0x9A, 0x06, 0x00, 0x1E, 0x4C, 0x69, 0x00, 0x1F, 0x56, 0x69, 0x00,
    0x20, 0x5C, 0x69, 0x00, 0x24, 0x0A, 0x0A, 0x00, 0x27, 0x64, 0x69, 0x00, 0x2A, 0x0C, 0x07, 0x00,
    0x2C, 0xE8, 0x0A, 0x00, 0x2E, 0x6A, 0x69, 0x00, 0x2F, 0x78, 0x08, 0x00, 0x36, 0xE6, 0x08, 0x00,
    0x03, 0x00, 0x26, 0xF6, 0x06, 0x00, 0x28, 0xF6, 0x06, 0x00, 0x2F, 0xF6, 0x06, 0x00, 0x00, 0x02,
    0x01, 0x01, 0x03, 0x01, 0x06, 0x00, 0x22, 0xF6, 0x06, 0x00, 0x24, 0xAE, 0x69, 0x00, 0x26, 0x4A,
    0x10, 0x00, 0x2E, 0xF6, 0x06, 0x00, 0x3B, 0x96, 0x07, 0x00, 0x3D, 0xF6, 0x06, 0x00, 0x01, 0x00,
    0x28, 0xF6, 0x06, 0x00, 0x0B, 0x00, 0x01, 0x9A, 0x06, 0x00, 0x02, 0x96, 0x07, 0x00, 0x1D, 0x50,
    0x0F, 0x00, 0x22, 0xA0, 0x69, 0x00, 0x25, 0x96, 0x07, 0x00, 0x2B, 0xB4, 0x69, 0x00, 0x2D, 0x4A,
    0x10, 0x00, 0x30, 0x96, 0x07, 0x00, 0x38, 0x96, 0x07, 0x00, 0x3C, 0x96, 0x07, 0x00, 0x3D, 0xCE,
    0x69, 0x00, 0x03, 0x00, 0x1D, 0x1A, 0x0E, 0x00, 0x28, 0x24, 0x01, 0x00, 0x35, 0x1A, 0x0E, 0x00,
    0x01, 0x00, 0x22, 0x1E, 0x04, 0x00, 0x01, 0x00, 0x1E, 0x40, 0x03, 0x00, 0x02, 0x00, 0x21, 0xAC,
    0x14, 0x00, 0x32, 0xD4, 0x06, 0x00, 0x00, 0x02, 0x02, 0x04, 0x03, 0x01, 0x01, 0x00, 0x28, 0x26,
    0x6A, 0x00, 0x05, 0x00, 0x1D, 0xDC, 0x0A, 0x00, 0x22, 0xAC, 0x1B, 0x00, 0x24, 0x1A, 0x0E, 0x00,
    0x27, 0x5A, 0x02, 0x00, 0x3C, 0x1A, 0x0E, 0x00, 0x04, 0x00, 0x1D, 0xA0, 0x06, 0x00, 0x25, 0x7E,
    0x08, 0x00, 0x2B, 0x7E, 0x08, 0x00, 0x30, 0xA0, 0x06, 0x00, 0x02, 0x00, 0x27, 0x48, 0x6A, 0x00,
    0x2F, 0x3A, 0x01, 0x00, 0x0C, 0x02, 0x01, 0x9A, 0x06, 0x00, 0x20, 0xE6, 0x1A, 0x00, 0x21, 0xD4,
    0x06, 0x00, 0x24, 0x8C, 0x0B, 0x00, 0x27, 0x02, 0x6A, 0x00, 0x28, 0x10, 0x6A, 0x00, 0x29, 0x16,
    0x6A, 0x00, 0x2B, 0x1C, 0x6A, 0x00, 0x2C, 0x2C, 0x6A, 0x00, 0x2D, 0x32, 0x6A, 0x00, 0x2E, 0x5A,
    0x6A, 0x00, 0x32, 0x2A, 0x08, 0x00, 0x00, 0x01, 0x01, 0x02, 0x01, 0x00, 0x2A, 0x1C, 0x07, 0x00,
    0x01, 0x01, 0x2E, 0x6C, 0x01, 0x00, 0x03, 0x02, 0x01, 0x00, 0x29, 0x3A, 0x01, 0x00, 0x01, 0x00,
    0x1D, 0xA8, 0x6A, 0x00, 0x04, 0x00, 0x1F, 0x4A, 0x10, 0x00, 0x21, 0xF6, 0x06, 0x00, 0x23, 0x96,
    0x07, 0x00, 0x31, 0x96, 0x07, 0x00, 0x02, 0x00, 0x28, 0x0A, 0x0A, 0x00, 0x2F, 0x94, 0x34, 0x00,
    0x0D, 0x00, 0x01, 0x9A, 0x06, 0x00, 0x1D, 0x30, 0x20, 0x00, 0x1E, 0xE8, 0x0A, 0x00, 0x21, 0xD0,
    0x0F, 0x00, 0x24, 0x9A, 0x6A, 0x00, 0x25, 0xA0, 0x6A, 0x00, 0x27, 0x44, 0x01, 0x00, 0x28, 0xAE,
    0x6A, 0x00, 0x29, 0x3C, 0x61, 0x00, 0x2A, 0xB4, 0x6A, 0x00, 0x2E, 0xC6, 0x6A, 0x00, 0x31, 0x18,
    0x2D, 0x00, 0x32, 0x78, 0x08, 0x00, 0x02, 0x00, 0x1F, 0xEE, 0x13, 0x00, 0x2A, 0xEE, 0x13, 0x00,
    0x01, 0x00, 0x2F, 0xEE, 0x13, 0x00, 0x05, 0x03, 0x01, 0x9A, 0x06, 0x00, 0x1D, 0x06, 0x6B, 0x00,
    0x22, 0x10, 0x6B, 0x00, 0x2A, 0x1A, 0x0E, 0x00, 0x3D, 0x10, 0x6B, 0x00, 0x00, 0x02, 0x01, 0x01,
    0x02, 0x02, 0x01, 0x00, 0x1E, 0x44, 0x01, 0x00, 0x03, 0x02, 0x01, 0x9A, 0x06, 0x00, 0x2B, 0x32,
    0x6B, 0x00, 0x39, 0x0C, 0x07, 0x00, 0x00, 0x02, 0x01, 0x01, 0x01, 0x01, 0x2F, 0x06, 0x03, 0x00,
    0x03, 0x02, 0x01, 0x00, 0x2E, 0x4A, 0x6B, 0x00, 0x03, 0x01, 0x01, 0x9A, 0x06, 0x00, 0x25, 0x52,
    0x6B, 0x00, 0x36, 0xC6, 0x06, 0x00, 0x02, 0x02, 0x03, 0x00, 0x22, 0x72, 0x2F, 0x00, 0x28, 0x0A,
    0x0A, 0x00, 0x37, 0x96, 0x07, 0x00, 0x01, 0x01, 0x2D, 0xD0, 0x0F, 0x00, 0x02, 0x01, 0x02, 0x00,
    0x29, 0x4A, 0x10, 0x00, 0x2E, 0x96, 0x07, 0x00, 0x01, 0x00, 0x20, 0x96, 0x07, 0x00, 0x05, 0x00,
    0x20, 0xE6, 0x08, 0x00, 0x23, 0xE6, 0x08, 0x00, 0x2E, 0xE6, 0x08, 0x00, 0x30, 0xD4, 0x06, 0x00,
    0x35, 0xE6, 0x08, 0x00, 0x03, 0x00, 0x2A, 0x0A, 0x0A, 0x00, 0x2C, 0x0A, 0x0A, 0x00, 0x33, 0x0A,
    0x0A, 0x00, 0x02, 0x00, 0x21, 0x96, 0x07, 0x00, 0x27, 0xFA, 0x06, 0x00, 0x0C, 0x00, 0x01, 0x9A,
    0x06, 0x00, 0x1E, 0x68, 0x6B, 0x00, 0x1F, 0xE8, 0x0A, 0x00, 0x21, 0x76, 0x6B, 0x00, 0x24, 0x0A,
    0x0A, 0x00, 0x27, 0xD6, 0x04, 0x00, 0x29, 0x7E, 0x6B, 0x00, 0x2A, 0x88, 0x6B, 0x00, 0x2D, 0x8E,
    0x6B, 0x00, 0x2E, 0xA4, 0x6B, 0x00, 0x2F, 0xB2, 0x6B, 0x00, 0x36, 0xE6, 0x08, 0x00, 0x02, 0x02,
    0x01, 0x9A, 0x06, 0x00, 0x1D, 0xE8, 0x1F, 0x00, 0x00, 0x02, 0x02, 0x02, 0x02, 0x00, 0x20, 0x62,
    0x2C, 0x00, 0x23, 0x4A, 0x10, 0x00, 0x01, 0x01, 0x2B, 0x3A, 0x01, 0x00, 0x00, 0x02, 0x03, 0x00,
    0x2B, 0xE6, 0x08, 0x00, 0x30, 0xE6, 0x08, 0x00, 0x39, 0xF6, 0x06, 0x00, 0x03, 0x00, 0x22, 0xF6,
    0x06, 0x00, 0x35, 0xF6, 0x06, 0x00, 0x3D, 0xF6, 0x06, 0x00, 0x02, 0x00, 0x1D, 0xF6, 0x06, 0x00,
    0x2A, 0xF6, 0x06, 0x00, 0x02, 0x02, 0x27, 0x6C, 0x01, 0x00, 0x2F, 0xF6, 0x06, 0x00, 0x00, 0x03,
    0x03, 0x02, 0x01, 0x00, 0x30, 0xF6, 0x06, 0x00, 0x00, 0x03, 0x00, 0x03, 0x01, 0x02, 0x03, 0x02,
    0x0E, 0x00, 0x1D, 0xF6, 0x06, 0x00, 0x1E, 0x0E, 0x6C, 0x00, 0x1F, 0x1C, 0x6C, 0x00, 0x20, 0xF6,
    0x06, 0x00, 0x21, 0xF6, 0x06, 0x00, 0x22, 0xF6, 0x06, 0x00, 0x24, 0x2A, 0x6C, 0x00, 0x2C, 0xB0,
    0x03, 0x00, 0x2E, 0x34, 0x6C, 0x00, 0x2F, 0x42, 0x6C, 0x00, 0x32, 0x48, 0x6C, 0x00, 0x33, 0xF6,
    0x06, 0x00, 0x35, 0x8C, 0x08, 0x00, 0x3B, 0xF6, 0x06, 0x00, 0x01, 0x00, 0x28, 0x40, 0x03, 0x00,
    0x01, 0x00, 0x2E, 0xA4, 0x29, 0x00, 0x0A, 0x00, 0x1E, 0xE6, 0x08, 0x00, 0x1F, 0xF6, 0x06, 0x00,
    0x20, 0x8A, 0x6C, 0x00, 0x28, 0xF6, 0x06, 0x00, 0x29, 0xF6, 0x06, 0x00, 0x2A, 0x90, 0x6C, 0x00,
    0x2B, 0x24, 0x01, 0x00, 0x2F, 0xF6, 0x06, 0x00, 0x31, 0x5A, 0x02, 0x00, 0x36, 0xF6, 0x06, 0x00,
    0x02, 0x00, 0x22, 0x60, 0x21, 0x00, 0x3D, 0x60, 0x21, 0x00, 0x01, 0x00, 0x2F, 0xC0, 0x6C, 0x00,
    0x01, 0x00, 0x2B, 0xF6, 0x06, 0x00, 0x0A, 0x00, 0x20, 0xCE, 0x69, 0x00, 0x22, 0xCA, 0x6C, 0x00,
    0x25, 0xA8, 0x3A, 0x00, 0x26, 0x96, 0x07, 0x00, 0x2C, 0xB2, 0x5C, 0x00, 0x2D, 0xF6, 0x06, 0x00,
    0x2E, 0xD0, 0x6C, 0x00, 0x2F, 0x5A, 0x02, 0x00, 0x33, 0x70, 0x14, 0x00, 0x3B, 0x96, 0x07, 0x00,
    0x05, 0x00, 0x1E, 0xE6, 0x08, 0x00, 0x21, 0x0C, 0x07, 0x00, 0x27, 0x96, 0x07, 0x00, 0x29, 0x0C,
    0x07, 0x00, 0x2F, 0x0C, 0x07, 0x00, 0x0A, 0x00, 0x02, 0xF6, 0x06, 0x00, 0x1F, 0xF6, 0x06, 0x00,
    0x21, 0x4A, 0x10, 0x00, 0x22, 0xF6, 0x06, 0x00, 0x23, 0xF6, 0x06, 0x00, 0x26, 0xF6, 0x06, 0x00,
    0x27, 0xC6, 0x06, 0x00, 0x2F, 0xF6, 0x06, 0x00, 0x36, 0xF6, 0x06, 0x00, 0x3C, 0xF6, 0x06, 0x00,
    0x02, 0x00, 0x32, 0x48, 0x6C, 0x00, 0x35, 0x8C, 0x08, 0x00, 0x15, 0x00, 0x01, 0x9A, 0x06, 0x00,
    0x02, 0xF6, 0x2F, 0x00, 0x1D, 0xFC, 0x6B, 0x00, 0x1E, 0x96, 0x07, 0x00, 0x1F, 0x96, 0x07, 0x00,
    0x20, 0x96, 0x07, 0x00, 0x21, 0x06, 0x6C, 0x00, 0x22, 0x50, 0x6C, 0x00, 0x25, 0x96, 0x6C, 0x00,
    0x29, 0x96, 0x07, 0x00, 0x2A, 0x96, 0x07, 0x00, 0x2B, 0xD6, 0x6C, 0x00, 0x2C, 0x96, 0x07, 0x00,
    0x2D, 0x96, 0x07, 0x00, 0x30, 0x00, 0x6D, 0x00, 0x31, 0x96, 0x07, 0x00, 0x36, 0x96, 0x07, 0x00,
    0x37, 0x96, 0x07, 0x00, 0x38, 0xF6, 0x06, 0x00, 0x3C, 0x16, 0x6D, 0x00, 0x3D, 0x40, 0x6D, 0x00,
    0x01, 0x00, 0x2C, 0x3A, 0x01, 0x00, 0x06, 0x03, 0x01, 0x9A, 0x06, 0x00, 0x1E, 0x0C, 0x07, 0x00,
    0x21, 0x16, 0x1C, 0x00, 0x22, 0xA0, 0x6D, 0x00, 0x29, 0x16, 0x1C, 0x00, 0x2C, 0x16, 0x1C, 0x00,
    0x00, 0x04, 0x01, 0x01, 0x02, 0x02, 0x02, 0x02, 0x01, 0x9A, 0x06, 0x00, 0x29, 0x0C, 0x07, 0x00,
    0x00, 0x02, 0x01, 0x01, 0x01, 0x00, 0x2D, 0x1A, 0x1D, 0x00, 0x02, 0x00, 0x28, 0xD4, 0x06, 0x00,
    0x2F, 0xD4, 0x06, 0x00, 0x03, 0x00, 0x1D, 0xE6, 0x08, 0x00, 0x2B, 0xE6, 0x08, 0x00, 0x39, 0xE6,
    0x08, 0x00, 0x08, 0x00, 0x01, 0x9A, 0x06, 0x00, 0x20, 0x12, 0x0B, 0x00, 0x23, 0xF8, 0x55, 0x00,
    0x2C, 0xD4, 0x6D, 0x00, 0x2E, 0xDA, 0x6D, 0x00, 0x31, 0xE8, 0x0A, 0x00, 0x35, 0xE4, 0x6D, 0x00,
    0x36, 0xE6, 0x08, 0x00, 0x01, 0x01, 0x01, 0x9A, 0x06, 0x00, 0x00, 0x04, 0x03, 0x00, 0x01, 0x9A,
    0x06, 0x00, 0x20, 0x7E, 0x08, 0x00, 0x2E, 0xF2, 0x5D, 0x00, 0x08, 0x01, 0x01, 0x9A, 0x06, 0x00,
    0x02, 0xA4, 0x29, 0x00, 0x22, 0x1A, 0x0E, 0x00, 0x25, 0x1A, 0x0E, 0x00, 0x29, 0xA0, 0x06, 0x00,
    0x2F, 0xA4, 0x29, 0x00, 0x3B, 0x24, 0x01, 0x00, 0x3D, 0x1A, 0x0E, 0x00, 0x00, 0x02, 0x02, 0x01,
    0x01, 0x9A, 0x06, 0x00, 0x2F, 0xD4, 0x06, 0x00, 0x01, 0x02, 0x05, 0x00, 0x01, 0x9A, 0x06, 0x00,
    0x20, 0xE6, 0x08, 0x00, 0x23, 0xE6, 0x08, 0x00, 0x2C, 0xE6, 0x08, 0x00, 0x34, 0x46, 0x22, 0x00,
    0x01, 0x00, 0x27, 0x5A, 0x02, 0x00, 0x01, 0x00, 0x27, 0x48, 0x6A, 0x00, 0x08, 0x02, 0x01, 0x9A,
    0x06, 0x00, 0x20, 0xE6, 0x1A, 0x00, 0x24, 0x8C, 0x0B, 0x00, 0x27, 0x02, 0x6A, 0x00, 0x2C, 0x2C,
    0x6A, 0x00, 0x2D, 0x70, 0x6E, 0x00, 0x2E, 0x76, 0x6E, 0x00, 0x32, 0x2A, 0x08, 0x00, 0x00, 0x01,
    0x01, 0x02, 0x21, 0x00, 0x1D, 0x72, 0x69, 0x00, 0x1E, 0x7C, 0x1B, 0x00, 0x1F, 0xD4, 0x69, 0x00,
    0x20, 0x9A, 0x0E, 0x00, 0x21, 0xFC, 0x0D, 0x00, 0x22, 0x64, 0x6A, 0x00, 0x23, 0x9A, 0x0E, 0x00,
    0x24, 0xFC, 0x0D, 0x00, 0x25, 0xD0, 0x6A, 0x00, 0x26, 0x50, 0x08, 0x00, 0x27, 0x16, 0x6B, 0x00,
    0x28, 0x38, 0x6B, 0x00, 0x29, 0x58, 0x6B, 0x00, 0x2A, 0xFC, 0x0D, 0x00, 0x2B, 0xBC, 0x6B, 0x00,
    0x2C, 0xEE, 0x6B, 0x00, 0x2D, 0x4A, 0x6D, 0x00, 0x2E, 0xA6, 0x6D, 0x00, 0x2F, 0xC6, 0x6D, 0x00,
    0x30, 0xF2, 0x6D, 0x00, 0x31, 0x9A, 0x0E, 0x00, 0x32, 0xFC, 0x0D, 0x00, 0x33, 0x14, 0x6E, 0x00,
    0x34, 0xFC, 0x0D, 0x00, 0x35, 0xA6, 0x12, 0x00, 0x36, 0x9A, 0x0E, 0x00, 0x37, 0xAC, 0x2A, 0x00,
    0x38, 0x1C, 0x6E, 0x00, 0x39, 0x2A, 0x6E, 0x00, 0x3A, 0x9A, 0x0E, 0x00, 0x3B, 0x4E, 0x6E, 0x00,
    0x3C, 0x5A, 0x6E, 0x00, 0x3D, 0x7C, 0x6E, 0x00, 0x03, 0x01, 0x01, 0x9A, 0x06, 0x00, 0x28, 0x8A,
    0x0C, 0x00, 0x2E, 0x0C, 0x07, 0x00, 0x01, 0x01, 0x02, 0x00, 0x21, 0x24, 0x01, 0x00, 0x2E, 0x3A,
    0x01, 0x00, 0x02, 0x01, 0x1D, 0xE6, 0x08, 0x00, 0x3B, 0xFA, 0x06, 0x00, 0x02, 0x01, 0x01, 0x00,
    0x2F, 0x22, 0x0F, 0x00, 0x05, 0x00, 0x01, 0x9A, 0x06, 0x00, 0x22, 0x68, 0x18, 0x00, 0x2B, 0x38,
    0x6F, 0x00, 0x2D, 0x42, 0x6F, 0x00, 0x38, 0x4E, 0x6F, 0x00, 0x06, 0x00, 0x01, 0x9A, 0x06, 0x00,
    0x22, 0xAE, 0x10, 0x00, 0x25, 0xF6, 0x06, 0x00, 0x28, 0xA0, 0x06, 0x00, 0x2B, 0xF6, 0x06, 0x00,
    0x30, 0xF6, 0x06, 0x00, 0x03, 0x01, 0x1D, 0xA0, 0x06, 0x00, 0x22, 0xA0, 0x06, 0x00, 0x3D, 0xA0,
    0x06, 0x00, 0x01, 0x02, 0x03, 0x00, 0x22, 0xD4, 0x06, 0x00, 0x3C, 0xD4, 0x06, 0x00, 0x3D, 0xD4,
    0x06, 0x00, 0x05, 0x00, 0x01, 0x9A, 0x06, 0x00, 0x1F, 0x0C, 0x07, 0x00, 0x28, 0x0C, 0x07, 0x00,
    0x2A, 0x84, 0x6F, 0x00, 0x2D, 0x94, 0x6F, 0x00, 0x01, 0x00, 0x29, 0xD4, 0x06, 0x00, 0x02, 0x00,
    0x1D, 0xB8, 0x6F, 0x00, 0x2B, 0xD4, 0x06, 0x00, 0x05, 0x00, 0x01, 0x9A, 0x06, 0x00, 0x1D, 0x90,
    0x24, 0x00, 0x1F, 0xA0, 0x06, 0x00, 0x2D, 0xBE, 0x6F, 0x00, 0x30, 0xC6, 0x06, 0x00, 0x02, 0x01,
    0x27, 0x7E, 0x08, 0x00, 0x28, 0x44, 0x01, 0x00, 0x02, 0x01, 0x05, 0x01, 0x01, 0x9A, 0x06, 0x00,
    0x21, 0xA0, 0x06, 0x00, 0x28, 0xA0, 0x06, 0x00, 0x2E, 0xDE, 0x6F, 0x00, 0x32, 0xA0, 0x06, 0x00,
    0x01, 0x01, 0x02, 0x00, 0x01, 0x9A, 0x06, 0x00, 0x23, 0x0C, 0x07, 0x00, 0x01, 0x01, 0x2C, 0x5A,
    0x02, 0x00, 0x01, 0x01, 0x03, 0x00, 0x01, 0x9A, 0x06, 0x00, 0x1F, 0x9A, 0x1D, 0x00, 0x2B, 0x0C,
    0x70, 0x00, 0x01, 0x01, 0x1E, 0x24, 0x01, 0x00, 0x01, 0x01, 0x06, 0x00, 0x01, 0x9A, 0x06, 0x00,
    0x1D, 0xF6, 0x06, 0x00, 0x1F, 0xD4, 0x06, 0x00, 0x25, 0xF6, 0x06, 0x00, 0x2B, 0x22, 0x70, 0x00,
    0x30, 0xAE, 0x69, 0x00, 0x01, 0x00, 0x32, 0xF6, 0x06, 0x00, 0x07, 0x00, 0x01, 0x9A, 0x06, 0x00,
    0x1D, 0xF6, 0x06, 0x00, 0x22, 0xF6, 0x06, 0x00, 0x30, 0xF6, 0x06, 0x00, 0x38, 0x44, 0x70, 0x00,
    0x3B, 0xF6, 0x06, 0x00, 0x3D, 0xF6, 0x06, 0x00, 0x02, 0x00, 0x01, 0x9A, 0x06, 0x00, 0x34, 0x0C,
    0x07, 0x00, 0x04, 0x00, 0x01, 0x9A, 0x06, 0x00, 0x1D, 0xC6, 0x06, 0x00, 0x21, 0xB6, 0x0D, 0x00,
    0x39, 0xF6, 0x06, 0x00, 0x09, 0x01, 0x01, 0x9A, 0x06, 0x00, 0x1E, 0xA0, 0x06, 0x00, 0x1F, 0xA0,
    0x06, 0x00, 0x24, 0xB2, 0x67, 0x00, 0x27, 0xA0, 0x06, 0x00, 0x2C, 0xA0, 0x06, 0x00, 0x2E, 0x62,
    0x0A, 0x00, 0x2F, 0x7E, 0x08, 0x00, 0x31, 0xA0, 0x06, 0x00, 0x01, 0x01, 0x01, 0x01, 0x3B, 0xD4,
    0x06, 0x00, 0x01, 0x02, 0x01, 0x00, 0x2B, 0xC6, 0x06, 0x00, 0x03, 0x00, 0x01, 0x9A, 0x06, 0x00,
    0x28, 0xAC, 0x70, 0x00, 0x2D, 0xB4, 0x70, 0x00, 0x01, 0x01, 0x2F, 0xEC, 0x02, 0x00, 0x01, 0x01,
    0x01, 0x00, 0x22, 0x48, 0x01, 0x00, 0x01, 0x01, 0x28, 0x44, 0x01, 0x00, 0x01, 0x02, 0x01, 0x01,
    0x21, 0xD6, 0x70, 0x00, 0x01, 0x01, 0x0C, 0x00, 0x01, 0x9A, 0x06, 0x00, 0x1D, 0xF6, 0x06, 0x00,
    0x22, 0xC8, 0x70, 0x00, 0x25, 0xF6, 0x06, 0x00, 0x27, 0xD0, 0x70, 0x00, 0x2B, 0xDE, 0x70, 0x00,
    0x2F, 0xD6, 0x04, 0x00, 0x30, 0xC6, 0x06, 0x00, 0x38, 0xF6, 0x06, 0x00, 0x3B, 0xF6, 0x06, 0x00,
    0x3C, 0xF6, 0x06, 0x00, 0x3D, 0xF6, 0x06, 0x00, 0x01, 0x00, 0x02, 0xD4, 0x06, 0x00, 0x06, 0x00,
    0x1D, 0xD4, 0x06, 0x00, 0x25, 0xD4, 0x06, 0x00, 0x28, 0x5A, 0x02, 0x00, 0x2B, 0xB8, 0x6F, 0x00,
    0x2D, 0xF6, 0x06, 0x00, 0x30, 0x18, 0x71, 0x00, 0x00, 0x02, 0x04, 0x04, 0x05, 0x03, 0x01, 0x00,
    0x23, 0x38, 0x71, 0x00, 0x02, 0x01, 0x1D, 0x3E, 0x71, 0x00, 0x25, 0xFA, 0x06, 0x00, 0x02, 0x02,
    0x03, 0x00, 0x22, 0xF6, 0x06, 0x00, 0x3C, 0xF6, 0x06, 0x00, 0x3D, 0xF6, 0x06, 0x00, 0x0E, 0x00,
    0x01, 0x9A, 0x06, 0x00, 0x1D, 0xF2, 0x22, 0x00, 0x20, 0xF6, 0x06, 0x00, 0x27, 0x1E, 0x71, 0x00,
    0x28, 0x44, 0x71, 0x00, 0x29, 0xF6, 0x06, 0x00, 0x2A, 0x0C, 0x07, 0x00, 0x2C, 0xA0, 0x06, 0x00,
    0x2E, 0xFA, 0x06, 0x00, 0x2F, 0x50, 0x71, 0x00, 0x31, 0xF6, 0x06, 0x00, 0x33, 0x96, 0x07, 0x00,
    0x34, 0x0C, 0x07, 0x00, 0x39, 0x48, 0x4E, 0x00, 0x01, 0x00, 0x2E, 0xDC, 0x01, 0x00, 0x01, 0x01,
    0x2C, 0x98, 0x71, 0x00, 0x01, 0x01, 0x03, 0x00, 0x22, 0xF6, 0x06, 0x00, 0x3B, 0xC6, 0x06, 0x00,
    0x3D, 0xF6, 0x06, 0x00, 0x0D, 0x00, 0x01, 0x9A, 0x06, 0x00, 0x1D, 0xF6, 0x06, 0x00, 0x22, 0xB0,
    0x63, 0x00, 0x25, 0xF6, 0x06, 0x00, 0x28, 0x90, 0x23, 0x00, 0x2B, 0x9E, 0x71, 0x00, 0x2D, 0xD8,
    0x06, 0x00, 0x30, 0xF6, 0x06, 0x00, 0x38, 0xF6, 0x06, 0x00, 0x39, 0xA6, 0x71, 0x00, 0x3B, 0xE6,
    0x08, 0x00, 0x3C, 0xF6, 0x06, 0x00, 0x3D, 0xB0, 0x63, 0x00, 0x03, 0x01, 0x01, 0x9A, 0x06, 0x00,
    0x20, 0x44, 0x01, 0x00, 0x2E, 0xA0, 0x06, 0x00, 0x01, 0x01, 0x04, 0x00, 0x01, 0x9A, 0x06, 0x00,
    0x25, 0xC6, 0x06, 0x00, 0x28, 0xE8, 0x27, 0x00, 0x2D, 0x0C, 0x07, 0x00, 0x02, 0x00, 0x21, 0xD4,
    0x06, 0x00, 0x2F, 0x44, 0x01, 0x00, 0x00, 0x02, 0x01, 0x03, 0x02, 0x04, 0x01, 0x01, 0x2B, 0x16,
    0x72, 0x00, 0x01, 0x02, 0x01, 0x01, 0x3C, 0xFA, 0x06, 0x00, 0x02, 0x01, 0x05, 0x00, 0x01, 0x9A,
    0x06, 0x00, 0x1D, 0x0C, 0x72, 0x00, 0x1F, 0x1C, 0x72, 0x00, 0x28, 0x24, 0x72, 0x00, 0x2D, 0xD4,
    0x06, 0x00, 0x05, 0x00, 0x01, 0x9A, 0x06, 0x00, 0x22, 0xD8, 0x3A, 0x00, 0x2D, 0xE6, 0x08, 0x00,
    0x39, 0xF6, 0x06, 0x00, 0x3D, 0xD8, 0x3A, 0x00, 0x01, 0x01, 0x1D, 0xD4, 0x06, 0x00, 0x01, 0x02,
    0x06, 0x00, 0x01, 0x9A, 0x06, 0x00, 0x22, 0xC6, 0x06, 0x00, 0x25, 0xC6, 0x06, 0x00, 0x28, 0x58,
    0x72, 0x00, 0x2C, 0x0C, 0x07, 0x00, 0x3D, 0xC6, 0x06, 0x00, 0x21, 0x00, 0x1D, 0x28, 0x6F, 0x00,
    0x1E, 0x54, 0x6F, 0x00, 0x1F, 0x6A, 0x6F, 0x00, 0x20, 0xA2, 0x6F, 0x00, 0x21, 0xC8, 0x6F, 0x00,
    0x22, 0xEA, 0x6F, 0x00, 0x23, 0x02, 0x70, 0x00, 0x24, 0x14, 0x70, 0x00, 0x25, 0x22, 0x0D, 0x00,
    0x26, 0x50, 0x08, 0x00, 0x27, 0x2A, 0x70, 0x00, 0x28, 0x4A, 0x70, 0x00, 0x29, 0x68, 0x70, 0x00,
    0x2A, 0x72, 0x70, 0x00, 0x2B, 0x84, 0x70, 0x00, 0x2C, 0xBA, 0x70, 0x00, 0x2D, 0xE6, 0x70, 0x00,
    0x2E, 0x5E, 0x71, 0x00, 0x2F, 0xB4, 0x71, 0x00, 0x30, 0xEA, 0x71, 0x00, 0x31, 0xFA, 0x71, 0x00,
    0x32, 0x2C, 0x72, 0x00, 0x33, 0x50, 0x08, 0x00, 0x34, 0x42, 0x72, 0x00, 0x35, 0x60, 0x72, 0x00,
    0x36, 0x50, 0x08, 0x00, 0x37, 0x50, 0x08, 0x00, 0x38, 0x50, 0x08, 0x00, 0x39, 0x50, 0x08, 0x00,
    0x3A, 0x9A, 0x0E, 0x00, 0x3B, 0x50, 0x08, 0x00, 0x3C, 0xD4, 0x28, 0x00, 0x3D, 0x22, 0x0D, 0x00,
    0x01, 0x00, 0x21, 0x76, 0x05, 0x00, 0x09, 0x00, 0x01, 0x9A, 0x06, 0x00, 0x1E, 0x7E, 0x08, 0x00,
    0x20, 0xE6, 0x1A, 0x00, 0x24, 0x8C, 0x0B, 0x00, 0x2A, 0x00, 0x73, 0x00, 0x2F, 0x78, 0x08, 0x00,
    0x32, 0xA0, 0x06, 0x00, 0x35, 0x1A, 0x0E, 0x00, 0x3A, 0x24, 0x01, 0x00, 0x00, 0x02, 0x02, 0x01,
    0x03, 0x03, 0x05, 0x00, 0x01, 0x9A, 0x06, 0x00, 0x1F, 0x28, 0x01, 0x00, 0x21, 0x28, 0x01, 0x00,
    0x2B, 0x2C, 0x73, 0x00, 0x2E, 0xF2, 0x5D, 0x00, 0x08, 0x01, 0x01, 0x9A, 0x06, 0x00, 0x1D, 0x46,
    0x03, 0x00, 0x20, 0xE8, 0x0A, 0x00, 0x23, 0xA0, 0x06, 0x00, 0x24, 0x2A, 0x08, 0x00, 0x2A, 0xF8,
    0x55, 0x00, 0x2B, 0xD4, 0x06, 0x00, 0x2F, 0x1A, 0x0E, 0x00, 0x01, 0x04, 0x04, 0x00, 0x01, 0x9A,
    0x06, 0x00, 0x1D, 0x0C, 0x07, 0x00, 0x25, 0x0C, 0x07, 0x00, 0x2B, 0x0C, 0x07, 0x00, 0x01, 0x00,
    0x37, 0x96, 0x07, 0x00, 0x04, 0x00, 0x1F, 0xA0, 0x06, 0x00, 0x20, 0x4A, 0x10, 0x00, 0x2F, 0x04,
    0x13, 0x00, 0x30, 0xD4, 0x06, 0x00, 0x01, 0x00, 0x2C, 0x48, 0x01, 0x00, 0x01, 0x01, 0x2B, 0x96,
    0x73, 0x00, 0x00, 0x03, 0x06, 0x00, 0x01, 0x9A, 0x06, 0x00, 0x1E, 0x7E, 0x73, 0x00, 0x2A, 0x1A,
    0x0E, 0x00, 0x2D, 0x84, 0x73, 0x00, 0x2E, 0xCA, 0x32, 0x00, 0x2F, 0x9C, 0x73, 0x00, 0x04, 0x00,
    0x1E, 0xF6, 0x06, 0x00, 0x24, 0x24, 0x01, 0x00, 0x2E, 0x24, 0x01, 0x00, 0x2F, 0xF6, 0x06, 0x00,
    0x02, 0x00, 0x2A, 0x0C, 0x07, 0x00, 0x2E, 0x44, 0x01, 0x00, 0x02, 0x01, 0x23, 0x0C, 0x07, 0x00,
    0x24, 0x0C, 0x07, 0x00, 0x01, 0x01, 0x01, 0x01, 0x2A, 0x0C, 0x07, 0x00, 0x01, 0x01, 0x06, 0x00,
    0x01, 0x9A, 0x06, 0x00, 0x1D, 0xBE, 0x73, 0x00, 0x22, 0xD0, 0x73, 0x00, 0x25, 0xDA, 0x73, 0x00,
    0x2B, 0xE6, 0x73, 0x00, 0x30, 0xF6, 0x06, 0x00, 0x01, 0x00, 0x2D, 0x0C, 0x07, 0x00, 0x03, 0x02,
    0x01, 0x9A, 0x06, 0x00, 0x29, 0x0C, 0x07, 0x00, 0x2B, 0x08, 0x74, 0x00, 0x00, 0x02, 0x01, 0x01,
    0x04, 0x00, 0x01, 0x9A, 0x06, 0x00, 0x2C, 0x1A, 0x1D, 0x00, 0x2F, 0xC2, 0x1B, 0x00, 0x31, 0x96,
    0x07, 0x00, 0x02, 0x00, 0x01, 0x9A, 0x06, 0x00, 0x02, 0x96, 0x07, 0x00, 0x21, 0x01, 0x1D, 0x06,
    0x73, 0x00, 0x1E, 0xFC, 0x0D, 0x00, 0x1F, 0xFC, 0x0D, 0x00, 0x20, 0x9A, 0x0E, 0x00, 0x21, 0xFC,
    0x0D, 0x00, 0x22, 0x32, 0x73, 0x00, 0x23, 0x50, 0x08, 0x00, 0x24, 0x50, 0x08, 0x00, 0x25, 0x48,
    0x73, 0x00, 0x26, 0x50, 0x08, 0x00, 0x27, 0xFC, 0x0D, 0x00, 0x28, 0x6C, 0x73, 0x00, 0x29, 0x9A,
    0x0E, 0x00, 0x2A, 0xFC, 0x0D, 0x00, 0x2B, 0xA4, 0x73, 0x00, 0x2C, 0x50, 0x08, 0x00, 0x2D, 0xEE,
    0x73, 0x00, 0x2E, 0x00, 0x0F, 0x00, 0x2F, 0x0E, 0x74, 0x00, 0x30, 0x20, 0x74, 0x00, 0x31, 0x9A,
    0x0E, 0x00, 0x32, 0x50, 0x08, 0x00, 0x33, 0x50, 0x08, 0x00, 0x34, 0xFC, 0x0D, 0x00, 0x35, 0xA6,
    0x12, 0x00, 0x36, 0x50, 0x08, 0x00, 0x37, 0x5A, 0x11, 0x00, 0x38, 0x50, 0x08, 0x00, 0x39, 0x32,
    0x74, 0x00, 0x3A, 0x50, 0x08, 0x00, 0x3B, 0xD4, 0x57, 0x00, 0x3C, 0x50, 0x08, 0x00, 0x3D, 0x50,
    0x08, 0x00, 0x00, 0x01, 0x01, 0x00, 0x35, 0xF6, 0x06, 0x00, 0x07, 0x01, 0x01, 0x9A, 0x06, 0x00,
    0x1E, 0xE8, 0x0A, 0x00, 0x21, 0xA0, 0x06, 0x00, 0x27, 0x4A, 0x10, 0x00, 0x2A, 0xCA, 0x07, 0x00,
    0x2B, 0x5A, 0x02, 0x00, 0x2D, 0xC4, 0x74, 0x00, 0x00, 0x01, 0x05, 0x02, 0x01, 0x9A, 0x06, 0x00,
    0x22, 0x56, 0x0F, 0x00, 0x25, 0x56, 0x0F, 0x00, 0x38, 0xC6, 0x06, 0x00, 0x3D, 0x56, 0x0F, 0x00,
    0x00, 0x01, 0x01, 0x02, 0x02, 0x01, 0x01, 0x9A, 0x06, 0x00, 0x2B, 0x5A, 0x02, 0x00, 0x00, 0x01,
    0x01, 0x00, 0x38, 0x4A, 0x10, 0x00, 0x05, 0x01, 0x01, 0x9A, 0x06, 0x00, 0x1D, 0x22, 0x43, 0x00,
    0x22, 0x44, 0x01, 0x00, 0x24, 0x10, 0x75, 0x00, 0x2E, 0x0A, 0x0A, 0x00, 0x00, 0x01, 0x04, 0x00,
    0x1F, 0xF6, 0x06, 0x00, 0x2E, 0xF6, 0x06, 0x00, 0x2F, 0xF6, 0x06, 0x00, 0x33, 0xF6, 0x06, 0x00,
    0x03, 0x00, 0x1E, 0xE6, 0x08, 0x00, 0x2E, 0x0C, 0x07, 0x00, 0x2F, 0xF6, 0x06, 0x00, 0x03, 0x00,
    0x02, 0xC6, 0x06, 0x00, 0x2C, 0x0C, 0x07, 0x00, 0x2D, 0x22, 0x0F, 0x00, 0x02, 0x00, 0x1E, 0xE6,
    0x08, 0x00, 0x2E, 0x0C, 0x07, 0x00, 0x06, 0x00, 0x01, 0x9A, 0x06, 0x00, 0x1D, 0x2E, 0x75, 0x00,
    0x22, 0x40, 0x75, 0x00, 0x2B, 0x4E, 0x75, 0x00, 0x30, 0xF6, 0x06, 0x00, 0x3D, 0x5C, 0x75, 0x00,
    0x02, 0x00, 0x01, 0x9A, 0x06, 0x00, 0x30, 0x22, 0x0F, 0x00, 0x02, 0x02, 0x01, 0x9A, 0x06, 0x00,
    0x38, 0xEE, 0x13, 0x00, 0x00, 0x02, 0x01, 0x01, 0x02, 0x01, 0x22, 0xA0, 0x06, 0x00, 0x2B, 0x12,
    0x0B, 0x00, 0x03, 0x02, 0x02, 0x00, 0x29, 0xF6, 0x06, 0x00, 0x2A, 0x4A, 0x10, 0x00, 0x08, 0x01,
    0x01, 0x9A, 0x06, 0x00, 0x27, 0x1A, 0x1D, 0x00, 0x2C, 0x98, 0x75, 0x00, 0x2D, 0xEA, 0x0F, 0x00,
    0x2E, 0xA4, 0x75, 0x00, 0x31, 0x44, 0x01, 0x00, 0x32, 0x00, 0x0B, 0x00, 0x3C, 0x44, 0x01, 0x00,
    0x00, 0x01, 0x00, 0x03, 0x01, 0x01, 0x03, 0x01, 0x04, 0x02, 0x03, 0x00, 0x24, 0xF6, 0x06, 0x00,
    0x2A, 0xE6, 0x08, 0x00, 0x2E, 0xD2, 0x75, 0x00, 0x01, 0x00, 0x26, 0xF6, 0x06, 0x00, 0x02, 0x00,
    0x2C, 0x84, 0x2B, 0x00, 0x2E, 0x0C, 0x07, 0x00, 0x01, 0x01, 0x34, 0x44, 0x01, 0x00, 0x00, 0x01,
    0x02, 0x00, 0x1F, 0xF6, 0x06, 0x00, 0x29, 0xF8, 0x75, 0x00, 0x07, 0x00, 0x01, 0x9A, 0x06, 0x00,
    0x1D, 0xDA, 0x75, 0x00, 0x22, 0xE8, 0x75, 0x00, 0x25, 0xEE, 0x75, 0x00, 0x2B, 0x00, 0x76, 0x00,
    0x38, 0xF6, 0x06, 0x00, 0x3C, 0xF6, 0x06, 0x00, 0x01, 0x02, 0x1D, 0xFA, 0x06, 0x00, 0x01, 0x01,
    0x02, 0x02, 0x01, 0x00, 0x02, 0xF6, 0x2F, 0x00, 0x0B, 0x00, 0x01, 0x9A, 0x06, 0x00, 0x02, 0xE6,
    0x08, 0x00, 0x20, 0x9A, 0x1D, 0x00, 0x22, 0x96, 0x07, 0x00, 0x26, 0x96, 0x07, 0x00, 0x2A, 0xE6,
    0x08, 0x00, 0x2D, 0x28, 0x76, 0x00, 0x2E, 0xE6, 0x08, 0x00, 0x35, 0xE6, 0x08, 0x00, 0x3B, 0x96,
    0x07, 0x00, 0x3C, 0x32, 0x76, 0x00, 0x02, 0x00, 0x01, 0x9A, 0x06, 0x00, 0x3B, 0x24, 0x01, 0x00,
    0x21, 0x00, 0x1D, 0xCA, 0x74, 0x00, 0x1E, 0xFC, 0x0D, 0x00, 0x1F, 0xEA, 0x74, 0x00, 0x20, 0x9A,
    0x0E, 0x00, 0x21, 0xFA, 0x2C, 0x00, 0x22, 0x04, 0x75, 0x00, 0x23, 0x50, 0x08, 0x00, 0x24, 0xA2,
    0x0E, 0x00, 0x25, 0x16, 0x75, 0x00, 0x26, 0x50, 0x08, 0x00, 0x27, 0xA2, 0x0E, 0x00, 0x28, 0x66,
    0x75, 0x00, 0x29, 0x80, 0x75, 0x00, 0x2A, 0x8A, 0x75, 0x00, 0x2B, 0xAE, 0x75, 0x00, 0x2C, 0x12,
    0x0E, 0x00, 0x2D, 0x0A, 0x76, 0x00, 0x2E, 0x7C, 0x1B, 0x00, 0x2F, 0xFC, 0x0D, 0x00, 0x30, 0x38,
    0x76, 0x00, 0x31, 0x50, 0x08, 0x00, 0x32, 0xA2, 0x0E, 0x00, 0x33, 0x50, 0x08, 0x00, 0x34, 0x7C,
    0x1B, 0x00, 0x35, 0x9A, 0x0E, 0x00, 0x36, 0x50, 0x08, 0x00, 0x37, 0x5A, 0x11, 0x00, 0x38, 0x50,
    0x08, 0x00, 0x39, 0x66, 0x76, 0x00, 0x3A, 0x50, 0x08, 0x00, 0x3B, 0x50, 0x08, 0x00, 0x3C, 0x50,
    0x08, 0x00, 0x3D, 0x50, 0x08, 0x00, 0x05, 0x01, 0x01, 0x9A, 0x06, 0x00, 0x02, 0x1A, 0x0E, 0x00,
    0x29, 0x1A, 0x0E, 0x00, 0x2C, 0xE8, 0x0A, 0x00, 0x32, 0x1A, 0x0E, 0x00, 0x02, 0x01, 0x04, 0x00,
    0x01, 0x9A, 0x06, 0x00, 0x22, 0x0C, 0x07, 0x00, 0x38, 0x96, 0x07, 0x00, 0x3D, 0x0C, 0x07, 0x00,
    0x01, 0x01, 0x1D, 0x88, 0x09, 0x00, 0x02, 0x01, 0x07, 0x00, 0x01, 0x9A, 0x06, 0x00, 0x24, 0xD4,
    0x06, 0x00, 0x27, 0xD4, 0x06, 0x00, 0x2B, 0x4C, 0x26, 0x00, 0x2C, 0x00, 0x0B, 0x00, 0x2E, 0x84,
    0x2B, 0x00, 0x2F, 0x20, 0x77, 0x00, 0x01, 0x02, 0x28, 0x5A, 0x02, 0x00, 0x02, 0x02, 0x03, 0x01,
    0x07, 0x01, 0x01, 0x9A, 0x06, 0x00, 0x27, 0x46, 0x77, 0x00, 0x2B, 0xE8, 0x0A, 0x00, 0x2C, 0x44,
    0x01, 0x00, 0x2E, 0xDC, 0x0A, 0x00, 0x30, 0x5A, 0x02, 0x00, 0x31, 0x28, 0x01, 0x00, 0x02, 0x01,
    0x04, 0x00, 0x01, 0x9A, 0x06, 0x00, 0x1E, 0x9A, 0x1D, 0x00, 0x21, 0x1A, 0x1D, 0x00, 0x2F, 0x4A,
    0x10, 0x00, 0x01, 0x01, 0x01, 0x9A, 0x06, 0x00, 0x00, 0x03, 0x01, 0x01, 0x28, 0x5A, 0x02, 0x00,
    0x02, 0x02, 0x02, 0x01, 0x01, 0x9A, 0x06, 0x00, 0x2C, 0x8A, 0x77, 0x00, 0x00, 0x03, 0x21, 0x01,
    0x1D, 0xF6, 0x76, 0x00, 0x1E, 0xFC, 0x0D, 0x00, 0x1F, 0x0E, 0x77, 0x00, 0x20, 0x9A, 0x0E, 0x00,
    0x21, 0xFC, 0x0D, 0x00, 0x22, 0x28, 0x77, 0x00, 0x23, 0x50, 0x08, 0x00, 0x24, 0xFC, 0x0D, 0x00,
    0x25, 0x50, 0x77, 0x00, 0x26, 0x50, 0x08, 0x00, 0x27, 0x7C, 0x1B, 0x00, 0x28, 0xFC, 0x0D, 0x00,
    0x29, 0x9A, 0x0E, 0x00, 0x2A, 0xFC, 0x0D, 0x00, 0x2B, 0x70, 0x77, 0x00, 0x2C, 0xA6, 0x12, 0x00,
    0x2D, 0xFC, 0x0D, 0x00, 0x2E, 0xFC, 0x0D, 0x00, 0x2F, 0xFC, 0x0D, 0x00, 0x30, 0x82, 0x77, 0x00,
    0x31, 0x50, 0x08, 0x00, 0x32, 0x50, 0x08, 0x00, 0x33, 0x9A, 0x0E, 0x00, 0x34, 0x50, 0x08, 0x00,
    0x35, 0xCA, 0x1C, 0x00, 0x36, 0x50, 0x08, 0x00, 0x37, 0x5A, 0x11, 0x00, 0x38, 0x92, 0x77, 0x00,
    0x39, 0x50, 0x08, 0x00, 0x3A, 0x50, 0x08, 0x00, 0x3B, 0x30, 0x37, 0x00, 0x3C, 0x50, 0x08, 0x00,
    0x3D, 0x50, 0x08, 0x00, 0x00, 0x01, 0x02, 0x00, 0x2D, 0xA0, 0x06, 0x00, 0x33, 0xA0, 0x06, 0x00,
    0x02, 0x00, 0x2B, 0xA0, 0x06, 0x00, 0x38, 0xA0, 0x06, 0x00, 0x02, 0x00, 0x1F, 0x30, 0x78, 0x00,
    0x2D, 0xA0, 0x06, 0x00, 0x04, 0x00, 0x1F, 0x6C, 0x01, 0x00, 0x22, 0xD4, 0x06, 0x00, 0x30, 0xD4,
    0x06, 0x00, 0x3C, 0xD4, 0x06, 0x00, 0x01, 0x00, 0x2F, 0x44, 0x78, 0x00, 0x05, 0x01, 0x01, 0x9A,
    0x06, 0x00, 0x21, 0x26, 0x78, 0x00, 0x22, 0x3A, 0x78, 0x00, 0x2E, 0x56, 0x78, 0x00, 0x2F, 0xE2,
    0x3D, 0x00, 0x00, 0x01, 0x06, 0x01, 0x01, 0x9A, 0x06, 0x00, 0x1F, 0xAC, 0x0A, 0x00, 0x20, 0xE8,
    0x0A, 0x00, 0x2B, 0xD4, 0x06, 0x00, 0x2D, 0x52, 0x6B, 0x00, 0x2E, 0xAC, 0x0A, 0x00, 0x00, 0x01,
    0x02, 0x01, 0x01, 0x9A, 0x06, 0x00, 0x2B, 0x44, 0x01, 0x00, 0x01, 0x02, 0x03, 0x01, 0x01, 0x9A,
    0x06, 0x00, 0x27, 0x1A, 0x0E, 0x00, 0x33, 0x1A, 0x0E, 0x00, 0x00, 0x01, 0x02, 0x01, 0x20, 0xC6,
    0x06, 0x00, 0x23, 0xC6, 0x06, 0x00, 0x01, 0x02, 0x01, 0x01, 0x02, 0x0C, 0x07, 0x00, 0x00, 0x02,
    0x05, 0x00, 0x01, 0x9A, 0x06, 0x00, 0x1D, 0x22, 0x0F, 0x00, 0x22, 0xAC, 0x78, 0x00, 0x25, 0xB8,
    0x78, 0x00, 0x2B, 0x22, 0x0F, 0x00, 0x04, 0x01, 0x01, 0x9A, 0x06, 0x00, 0x1D, 0x96, 0x07, 0x00,
    0x22, 0x96, 0x07, 0x00, 0x2B, 0x0C, 0x07, 0x00, 0x00, 0x01, 0x05, 0x00, 0x01, 0x9A, 0x06, 0x00,
    0x1D, 0x4A, 0x10, 0x00, 0x22, 0x0C, 0x07, 0x00, 0x29, 0x96, 0x07, 0x00, 0x3D, 0x0C, 0x07, 0x00,
    0x02, 0x01, 0x01, 0x9A, 0x06, 0x00, 0x27, 0x1A, 0x0E, 0x00, 0x00, 0x01, 0x09, 0x00, 0x01, 0x9A,
    0x06, 0x00, 0x02, 0x96, 0x07, 0x00, 0x22, 0xE6, 0x08, 0x00, 0x25, 0xE6, 0x08, 0x00, 0x2E, 0x96,
    0x07, 0x00, 0x2F, 0x96, 0x07, 0x00, 0x3B, 0xE6, 0x08, 0x00, 0x3C, 0xE6, 0x08, 0x00, 0x3D, 0xE6,
    0x08, 0x00, 0x02, 0x01, 0x01, 0x9A, 0x06, 0x00, 0x2D, 0x52, 0x6B, 0x00, 0x00, 0x01, 0x21, 0x00,
    0x1D, 0x5C, 0x78, 0x00, 0x1E, 0xFC, 0x0D, 0x00, 0x1F, 0x22, 0x0D, 0x00, 0x20, 0x50, 0x08, 0x00,
    0x21, 0xFC, 0x0D, 0x00, 0x22, 0x74, 0x78, 0x00, 0x23, 0x90, 0x78, 0x00, 0x24, 0x50, 0x08, 0x00,
    0x25, 0x9C, 0x78, 0x00, 0x26, 0x50, 0x08, 0x00, 0x27, 0xFC, 0x0D, 0x00, 0x28, 0xC0, 0x78, 0x00,
    0x29, 0xD6, 0x78, 0x00, 0x2A, 0xFC, 0x0D, 0x00, 0x2B, 0x82, 0x77, 0x00, 0x2C, 0x50, 0x08, 0x00,
    0x2D, 0x50, 0x08, 0x00, 0x2E, 0xFC, 0x0D, 0x00, 0x2F, 0xEA, 0x78, 0x00, 0x30, 0x00, 0x79, 0x00,
    0x31, 0x50, 0x08, 0x00, 0x32, 0xCE, 0x3B, 0x00, 0x33, 0x50, 0x08, 0x00, 0x34, 0xFC, 0x0D, 0x00,
    0x35, 0x50, 0x08, 0x00, 0x36, 0x50, 0x08, 0x00, 0x37, 0x5A, 0x11, 0x00, 0x38, 0x50, 0x08, 0x00,
    0x39, 0x0C, 0x79, 0x00, 0x3A, 0x50, 0x08, 0x00, 0x3B, 0x50, 0x08, 0x00, 0x3C, 0x50, 0x08, 0x00,
    0x3D, 0x32, 0x79, 0x00, 0x02, 0x00, 0x2A, 0xA0, 0x06, 0x00, 0x2D, 0x7E, 0x08, 0x00, 0x01, 0x00,
    0x27, 0xD6, 0x04, 0x00, 0x08, 0x00, 0x01, 0x9A, 0x06, 0x00, 0x1E, 0xE8, 0x0A, 0x00, 0x20, 0xC4,
    0x79, 0x00, 0x21, 0x12, 0x0B, 0x00, 0x2A, 0xCE, 0x79, 0x00, 0x2D, 0x9A, 0x0A, 0x00, 0x2E, 0x4C,
    0x26, 0x00, 0x2F, 0xB4, 0x53, 0x00, 0x02, 0x01, 0x01, 0x9A, 0x06, 0x00, 0x22, 0xD2, 0x17, 0x00,
    0x01, 0x02, 0x06, 0x00, 0x01, 0x9A, 0x06, 0x00, 0x20, 0xE8, 0x0A, 0x00, 0x27, 0xD4, 0x06, 0x00,
    0x2B, 0x0A, 0x0A, 0x00, 0x2C, 0xC2, 0x1B, 0x00, 0x2E, 0x0A, 0x0A, 0x00, 0x04, 0x00, 0x01, 0x9A,
    0x06, 0x00, 0x1E, 0xE8, 0x0A, 0x00, 0x2C, 0xE8, 0x0A, 0x00, 0x31, 0x28, 0x01, 0x00, 0x02, 0x03,
    0x01, 0x9A, 0x06, 0x00, 0x2B, 0x54, 0x57, 0x00, 0x00, 0x02, 0x01, 0x01, 0x02, 0x02, 0x02, 0x00,
    0x26, 0x4A, 0x10, 0x00, 0x2A, 0x96, 0x07, 0x00, 0x07, 0x00, 0x02, 0x0C, 0x07, 0x00, 0x1F, 0x96,
    0x07, 0x00, 0x28, 0x96, 0x07, 0x00, 0x2A, 0x0C, 0x07, 0x00, 0x2E, 0x0C, 0x07, 0x00, 0x2F, 0x8A,
    0x0C, 0x00, 0x31, 0x0C, 0x07, 0x00, 0x03, 0x00, 0x02, 0x0C, 0x07, 0x00, 0x1F, 0x96, 0x07, 0x00,
    0x20, 0x0C, 0x07, 0x00, 0x06, 0x00, 0x22, 0x96, 0x07, 0x00, 0x27, 0x96, 0x07, 0x00, 0x2C, 0x0C,
    0x07, 0x00, 0x2F, 0x96, 0x07, 0x00, 0x34, 0x96, 0x07, 0x00, 0x3B, 0x96, 0x07, 0x00, 0x08, 0x00,
    0x01, 0x9A, 0x06, 0x00, 0x22, 0x3E, 0x7A, 0x00, 0x25, 0x48, 0x7A, 0x00, 0x2B, 0x66, 0x7A, 0x00,
    0x38, 0xF6, 0x06, 0x00, 0x3B, 0x0C, 0x07, 0x00, 0x3C, 0x74, 0x7A, 0x00, 0x3D, 0xD6, 0x39, 0x00,
    0x01, 0x02, 0x02, 0x70, 0x14, 0x00, 0x00, 0x03, 0x01, 0x02, 0x02, 0x01, 0x01, 0x9A, 0x06, 0x00,
    0x38, 0xB0, 0x7A, 0x00, 0x00, 0x02, 0x03, 0x02, 0x01, 0x9A, 0x06, 0x00, 0x25, 0xA4, 0x29, 0x00,
    0x30, 0x08, 0x74, 0x00, 0x00, 0x02, 0x01, 0x01, 0x02, 0x02, 0x01, 0x9A, 0x06, 0x00, 0x2D, 0xC6,
    0x06, 0x00, 0x01, 0x02, 0x02, 0x02, 0x03, 0x00, 0x01, 0x9A, 0x06, 0x00, 0x25, 0xF6, 0x06, 0x00,
    0x2E, 0x96, 0x07, 0x00, 0x03, 0x00, 0x01, 0x9A, 0x06, 0x00, 0x22, 0xB0, 0x0D, 0x00, 0x2E, 0x22,
    0x43, 0x00, 0x07, 0x01, 0x01, 0x9A, 0x06, 0x00, 0x02, 0xA4, 0x29, 0x00, 0x22, 0x1A, 0x0E, 0x00,
    0x25, 0x1A, 0x0E, 0x00, 0x3B, 0x1A, 0x0E, 0x00, 0x3C, 0x1A, 0x0E, 0x00, 0x3D, 0x1A, 0x0E, 0x00,
    0x00, 0x02, 0x21, 0x01, 0x1D, 0xD4, 0x79, 0x00, 0x1E, 0xFC, 0x0D, 0x00, 0x1F, 0xF6, 0x79, 0x00,
    0x20, 0x50, 0x08, 0x00, 0x21, 0x50, 0x08, 0x00, 0x22, 0x02, 0x7A, 0x00, 0x23, 0x50, 0x08, 0x00,
    0x24, 0x50, 0x08, 0x00, 0x25, 0x1C, 0x7A, 0x00, 0x26, 0x50, 0x08, 0x00, 0x27, 0x2E, 0x7A, 0x00,
    0x28, 0x8E, 0x7A, 0x00, 0x29, 0xBA, 0x7A, 0x00, 0x2A, 0xC6, 0x7A, 0x00, 0x2B, 0x50, 0x08, 0x00,
    0x2C, 0xD8, 0x7A, 0x00, 0x2D, 0xFC, 0x0D, 0x00, 0x2E, 0xFC, 0x0D, 0x00, 0x2F, 0xE6, 0x7A, 0x00,
    0x30, 0xF4, 0x7A, 0x00, 0x31, 0x9A, 0x0E, 0x00, 0x32, 0x22, 0x0D, 0x00, 0x33, 0x9A, 0x0E, 0x00,
    0x34, 0xFC, 0x0D, 0x00, 0x35, 0x50, 0x08, 0x00, 0x36, 0x50, 0x08, 0x00, 0x37, 0x5A, 0x11, 0x00,
    0x38, 0x50, 0x08, 0x00, 0x39, 0x02, 0x7B, 0x00, 0x3A, 0x50, 0x08, 0x00, 0x3B, 0xD4, 0x57, 0x00,
    0x3C, 0x50, 0x08, 0x00, 0x3D, 0x50, 0x08, 0x00, 0x00, 0x01, 0x08, 0x00, 0x01, 0x9A, 0x06, 0x00,
    0x1E, 0x44, 0x47, 0x00, 0x20, 0xE8, 0x0A, 0x00, 0x21, 0x28, 0x01, 0x00, 0x25, 0xA0, 0x6A, 0x00,
    0x2E, 0xD4, 0x06, 0x00, 0x32, 0xD4, 0x06, 0x00, 0x35, 0xC2, 0x14, 0x00, 0x02, 0x00, 0x01, 0x9A,
    0x06, 0x00, 0x2C, 0x52, 0x3D, 0x00, 0x21, 0x01, 0x1D, 0x50, 0x08, 0x00, 0x1E, 0x50, 0x08, 0x00,
    0x1F, 0xCA, 0x1C, 0x00, 0x20, 0x50, 0x08, 0x00, 0x21, 0x50, 0x08, 0x00, 0x22, 0xAA, 0x7B, 0x00,
    0x23, 0x50, 0x08, 0x00, 0x24, 0x50, 0x08, 0x00, 0x25, 0xCC, 0x7B, 0x00, 0x26, 0x50, 0x08, 0x00,
    0x27, 0x50, 0x08, 0x00, 0x28, 0x50, 0x08, 0x00, 0x29, 0x9A, 0x0E, 0x00, 0x2A, 0xFC, 0x0D, 0x00,
    0x2B, 0x50, 0x08, 0x00, 0x2C, 0x50, 0x08, 0x00, 0x2D, 0xFC, 0x0D, 0x00, 0x2E, 0x50, 0x08, 0x00,
    0x2F, 0x50, 0x08, 0x00, 0x30, 0x50, 0x08, 0x00, 0x31, 0x50, 0x08, 0x00, 0x32, 0x50, 0x08, 0x00,
    0x33, 0x50, 0x08, 0x00, 0x34, 0x50, 0x08, 0x00, 0x35, 0x50, 0x08, 0x00, 0x36, 0x50, 0x08, 0x00,
    0x37, 0x5A, 0x11, 0x00, 0x38, 0x50, 0x08, 0x00, 0x39, 0x32, 0x74, 0x00, 0x3A, 0x50, 0x08, 0x00,
    0x3B, 0x50, 0x08, 0x00, 0x3C, 0x50, 0x08, 0x00, 0x3D, 0x50, 0x08, 0x00, 0x00, 0x01, 0x00, 0x02,
    0x01, 0x02, 0x02, 0x02, 0x07, 0x00, 0x01, 0x9A, 0x06, 0x00, 0x20, 0xA0, 0x06, 0x00, 0x21, 0x82,
    0x0C, 0x00, 0x28, 0xA0, 0x06, 0x00, 0x2D, 0x5E, 0x7C, 0x00, 0x2E, 0xA0, 0x06, 0x00, 0x32, 0xC4,
    0x07, 0x00, 0x02, 0x01, 0x01, 0x9A, 0x06, 0x00, 0x2A, 0xFA, 0x06, 0x00, 0x02, 0x02, 0x02, 0x00,
    0x01, 0x9A, 0x06, 0x00, 0x2D, 0x5E, 0x7C, 0x00, 0x21, 0x01, 0x1D, 0x50, 0x08, 0x00, 0x1E, 0x50,
    0x08, 0x00, 0x1F, 0x50, 0x08, 0x00, 0x20, 0x50, 0x08, 0x00, 0x21, 0x50, 0x08, 0x00, 0x22, 0x64,
    0x7C, 0x00, 0x23, 0x50, 0x08, 0x00, 0x24, 0x50, 0x08, 0x00, 0x25, 0x50, 0x08, 0x00, 0x26, 0x50,
    0x08, 0x00, 0x27, 0x50, 0x08, 0x00, 0x28, 0x50, 0x08, 0x00, 0x29, 0x50, 0x08, 0x00, 0x2A, 0x50,
    0x08, 0x00, 0x2B, 0x50, 0x08, 0x00, 0x2C, 0x50, 0x08, 0x00, 0x2D, 0x50, 0x08, 0x00, 0x2E, 0x50,
    0x08, 0x00, 0x2F, 0x50, 0x08, 0x00, 0x30, 0x50, 0x08, 0x00, 0x31, 0x50, 0x08, 0x00, 0x32, 0x50,
    0x08, 0x00, 0x33, 0x50, 0x08, 0x00, 0x34, 0x50, 0x08, 0x00, 0x35, 0x50, 0x08, 0x00, 0x36, 0x50,
    0x08, 0x00, 0x37, 0x50, 0x08, 0x00, 0x38, 0x50, 0x08, 0x00, 0x39, 0x50, 0x08, 0x00, 0x3A, 0x50,
    0x08, 0x00, 0x3B, 0x12, 0x0E, 0x00, 0x3C, 0x82, 0x7C, 0x00, 0x3D, 0x8E, 0x7C, 0x00, 0x01, 0x01,
    0x05, 0x00, 0x01, 0x9A, 0x06, 0x00, 0x1D, 0xC6, 0x06, 0x00, 0x25, 0xC6, 0x06, 0x00, 0x28, 0xA0,
    0x06, 0x00, 0x2A, 0x0C, 0x07, 0x00, 0x04, 0x00, 0x22, 0xA0, 0x06, 0x00, 0x2B, 0xD6, 0x07, 0x00,
    0x3C, 0x0C, 0x07, 0x00, 0x3D, 0xA0, 0x06, 0x00, 0x03, 0x00, 0x01, 0x9A, 0x06, 0x00, 0x28, 0x0C,
    0x07, 0x00, 0x2D, 0x36, 0x7D, 0x00, 0x05, 0x00, 0x01, 0x9A, 0x06, 0x00, 0x1F, 0xFE, 0x09, 0x00,
    0x21, 0xA0, 0x06, 0x00, 0x28, 0x0C, 0x07, 0x00, 0x2A, 0x18, 0x33, 0x00, 0x02, 0x01, 0x01, 0x9A,
    0x06, 0x00, 0x20, 0x24, 0x01, 0x00, 0x02, 0x02, 0x01, 0x01, 0x2B, 0x16, 0x1C, 0x00, 0x02, 0x02,
    0x05, 0x00, 0x01, 0x9A, 0x06, 0x00, 0x1F, 0xD6, 0x07, 0x00, 0x28, 0x78, 0x7D, 0x00, 0x2B, 0x42,
    0x09, 0x00, 0x2E, 0xD4, 0x06, 0x00, 0x01, 0x00, 0x28, 0x48, 0x01, 0x00, 0x01, 0x00, 0x2E, 0x96,
    0x7D, 0x00, 0x02, 0x00, 0x01, 0x9A, 0x06, 0x00, 0x2B, 0x9C, 0x7D, 0x00, 0x02, 0x00, 0x01, 0x9A,
    0x06, 0x00, 0x2B, 0xC6, 0x06, 0x00, 0x01, 0x00, 0x32, 0x44, 0x01, 0x00, 0x06, 0x00, 0x01, 0x9A,
    0x06, 0x00, 0x1D, 0x48, 0x5D, 0x00, 0x1F, 0xA0, 0x06, 0x00, 0x22, 0xB6, 0x7D, 0x00, 0x39, 0x10,
    0x1C, 0x00, 0x3D, 0xB6, 0x7D, 0x00, 0x02, 0x00, 0x25, 0xD4, 0x06, 0x00, 0x30, 0xD4, 0x06, 0x00,
    0x0B, 0x00, 0x01, 0x9A, 0x06, 0x00, 0x1D, 0xC6, 0x06, 0x00, 0x22, 0xC6, 0x06, 0x00, 0x27, 0xD6,
    0x7D, 0x00, 0x2A, 0x0C, 0x07, 0x00, 0x2B, 0xC6, 0x06, 0x00, 0x2C, 0xA0, 0x06, 0x00, 0x32, 0x0C,
    0x07, 0x00, 0x34, 0xA0, 0x06, 0x00, 0x35, 0x0C, 0x07, 0x00, 0x3D, 0xC6, 0x06, 0x00, 0x04, 0x00,
    0x01, 0x9A, 0x06, 0x00, 0x1F, 0xD8, 0x06, 0x00, 0x2D, 0xA0, 0x06, 0x00, 0x39, 0x50, 0x35, 0x00,
    0x03, 0x00, 0x01, 0x9A, 0x06, 0x00, 0x28, 0xD6, 0x07, 0x00, 0x39, 0xC6, 0x06, 0x00, 0x02, 0x00,
    0x01, 0x9A, 0x06, 0x00, 0x1F, 0x90, 0x23, 0x00, 0x21, 0x01, 0x1D, 0x50, 0x08, 0x00, 0x1E, 0xEC,
    0x0C, 0x00, 0x1F, 0x50, 0x08, 0x00, 0x20, 0x20, 0x7D, 0x00, 0x21, 0x48, 0x7D, 0x00, 0x22, 0x12,
    0x0E, 0x00, 0x23, 0x20, 0x32, 0x00, 0x24, 0x56, 0x7D, 0x00, 0x25, 0x6C, 0x7D, 0x00, 0x26, 0x50,
    0x08, 0x00, 0x27, 0x80, 0x7D, 0x00, 0x28, 0xBA, 0x36, 0x00, 0x29, 0x68, 0x70, 0x00, 0x2A, 0xA2,
    0x7D, 0x00, 0x2B, 0x50, 0x08, 0x00, 0x2C, 0xAC, 0x7D, 0x00, 0x2D, 0xBC, 0x7D, 0x00, 0x2E, 0xE0,
    0x7D, 0x00, 0x2F, 0x0E, 0x7E, 0x00, 0x30, 0x12, 0x0E, 0x00, 0x31, 0x50, 0x08, 0x00, 0x32, 0x50,
    0x08, 0x00, 0x33, 0x50, 0x08, 0x00, 0x34, 0x50, 0x08, 0x00, 0x35, 0x20, 0x7E, 0x00, 0x36, 0x50,
    0x08, 0x00, 0x37, 0x50, 0x08, 0x00, 0x38, 0x50, 0x08, 0x00, 0x39, 0x50, 0x08, 0x00, 0x3A, 0x50,
    0x08, 0x00, 0x3B, 0x50, 0x08, 0x00, 0x3C, 0x2E, 0x7E, 0x00, 0x3D, 0x50, 0x08, 0x00, 0x01, 0x01,
    0x01, 0x00, 0x2F, 0x3A, 0x01, 0x00, 0x02, 0x01, 0x01, 0x9A, 0x06, 0x00, 0x1D, 0xC0, 0x7E, 0x00,
    0x02, 0x02, 0x02, 0x00, 0x01, 0x9A, 0x06, 0x00, 0x3C, 0x0C, 0x07, 0x00, 0x02, 0x00, 0x01, 0x9A,
    0x06, 0x00, 0x33, 0x0C, 0x07, 0x00, 0x04, 0x01, 0x01, 0x9A, 0x06, 0x00, 0x24, 0x8C, 0x0B, 0x00,
    0x27, 0xD4, 0x06, 0x00, 0x2E, 0xF2, 0x5D, 0x00, 0x01, 0x02, 0x02, 0x00, 0x01, 0x9A, 0x06, 0x00,
    0x2A, 0x0C, 0x07, 0x00, 0x02, 0x00, 0x21, 0x5A, 0x02, 0x00, 0x27, 0x5A, 0x02, 0x00, 0x03, 0x00,
    0x01, 0x9A, 0x06, 0x00, 0x25, 0x04, 0x7F, 0x00, 0x2B, 0x24, 0x01, 0x00, 0x02, 0x00, 0x01, 0x9A,
    0x06, 0x00, 0x22, 0xAA, 0x01, 0x00, 0x01, 0x00, 0x2B, 0x28, 0x07, 0x00, 0x03, 0x00, 0x01, 0x9A,
    0x06, 0x00, 0x28, 0xD6, 0x07, 0x00, 0x2F, 0x26, 0x7F, 0x00, 0x02, 0x00, 0x25, 0x0C, 0x07, 0x00,
    0x3C, 0x0C, 0x07, 0x00, 0x04, 0x00, 0x01, 0x9A, 0x06, 0x00, 0x27, 0xA0, 0x06, 0x00, 0x2A, 0x0C,
    0x07, 0x00, 0x2F, 0x3A, 0x7F, 0x00, 0x01, 0x00, 0x29, 0xAA, 0x5F, 0x00, 0x04, 0x00, 0x1D, 0xD8,
    0x3A, 0x00, 0x22, 0xA0, 0x06, 0x00, 0x30, 0xA0, 0x06, 0x00, 0x38, 0xA0, 0x06, 0x00, 0x06, 0x00,
    0x01, 0x9A, 0x06, 0x00, 0x1D, 0x56, 0x7F, 0x00, 0x25, 0x1E, 0x2D, 0x00, 0x29, 0x0C, 0x07, 0x00,
    0x2B, 0x8E, 0x09, 0x00, 0x2D, 0x5C, 0x7F, 0x00, 0x01, 0x01, 0x24, 0x6C, 0x01, 0x00, 0x03, 0x02,
    0x02, 0x00, 0x01, 0x9A, 0x06, 0x00, 0x2B, 0x88, 0x7F, 0x00, 0x05, 0x00, 0x01, 0x9A, 0x06, 0x00,
    0x1D, 0x0C, 0x07, 0x00, 0x22, 0x0C, 0x07, 0x00, 0x30, 0x0C, 0x07, 0x00, 0x3D, 0x0C, 0x07, 0x00,
    0x01, 0x00, 0x2E, 0xC6, 0x06, 0x00, 0x03, 0x01, 0x01, 0x9A, 0x06, 0x00, 0x1F, 0xD4, 0x06, 0x00,
    0x20, 0xB0, 0x7F, 0x00, 0x01, 0x02, 0x02, 0x01, 0x01, 0x9A, 0x06, 0x00, 0x24, 0x8C, 0x0B, 0x00,
    0x01, 0x02, 0x21, 0x01, 0x1D, 0x50, 0x08, 0x00, 0x1E, 0xC6, 0x7E, 0x00, 0x1F, 0xD2, 0x7E, 0x00,
    0x20, 0x50, 0x08, 0x00, 0x21, 0xDC, 0x7E, 0x00, 0x22, 0xE6, 0x7E, 0x00, 0x23, 0x50, 0x08, 0x00,
    0x24, 0xFA, 0x7E, 0x00, 0x25, 0xD4, 0x57, 0x00, 0x26, 0x50, 0x08, 0x00, 0x27, 0xEC, 0x0C, 0x00,
    0x28, 0x50, 0x08, 0x00, 0x29, 0x0E, 0x7F, 0x00, 0x2A, 0x1C, 0x7F, 0x00, 0x2B, 0xCE, 0x3B, 0x00,
    0x2C, 0x2C, 0x7F, 0x00, 0x2D, 0x50, 0x08, 0x00, 0x2E, 0x44, 0x7F, 0x00, 0x2F, 0x6E, 0x7F, 0x00,
    0x30, 0x50, 0x08, 0x00, 0x31, 0x50, 0x08, 0x00, 0x32, 0x90, 0x7F, 0x00, 0x33, 0x50, 0x08, 0x00,
    0x34, 0x50, 0x08, 0x00, 0x35, 0x50, 0x08, 0x00, 0x36, 0x9A, 0x7F, 0x00, 0x37, 0x50, 0x08, 0x00,
    0x38, 0x50, 0x08, 0x00, 0x39, 0x50, 0x08, 0x00, 0x3A, 0x50, 0x08, 0x00, 0x3B, 0xCE, 0x3B, 0x00,
    0x3C, 0xB6, 0x7F, 0x00, 0x3D, 0xC6, 0x7F, 0x00, 0x01, 0x01, 0x02, 0x01, 0x01, 0x9A, 0x06, 0x00,
    0x2D, 0xD4, 0x06, 0x00, 0x01, 0x01, 0x01, 0x01, 0x2F, 0xA0, 0x06, 0x00, 0x03, 0x01, 0x03, 0x00,
    0x01, 0x9A, 0x06, 0x00, 0x28, 0xD4, 0x06, 0x00, 0x2E, 0x66, 0x80, 0x00, 0x02, 0x00, 0x01, 0x9A,
    0x06, 0x00, 0x22, 0x2E, 0x01, 0x00, 0x02, 0x01, 0x01, 0x9A, 0x06, 0x00, 0x1D, 0xC6, 0x06, 0x00,
    0x01, 0x02, 0x02, 0x01, 0x01, 0x9A, 0x06, 0x00, 0x39, 0xC6, 0x06, 0x00, 0x01, 0x02, 0x02, 0x00,
    0x01, 0x9A, 0x06, 0x00, 0x24, 0xA0, 0x06, 0x00, 0x02, 0x01, 0x01, 0x9A, 0x06, 0x00, 0x25, 0x70,
    0x6E, 0x00, 0x01, 0x02, 0x01, 0x01, 0x2F, 0x2A, 0x1A, 0x00, 0x01, 0x01, 0x06, 0x00, 0x01, 0x9A,
    0x06, 0x00, 0x22, 0xF6, 0x06, 0x00, 0x25, 0xB4, 0x80, 0x00, 0x2B, 0x20, 0x22, 0x00, 0x30, 0xF6,
    0x06, 0x00, 0x38, 0xF6, 0x06, 0x00, 0x02, 0x00, 0x22, 0xFA, 0x06, 0x00, 0x2D, 0x7E, 0x08, 0x00,
    0x05, 0x01, 0x01, 0x9A, 0x06, 0x00, 0x27, 0x44, 0x01, 0x00, 0x29, 0xFA, 0x06, 0x00, 0x2B, 0x0C,
    0x07, 0x00, 0x2F, 0xD6, 0x80, 0x00, 0x02, 0x01, 0x01, 0x00, 0x28, 0x48, 0x67, 0x00, 0x04, 0x00,
    0x01, 0x9A, 0x06, 0x00, 0x22, 0x0C, 0x07, 0x00, 0x25, 0xF8, 0x80, 0x00, 0x2D, 0x1C, 0x07, 0x00,
    0x02, 0x01, 0x01, 0x9A, 0x06, 0x00, 0x2B, 0x5A, 0x02, 0x00, 0x02, 0x02, 0x21, 0x01, 0x1D, 0x50,
    0x08, 0x00, 0x1E, 0x50, 0x08, 0x00, 0x1F, 0x5A, 0x80, 0x00, 0x20, 0x9A, 0x0E, 0x00, 0x21, 0x94,
    0x11, 0x00, 0x22, 0x50, 0x08, 0x00, 0x23, 0x50, 0x08, 0x00, 0x24, 0x50, 0x08, 0x00, 0x25, 0x50,
    0x08, 0x00, 0x26, 0x50, 0x08, 0x00, 0x27, 0x6E, 0x80, 0x00, 0x28, 0x7C, 0x80, 0x00, 0x29, 0x86,
    0x80, 0x00, 0x2A, 0x92, 0x80, 0x00, 0x2B, 0x9E, 0x80, 0x00, 0x2C, 0xA8, 0x80, 0x00, 0x2D, 0xBC,
    0x80, 0x00, 0x2E, 0xE0, 0x80, 0x00, 0x2F, 0xFE, 0x80, 0x00, 0x30, 0x50, 0x08, 0x00, 0x31, 0xCE,
    0x3B, 0x00, 0x32, 0x10, 0x81, 0x00, 0x33, 0xCE, 0x3B, 0x00, 0x34, 0x50, 0x08, 0x00, 0x35, 0x50,
    0x08, 0x00, 0x36, 0x50, 0x08, 0x00, 0x37, 0x50, 0x08, 0x00, 0x38, 0x50, 0x08, 0x00, 0x39, 0x50,
    0x08, 0x00, 0x3A, 0x50, 0x08, 0x00, 0x3B, 0x50, 0x08, 0x00, 0x3C, 0x12, 0x0E, 0x00, 0x3D, 0x50,
    0x08, 0x00, 0x00, 0x01, 0x01, 0x00, 0x22, 0xD6, 0x07, 0x00, 0x04, 0x01, 0x01, 0x9A, 0x06, 0x00,
    0x1F, 0x0C, 0x07, 0x00, 0x28, 0x0C, 0x07, 0x00, 0x2D, 0xA4, 0x81, 0x00, 0x01, 0x01, 0x02, 0x00,
    0x01, 0x9A, 0x06, 0x00, 0x39, 0xF6, 0x06, 0x00, 0x04, 0x00, 0x01, 0x9A, 0x06, 0x00, 0x20, 0xA0,
    0x06, 0x00, 0x25, 0x2A, 0x02, 0x00, 0x2B, 0xF6, 0x06, 0x00, 0x01, 0x00, 0x28, 0x0C, 0x07, 0x00,
    0x01, 0x00, 0x1D, 0xDA, 0x81, 0x00, 0x02, 0x01, 0x01, 0x9A, 0x06, 0x00, 0x21, 0xE0, 0x81, 0x00,
    0x01, 0x01, 0x02, 0x01, 0x01, 0x9A, 0x06, 0x00, 0x1F, 0xD6, 0x07, 0x00, 0x01, 0x01, 0x05, 0x00,
    0x01, 0x9A, 0x06, 0x00, 0x1D, 0xF6, 0x06, 0x00, 0x22, 0xF6, 0x06, 0x00, 0x25, 0x0C, 0x07, 0x00,
    0x3B, 0xF6, 0x06, 0x00, 0x01, 0x02, 0x01, 0x9A, 0x06, 0x00, 0x01, 0x01, 0x02, 0x01, 0x01, 0x01,
    0x29, 0xBC, 0x02, 0x00, 0x01, 0x01, 0x01, 0x01, 0x2E, 0x2A, 0x02, 0x00, 0x01, 0x01, 0x07, 0x00,
    0x01, 0x9A, 0x06, 0x00, 0x1D, 0xF6, 0x06, 0x00, 0x22, 0x1E, 0x82, 0x00, 0x25, 0x26, 0x82, 0x00,
    0x2B, 0xF6, 0x06, 0x00, 0x30, 0xF6, 0x06, 0x00, 0x38, 0xF6, 0x06, 0x00, 0x04, 0x00, 0x1D, 0xF6,
    0x06, 0x00, 0x22, 0xF6, 0x06, 0x00, 0x2B, 0xF6, 0x06, 0x00, 0x3C, 0xF6, 0x06, 0x00, 0x03, 0x00,
    0x01, 0x9A, 0x06, 0x00, 0x27, 0xD6, 0x07, 0x00, 0x2F, 0x4C, 0x82, 0x00, 0x05, 0x00, 0x01, 0x9A,
    0x06, 0x00, 0x25, 0xF6, 0x06, 0x00, 0x2B, 0xF6, 0x06, 0x00, 0x30, 0xF6, 0x06, 0x00, 0x38, 0xF6,
    0x06, 0x00, 0x02, 0x01, 0x01, 0x9A, 0x06, 0x00, 0x1D, 0x90, 0x24, 0x00, 0x01, 0x01, 0x21, 0x01,
    0x1D, 0x22, 0x0D, 0x00, 0x1E, 0xAA, 0x81, 0x00, 0x1F, 0x22, 0x0D, 0x00, 0x20, 0x50, 0x08, 0x00,
    0x21, 0xBE, 0x81, 0x00, 0x22, 0x22, 0x0D, 0x00, 0x23, 0x50, 0x08, 0x00, 0x24, 0xC8, 0x81, 0x00,
    0x25, 0xE6, 0x81, 0x00, 0x26, 0x50, 0x08, 0x00, 0x27, 0xF2, 0x81, 0x00, 0x28, 0xFE, 0x81, 0x00,
    0x29, 0x7C, 0x5C, 0x00, 0x2A, 0xBA, 0x36, 0x00, 0x2B, 0x14, 0x82, 0x00, 0x2C, 0x50, 0x08, 0x00,
    0x2D, 0x2E, 0x82, 0x00, 0x2E, 0x5E, 0x82, 0x00, 0x2F, 0x6C, 0x82, 0x00, 0x30, 0x50, 0x08, 0x00,
    0x31, 0x50, 0x08, 0x00, 0x32, 0x82, 0x82, 0x00, 0x33, 0x50, 0x08, 0x00, 0x34, 0x22, 0x0D, 0x00,
    0x35, 0x50, 0x08, 0x00, 0x36, 0xBA, 0x36, 0x00, 0x37, 0x50, 0x08, 0x00, 0x38, 0x50, 0x08, 0x00,
    0x39, 0x50, 0x08, 0x00, 0x3A, 0x50, 0x08, 0x00, 0x3B, 0x50, 0x08, 0x00, 0x3C, 0x22, 0x0D, 0x00,
    0x3D, 0x22, 0x0D, 0x00, 0x00, 0x01, 0x05, 0x01, 0x1D, 0xD4, 0x06, 0x00, 0x22, 0xFA, 0x06, 0x00,
    0x25, 0xD4, 0x06, 0x00, 0x3B, 0xFA, 0x06, 0x00, 0x3D, 0xFA, 0x06, 0x00, 0x01, 0x02, 0x02, 0x00,
    0x01, 0x9A, 0x06, 0x00, 0x2D, 0x16, 0x83, 0x00, 0x01, 0x00, 0x27, 0xD0, 0x10, 0x00, 0x05, 0x00,
    0x01, 0x9A, 0x06, 0x00, 0x25, 0x38, 0x83, 0x00, 0x2B, 0xF6, 0x06, 0x00, 0x30, 0xF6, 0x06, 0x00,
    0x32, 0x9A, 0x1D, 0x00, 0x03, 0x00, 0x01, 0x9A, 0x06, 0x00, 0x28, 0xD6, 0x07, 0x00, 0x2A, 0x0C,
    0x07, 0x00, 0x03, 0x00, 0x01, 0x9A, 0x06, 0x00, 0x1F, 0xD4, 0x06, 0x00, 0x2D, 0xD4, 0x06, 0x00,
    0x03, 0x00, 0x01, 0x9A, 0x06, 0x00, 0x20, 0xE6, 0x1A, 0x00, 0x2B, 0xF6, 0x06, 0x00, 0x04, 0x01,
    0x01, 0x9A, 0x06, 0x00, 0x1F, 0xD6, 0x07, 0x00, 0x28, 0xD6, 0x07, 0x00, 0x2E, 0xD4, 0x06, 0x00,
    0x01, 0x01, 0x02, 0x01, 0x01, 0x9A, 0x06, 0x00, 0x39, 0x0C, 0x07, 0x00, 0x01, 0x01, 0x03, 0x00,
    0x01, 0x9A, 0x06, 0x00, 0x1E, 0x76, 0x4F, 0x00, 0x39, 0x0C, 0x07, 0x00, 0x03, 0x00, 0x01, 0x9A,
    0x06, 0x00, 0x1D, 0xC6, 0x06, 0x00, 0x2E, 0x44, 0x01, 0x00, 0x05, 0x00, 0x01, 0x9A, 0x06, 0x00,
    0x1D, 0xF6, 0x06, 0x00, 0x25, 0xF6, 0x06, 0x00, 0x2B, 0xF6, 0x06, 0x00, 0x39, 0xF6, 0x06, 0x00,
    0x03, 0x01, 0x1F, 0x5A, 0x02, 0x00, 0x2B, 0xF6, 0x06, 0x00, 0x2D, 0x24, 0x01, 0x00, 0x02, 0x02,
    0x04, 0x00, 0x01, 0x9A, 0x06, 0x00, 0x27, 0xD4, 0x06, 0x00, 0x28, 0xD4, 0x06, 0x00, 0x2F, 0xD0,
    0x83, 0x00, 0x01, 0x01, 0x24, 0x24, 0x01, 0x00, 0x01, 0x03, 0x09, 0x00, 0x01, 0x9A, 0x06, 0x00,
    0x1D, 0xF6, 0x06, 0x00, 0x1F, 0xFA, 0x06, 0x00, 0x25, 0xF2, 0x83, 0x00, 0x2B, 0xF6, 0x06, 0x00,
    0x30, 0xF6, 0x06, 0x00, 0x38, 0xF6, 0x06, 0x00, 0x39, 0x50, 0x35, 0x00, 0x3C, 0xF6, 0x06, 0x00,
    0x03, 0x00, 0x01, 0x9A, 0x06, 0x00, 0x28, 0xD4, 0x06, 0x00, 0x30, 0xF6, 0x06, 0x00, 0x02, 0x00,
    0x01, 0x9A, 0x06, 0x00, 0x22, 0x24, 0x01, 0x00, 0x21, 0x00, 0x1D, 0x50, 0x08, 0x00, 0x1E, 0x2E,
    0x83, 0x00, 0x1F, 0x3E, 0x83, 0x00, 0x20, 0x54, 0x83, 0x00, 0x21, 0x62, 0x83, 0x00, 0x22, 0x22,
    0x0D, 0x00, 0x23, 0x50, 0x08, 0x00, 0x24, 0x70, 0x83, 0x00, 0x25, 0x22, 0x0D, 0x00, 0x26, 0x50,
    0x08, 0x00, 0x27, 0x7E, 0x83, 0x00, 0x28, 0x92, 0x83, 0x00, 0x29, 0x9E, 0x83, 0x00, 0x2A, 0xAC,
    0x83, 0x00, 0x2B, 0x50, 0x08, 0x00, 0x2C, 0x50, 0x08, 0x00, 0x2D, 0xBA, 0x83, 0x00, 0x2E, 0xE0,
    0x83, 0x00, 0x2F, 0xFA, 0x83, 0x00, 0x30, 0x22, 0x0D, 0x00, 0x31, 0x50, 0x08, 0x00, 0x32, 0x20,
    0x84, 0x00, 0x33, 0x2E, 0x84, 0x00, 0x34, 0x50, 0x08, 0x00, 0x35, 0xEC, 0x0C, 0x00, 0x36, 0x50,
    0x08, 0x00, 0x37, 0x50, 0x08, 0x00, 0x38, 0x50, 0x08, 0x00, 0x39, 0x50, 0x08, 0x00, 0x3A, 0x50,
    0x08, 0x00, 0x3B, 0x32, 0x74, 0x00, 0x3C, 0xFC, 0x0D, 0x00, 0x3D, 0x50, 0x08, 0x00, 0x02, 0x00,
    0x1D, 0xF6, 0x06, 0x00, 0x38, 0xD4, 0x06, 0x00, 0x02, 0x01, 0x01, 0x9A, 0x06, 0x00, 0x2D, 0xBE,
    0x84, 0x00, 0x00, 0x02, 0x01, 0x00, 0x22, 0x4A, 0x10, 0x00, 0x05, 0x00, 0x01, 0x9A, 0x06, 0x00,
    0x22, 0xF6, 0x06, 0x00, 0x2B, 0xF6, 0x06, 0x00, 0x2D, 0xD4, 0x84, 0x00, 0x30, 0xF6, 0x06, 0x00,
    0x01, 0x00, 0x35, 0x56, 0x0F, 0x00, 0x03, 0x00, 0x01, 0x9A, 0x06, 0x00, 0x2D, 0x42, 0x6C, 0x00,
    0x30, 0xF0, 0x84, 0x00, 0x02, 0x00, 0x01, 0x9A, 0x06, 0x00, 0x22, 0x96, 0x07, 0x00, 0x02, 0x00,
    0x20, 0x0A, 0x0A, 0x00, 0x29, 0xF6, 0x06, 0x00, 0x03, 0x00, 0x01, 0x9A, 0x06, 0x00, 0x22, 0xC6,
    0x06, 0x00, 0x2B, 0x0E, 0x85, 0x00, 0x06, 0x00, 0x01, 0x9A, 0x06, 0x00, 0x1D, 0xF6, 0x06, 0x00,
    0x25, 0xF6, 0x06, 0x00, 0x2B, 0x4A, 0x10, 0x00, 0x2D, 0x1C, 0x24, 0x00, 0x30, 0xF6, 0x06, 0x00,
    0x05, 0x00, 0x01, 0x9A, 0x06, 0x00, 0x1D, 0xF6, 0x06, 0x00, 0x22, 0xF6, 0x06, 0x00, 0x30, 0xF6,
    0x06, 0x00, 0x38, 0xF6, 0x06, 0x00, 0x03, 0x00, 0x01, 0x9A, 0x06, 0x00, 0x30, 0x96, 0x24, 0x00,
    0x34, 0x0C, 0x07, 0x00, 0x04, 0x00, 0x01, 0x9A, 0x06, 0x00, 0x1D, 0xC6, 0x06, 0x00, 0x21, 0xB6,
    0x0D, 0x00, 0x2E, 0x44, 0x01, 0x00, 0x03, 0x01, 0x1D, 0xC6, 0x06, 0x00, 0x30, 0xD4, 0x06, 0x00,
    0x38, 0xC6, 0x06, 0x00, 0x01, 0x02, 0x07, 0x00, 0x01, 0x9A, 0x06, 0x00, 0x1D, 0xC0, 0x7E, 0x00,
    0x22, 0x96, 0x07, 0x00, 0x28, 0x76, 0x85, 0x00, 0x2A, 0x26, 0x1A, 0x00, 0x2B, 0x96, 0x07, 0x00,
    0x2F, 0x26, 0x1A, 0x00, 0x01, 0x01, 0x02, 0xC6, 0x06, 0x00, 0x01, 0x01, 0x08, 0x00, 0x01, 0x9A,
    0x06, 0x00, 0x1D, 0xF6, 0x06, 0x00, 0x22, 0xA4, 0x85, 0x00, 0x25, 0xF6, 0x06, 0x00, 0x2B, 0xF6,
    0x06, 0x00, 0x2E, 0xD6, 0x26, 0x00, 0x30, 0xF6, 0x06, 0x00, 0x38, 0xF6, 0x06, 0x00, 0x01, 0x00,
    0x02, 0xD6, 0x07, 0x00, 0x03, 0x01, 0x1D, 0xCE, 0x85, 0x00, 0x22, 0x0C, 0x07, 0x00, 0x30, 0x38,
    0x27, 0x00, 0x01, 0x01, 0x02, 0x01, 0x1D, 0xE6, 0x1A, 0x00, 0x30, 0xC6, 0x06, 0x00, 0x01, 0x01,
    0x06, 0x00, 0x01, 0x9A, 0x06, 0x00, 0x1D, 0x28, 0x07, 0x00, 0x27, 0xD4, 0x85, 0x00, 0x28, 0x96,
    0x07, 0x00, 0x2B, 0xC6, 0x06, 0x00, 0x2F, 0xE4, 0x85, 0x00, 0x0A, 0x00, 0x01, 0x9A, 0x06, 0x00,
    0x1D, 0xF6, 0x06, 0x00, 0x22, 0xDA, 0x27, 0x00, 0x25, 0xF6, 0x06, 0x00, 0x2B, 0xE0, 0x27, 0x00,
    0x2D, 0xD4, 0x06, 0x00, 0x30, 0xF6, 0x06, 0x00, 0x38, 0xF6, 0x06, 0x00, 0x3B, 0xF6, 0x06, 0x00,
    0x3C, 0xF6, 0x06, 0x00, 0x01, 0x00, 0x2C, 0x8C, 0x0B, 0x00, 0x06, 0x00, 0x01, 0x9A, 0x06, 0x00,
    0x1D, 0x66, 0x28, 0x00, 0x1F, 0x6C, 0x28, 0x00, 0x28, 0x78, 0x28, 0x00, 0x2B, 0x34, 0x86, 0x00,
    0x2D, 0xEA, 0x0F, 0x00, 0x21, 0x00, 0x1D, 0x50, 0x08, 0x00, 0x1E, 0xC8, 0x84, 0x00, 0x1F, 0xDA,
    0x84, 0x00, 0x20, 0x50, 0x08, 0x00, 0x21, 0xF6, 0x84, 0x00, 0x22, 0x50, 0x08, 0x00, 0x23, 0x04,
    0x85, 0x00, 0x24, 0x18, 0x85, 0x00, 0x25, 0x50, 0x08, 0x00, 0x26, 0x50, 0x08, 0x00, 0x27, 0x26,
    0x85, 0x00, 0x28, 0x40, 0x85, 0x00, 0x29, 0x56, 0x85, 0x00, 0x2A, 0x64, 0x85, 0x00, 0x2B, 0x50,
    0x08, 0x00, 0x2C, 0x86, 0x85, 0x00, 0x2D, 0xAC, 0x85, 0x00, 0x2E, 0xF0, 0x85, 0x00, 0x2F, 0x0A,
    0x86, 0x00, 0x30, 0x50, 0x08, 0x00, 0x31, 0x50, 0x08, 0x00, 0x32, 0x3A, 0x86, 0x00, 0x33, 0x50,
    0x08, 0x00, 0x34, 0x50, 0x08, 0x00, 0x35, 0x50, 0x08, 0x00, 0x36, 0x50, 0x08, 0x00, 0x37, 0x50,
    0x08, 0x00, 0x38, 0x50, 0x08, 0x00, 0x39, 0x50, 0x08, 0x00, 0x3A, 0x50, 0x08, 0x00, 0x3B, 0x50,
    0x08, 0x00, 0x3C, 0x50, 0x08, 0x00, 0x3D, 0x50, 0x08, 0x00, 0x23, 0x00, 0x01, 0x92, 0x00, 0x00,
    0x02, 0x14, 0x06, 0x00, 0x1D, 0x2A, 0x0D, 0x00, 0x1E, 0xC0, 0x11, 0x00, 0x1F, 0x14, 0x17, 0x00,
    0x20, 0x5E, 0x1A, 0x00, 0x21, 0xAA, 0x20, 0x00, 0x22, 0xE0, 0x28, 0x00, 0x23, 0xD8, 0x2A, 0x00,
    0x24, 0x14, 0x30, 0x00, 0x25, 0x28, 0x36, 0x00, 0x26, 0x38, 0x37, 0x00, 0x27, 0xD6, 0x3B, 0x00,
    0x28, 0xB6, 0x40, 0x00, 0x29, 0x74, 0x44, 0x00, 0x2A, 0x02, 0x4A, 0x00, 0x2B, 0x00, 0x53, 0x00,
    0x2C, 0xF4, 0x57, 0x00, 0x2D, 0xAA, 0x60, 0x00, 0x2E, 0xC6, 0x68, 0x00, 0x2F, 0xA2, 0x6E, 0x00,
    0x30, 0x7A, 0x72, 0x00, 0x31, 0x3C, 0x74, 0x00, 0x32, 0x70, 0x76, 0x00, 0x33, 0x9E, 0x77, 0x00,
    0x34, 0x3E, 0x79, 0x00, 0x35, 0x22, 0x7B, 0x00, 0x36, 0xD6, 0x7B, 0x00, 0x37, 0x98, 0x7C, 0x00,
    0x38, 0x38, 0x7E, 0x00, 0x39, 0xD2, 0x7F, 0x00, 0x3A, 0x1C, 0x81, 0x00, 0x3B, 0x8E, 0x82, 0x00,
    0x3C, 0x38, 0x84, 0x00, 0x3D, 0x54, 0x86, 0x00, 0x01, 0x00, 0x0A, 0x48, 0x5A, 0x00, 0x01, 0x00,
    0x14, 0xBC, 0x02, 0x00, 0x01, 0x00, 0x07, 0x6E, 0x87, 0x00, 0x01, 0x00, 0x06, 0x74, 0x87, 0x00,
    0x01, 0x00, 0x16, 0x24, 0x01, 0x00, 0x01, 0x00, 0x16, 0x5A, 0x02, 0x00, 0x00, 0x01, 0x03, 0x05,
    0x01, 0x00, 0x16, 0x8C, 0x87, 0x00, 0x01, 0x00, 0x03, 0x90, 0x87, 0x00, 0x00, 0x01, 0x04, 0x05,
    0x01, 0x00, 0x0F, 0x9C, 0x87, 0x00, 0x00, 0x01, 0x05, 0x05, 0x01, 0x00, 0x15, 0xA6, 0x87, 0x00,
    0x02, 0x01, 0x07, 0x5A, 0x02, 0x00, 0x0B, 0xAA, 0x87, 0x00, 0x04, 0x04, 0x04, 0x00, 0x05, 0x8C,
    0x87, 0x00, 0x09, 0x48, 0x5A, 0x00, 0x0B, 0xA0, 0x87, 0x00, 0x16, 0xB0, 0x87, 0x00, 0x01, 0x00,
    0x07, 0xBC, 0x02, 0x00, 0x02, 0x00, 0x0B, 0xCE, 0x87, 0x00, 0x1B, 0xBC, 0x02, 0x00, 0x02, 0x00,
    0x15, 0x8C, 0x87, 0x00, 0x16, 0xD4, 0x87, 0x00, 0x00, 0x01, 0x06, 0x05, 0x01, 0x00, 0x14, 0xE8,
    0x87, 0x00, 0x01, 0x00, 0x07, 0xEC, 0x87, 0x00, 0x04, 0x00, 0x05, 0x5A, 0x02, 0x00, 0x12, 0x24,
    0x01, 0x00, 0x15, 0x24, 0x01, 0x00, 0x16, 0xF2, 0x87, 0x00, 0x01, 0x00, 0x0F, 0xA6, 0x87, 0x00,
    0x01, 0x00, 0x11, 0x0A, 0x88, 0x00, 0x01, 0x00, 0x06, 0x24, 0x01, 0x00, 0x01, 0x00, 0x0B, 0xBC,
    0x02, 0x00, 0x01, 0x00, 0x10, 0x48, 0x5A, 0x00, 0x0C, 0x00, 0x05, 0x68, 0x87, 0x00, 0x06, 0x7A,
    0x87, 0x00, 0x08, 0x80, 0x87, 0x00, 0x0E, 0x86, 0x87, 0x00, 0x0F, 0x96, 0x87, 0x00, 0x10, 0xBC,
    0x87, 0x00, 0x14, 0xDE, 0x87, 0x00, 0x15, 0xF8, 0x87, 0x00, 0x16, 0x10, 0x88, 0x00, 0x17, 0x16,
    0x88, 0x00, 0x18, 0x1C, 0x88, 0x00, 0x19, 0x22, 0x88, 0x00, 0x01, 0x00, 0x03, 0x8C, 0x87, 0x00,
    0x01, 0x00, 0x07, 0x48, 0x5A, 0x00, 0x03, 0x00, 0x09, 0xBC, 0x02, 0x00, 0x10, 0x5A, 0x88, 0x00,
    0x15, 0x60, 0x88, 0x00, 0x01, 0x01, 0x03, 0x8C, 0x87, 0x00, 0x04, 0x04, 0x01, 0x00, 0x11, 0x8C,
    0x87, 0x00, 0x02, 0x00, 0x0F, 0x5A, 0x02, 0x00, 0x16, 0x7C, 0x88, 0x00, 0x02, 0x00, 0x14, 0x74,
    0x88, 0x00, 0x15, 0x82, 0x88, 0x00, 0x01, 0x00, 0x0B, 0x3A, 0x01, 0x00, 0x01, 0x00, 0x0B, 0x48,
    0x5A, 0x00, 0x01, 0x00, 0x16, 0x9C, 0x88, 0x00, 0x01, 0x00, 0x16, 0xA2, 0x88, 0x00, 0x04, 0x00,
    0x03, 0x66, 0x88, 0x00, 0x07, 0x8C, 0x88, 0x00, 0x14, 0x96, 0x88, 0x00, 0x17, 0xA8, 0x88, 0x00,
    0x01, 0x00, 0x12, 0x60, 0x88, 0x00, 0x01, 0x00, 0x05, 0x9C, 0x87, 0x00, 0x01, 0x00, 0x04, 0xA6,
    0x87, 0x00, 0x01, 0x00, 0x03, 0xCC, 0x88, 0x00, 0x01, 0x00, 0x0E, 0x9C, 0x87, 0x00, 0x01, 0x00,
    0x11, 0xD8, 0x88, 0x00, 0x05, 0x00, 0x0F, 0xC0, 0x88, 0x00, 0x10, 0xC6, 0x88, 0x00, 0x12, 0xD2,
    0x88, 0x00, 0x14, 0xDE, 0x88, 0x00, 0x16, 0xBC, 0x02, 0x00, 0x01, 0x00, 0x03, 0xBC, 0x02, 0x00,
    0x01, 0x00, 0x0E, 0xFA, 0x88, 0x00, 0x01, 0x00, 0x0B, 0xE8, 0x87, 0x00, 0x01, 0x00, 0x0E, 0x06,
    0x89, 0x00, 0x01, 0x00, 0x0E, 0x0C, 0x89, 0x00, 0x01, 0x01, 0x0B, 0x12, 0x89, 0x00, 0x03, 0x04,
    0x01, 0x00, 0x14, 0x9C, 0x87, 0x00, 0x01, 0x01, 0x16, 0x20, 0x89, 0x00, 0x03, 0x02, 0x01, 0x00,
    0x09, 0x20, 0x89, 0x00, 0x01, 0x00, 0x07, 0x20, 0x89, 0x00, 0x01, 0x01, 0x10, 0x34, 0x89, 0x00,
    0x03, 0x04, 0x03, 0x00, 0x07, 0x5A, 0x02, 0x00, 0x10, 0x2E, 0x89, 0x00, 0x14, 0x3A, 0x89, 0x00,
    0x05, 0x00, 0x03, 0xE4, 0x88, 0x00, 0x07, 0x00, 0x89, 0x00, 0x0A, 0x18, 0x89, 0x00, 0x0B, 0x26,
    0x89, 0x00, 0x11, 0x42, 0x89, 0x00, 0x01, 0x00, 0x11, 0x1C, 0x88, 0x00, 0x01, 0x01, 0x18, 0x5A,
    0x88, 0x00, 0x03, 0x03, 0x02, 0x00, 0x03, 0x5A, 0x02, 0x00, 0x0B, 0x6C, 0x89, 0x00, 0x01, 0x00,
    0x05, 0x48, 0x5A, 0x00, 0x04, 0x00, 0x0F, 0x66, 0x89, 0x00, 0x11, 0x5A, 0x02, 0x00, 0x14, 0x74,
    0x89, 0x00, 0x15, 0x7E, 0x89, 0x00, 0x00, 0x01, 0x07, 0x05, 0x01, 0x00, 0x11, 0x96, 0x89, 0x00,
    0x01, 0x00, 0x0B, 0x9A, 0x89, 0x00, 0x01, 0x00, 0x16, 0xA0, 0x89, 0x00, 0x01, 0x00, 0x05, 0xA6,
    0x89, 0x00, 0x01, 0x00, 0x16, 0xBC, 0x02, 0x00, 0x00, 0x02, 0x04, 0x05, 0x05, 0x04, 0x01, 0x00,
    0x18, 0xB8, 0x89, 0x00, 0x01, 0x00, 0x0B, 0xBE, 0x89, 0x00, 0x02, 0x00, 0x05, 0xBC, 0x02, 0x00,
    0x0F, 0xCC, 0x88, 0x00, 0x05, 0x00, 0x07, 0x84, 0x89, 0x00, 0x0B, 0xAC, 0x89, 0x00, 0x11, 0xB2,
    0x89, 0x00, 0x14, 0xC4, 0x89, 0x00, 0x17, 0xCA, 0x89, 0x00, 0x01, 0x00, 0x0A, 0xE8, 0x87, 0x00,
    0x01, 0x00, 0x16, 0xEA, 0x89, 0x00, 0x01, 0x00, 0x0B, 0x48, 0x01, 0x00, 0x02, 0x00, 0x14, 0xF0,
    0x89, 0x00, 0x15, 0xF6, 0x89, 0x00, 0x01, 0x00, 0x14, 0x48, 0x5A, 0x00, 0x01, 0x00, 0x0F, 0x5A,
    0x02, 0x00, 0x02, 0x00, 0x06, 0x8C, 0x87, 0x00, 0x07, 0x0C, 0x8A, 0x00, 0x01, 0x00, 0x0F, 0x74,
    0x22, 0x00, 0x03, 0x00, 0x03, 0x1C, 0x8A, 0x00, 0x09, 0x5A, 0x02, 0x00, 0x15, 0x5A, 0x02, 0x00,
    0x00, 0x02, 0x03, 0x05, 0x05, 0x05, 0x01, 0x00, 0x16, 0x30, 0x8A, 0x00, 0x01, 0x00, 0x0B, 0x36,
    0x8A, 0x00, 0x01, 0x00, 0x17, 0x3C, 0x8A, 0x00, 0x01, 0x00, 0x14, 0x1C, 0x88, 0x00, 0x00, 0x03,
    0x04, 0x01, 0x05, 0x06, 0x06, 0x01, 0x01, 0x00, 0x0E, 0x4E, 0x8A, 0x00, 0x01, 0x00, 0x1B, 0x56,
    0x8A, 0x00, 0x01, 0x00, 0x0A, 0x5C, 0x8A, 0x00, 0x01, 0x01, 0x0E, 0x74, 0x87, 0x00, 0x03, 0x03,
    0x00, 0x02, 0x05, 0x05, 0x07, 0x05, 0x01, 0x00, 0x04, 0x70, 0x8A, 0x00, 0x01, 0x00, 0x0B, 0x76,
    0x8A, 0x00, 0x01, 0x00, 0x15, 0x7C, 0x8A, 0x00, 0x01, 0x00, 0x14, 0x82, 0x8A, 0x00, 0x01, 0x01,
    0x07, 0x88, 0x8A, 0x00, 0x03, 0x02, 0x01, 0x00, 0x07, 0x9C, 0x87, 0x00, 0x0D, 0x00, 0x03, 0xFC,
    0x89, 0x00, 0x04, 0xBC, 0x02, 0x00, 0x07, 0x06, 0x8A, 0x00, 0x09, 0x44, 0x01, 0x00, 0x0E, 0x12,
    0x8A, 0x00, 0x10, 0x22, 0x8A, 0x00, 0x13, 0x42, 0x8A, 0x00, 0x14, 0x48, 0x8A, 0x00, 0x15, 0x5A,
    0x02, 0x00, 0x16, 0x62, 0x8A, 0x00, 0x17, 0x68, 0x8A, 0x00, 0x18, 0x8E, 0x8A, 0x00, 0x1B, 0x96,
    0x8A, 0x00, 0x01, 0x00, 0x15, 0x48, 0x01, 0x00, 0x01, 0x00, 0x0F, 0x34, 0x89, 0x00, 0x01, 0x00,
    0x14, 0xD8, 0x8A, 0x00, 0x02, 0x00, 0x07, 0xD2, 0x8A, 0x00, 0x11, 0xDE, 0x8A, 0x00, 0x00, 0x03,
    0x03, 0x04, 0x04, 0x01, 0x06, 0x01, 0x01, 0x00, 0x0F, 0xEE, 0x8A, 0x00, 0x01, 0x00, 0x11, 0xF6,
    0x8A, 0x00, 0x01, 0x01, 0x15, 0xFC, 0x8A, 0x00, 0x03, 0x02, 0x00, 0x02, 0x04, 0x03, 0x05, 0x04,
    0x01, 0x00, 0x16, 0x0A, 0x8B, 0x00, 0x00, 0x02, 0x03, 0x05, 0x05, 0x01, 0x03, 0x00, 0x09, 0x8C,
    0x87, 0x00, 0x0F, 0xCE, 0x87, 0x00, 0x16, 0x16, 0x8B, 0x00, 0x02, 0x01, 0x10, 0x10, 0x8B, 0x00,
    0x11, 0x1C, 0x8B, 0x00, 0x03, 0x02, 0x02, 0x00, 0x03, 0x8C, 0x87, 0x00, 0x04, 0xBC, 0x02, 0x00,
    0x04, 0x00, 0x03, 0x02, 0x8B, 0x00, 0x07, 0x2A, 0x8B, 0x00, 0x0B, 0x36, 0x8B, 0x00, 0x11, 0x6E,
    0x87, 0x00, 0x01, 0x00, 0x0B, 0xA6, 0x87, 0x00, 0x02, 0x00, 0x06, 0x52, 0x8B, 0x00, 0x0D, 0x9C,
    0x87, 0x00, 0x01, 0x00, 0x10, 0x58, 0x8B, 0x00, 0x00, 0x02, 0x03, 0x03, 0x05, 0x01, 0x01, 0x00,
    0x11, 0x68, 0x8B, 0x00, 0x00, 0x02, 0x03, 0x03, 0x04, 0x06, 0x01, 0x00, 0x03, 0x74, 0x8B, 0x00,
    0x02, 0x00, 0x07, 0x5A, 0x02, 0x00, 0x0B, 0xA6, 0x87, 0x00, 0x01, 0x00, 0x11, 0x80, 0x8B, 0x00,
    0x05, 0x01, 0x0F, 0x6E, 0x8B, 0x00, 0x12, 0x7A, 0x8B, 0x00, 0x14, 0x8A, 0x8B, 0x00, 0x15, 0x48,
    0x01, 0x00, 0x16, 0x48, 0x01, 0x00, 0x03, 0x02, 0x01, 0x00, 0x14, 0x5A, 0x02, 0x00, 0x02, 0x00,
    0x04, 0x5A, 0x02, 0x00, 0x07, 0xA8, 0x8B, 0x00, 0x01, 0x00, 0x1B, 0x9C, 0x87, 0x00, 0x02, 0x00,
    0x07, 0xB8, 0x8B, 0x00, 0x11, 0x48, 0x01, 0x00, 0x02, 0x00, 0x10, 0xBE, 0x8B, 0x00, 0x18, 0x9C,
    0x87, 0x00, 0x04, 0x00, 0x03, 0x62, 0x8B, 0x00, 0x07, 0x90, 0x8B, 0x00, 0x0B, 0xAE, 0x8B, 0x00,
    0x11, 0xC8, 0x8B, 0x00, 0x01, 0x00, 0x0E, 0x74, 0x22, 0x00, 0x02, 0x00, 0x0E, 0xBC, 0x02, 0x00,
    0x11, 0xE4, 0x8B, 0x00, 0x01, 0x00, 0x10, 0x8C, 0x87, 0x00, 0x01, 0x00, 0x0B, 0xF4, 0x8B, 0x00,
    0x02, 0x00, 0x0F, 0x5A, 0x02, 0x00, 0x12, 0xFA, 0x8B, 0x00, 0x01, 0x00, 0x0B, 0x5A, 0x02, 0x00,
    0x00, 0x02, 0x03, 0x05, 0x04, 0x02, 0x01, 0x00, 0x16, 0x10, 0x8C, 0x00, 0x05, 0x01, 0x05, 0x0A,
    0x8C, 0x00, 0x07, 0x3A, 0x01, 0x00, 0x0D, 0x44, 0x01, 0x00, 0x15, 0x5A, 0x02, 0x00, 0x17, 0x16,
    0x8C, 0x00, 0x03, 0x01, 0x01, 0x00, 0x14, 0x8C, 0x87, 0x00, 0x05, 0x00, 0x06, 0xEA, 0x8B, 0x00,
    0x0F, 0x00, 0x8C, 0x00, 0x10, 0x1C, 0x8C, 0x00, 0x14, 0x34, 0x8C, 0x00, 0x15, 0x1C, 0x88, 0x00,
    0x01, 0x00, 0x17, 0xA8, 0x8B, 0x00, 0x01, 0x00, 0x0B, 0xFC, 0x39, 0x00, 0x01, 0x00, 0x10, 0x56,
    0x8C, 0x00, 0x01, 0x00, 0x0E, 0x5C, 0x8C, 0x00, 0x00, 0x03, 0x03, 0x06, 0x04, 0x01, 0x06, 0x01,
    0x01, 0x00, 0x07, 0x68, 0x8C, 0x00, 0x01, 0x00, 0x16, 0x70, 0x8C, 0x00, 0x01, 0x00, 0x14, 0x76,
    0x8C, 0x00, 0x02, 0x00, 0x0B, 0x62, 0x8C, 0x00, 0x11, 0x7C, 0x8C, 0x00, 0x01, 0x00, 0x1B, 0xBC,
    0x02, 0x00, 0x02, 0x00, 0x07, 0x20, 0x89, 0x00, 0x0A, 0xA6, 0x87, 0x00, 0x03, 0x00, 0x05, 0x8C,
    0x8C, 0x00, 0x0F, 0xBC, 0x02, 0x00, 0x16, 0x92, 0x8C, 0x00, 0x00, 0x01, 0x03, 0x06, 0x01, 0x00,
    0x15, 0xAA, 0x8C, 0x00, 0x01, 0x00, 0x07, 0xAE, 0x8C, 0x00, 0x01, 0x00, 0x05, 0xB4, 0x8C, 0x00,
    0x05, 0x01, 0x09, 0x96, 0x8A, 0x00, 0x0B, 0xBA, 0x8C, 0x00, 0x10, 0x48, 0x5A, 0x00, 0x12, 0x9C,
    0x87, 0x00, 0x18, 0x6C, 0x01, 0x00, 0x03, 0x02, 0x01, 0x01, 0x03, 0x9C, 0x87, 0x00, 0x03, 0x04,
    0x04, 0x00, 0x09, 0xD8, 0x8C, 0x00, 0x10, 0x44, 0x01, 0x00, 0x11, 0x5A, 0x02, 0x00, 0x16, 0xBC,
    0x02, 0x00, 0x03, 0x00, 0x03, 0x9C, 0x8C, 0x00, 0x07, 0xC0, 0x8C, 0x00, 0x0B, 0xE0, 0x8C, 0x00,
    0x00, 0x02, 0x04, 0x05, 0x05, 0x05, 0x01, 0x00, 0x03, 0x00, 0x8D, 0x00, 0x01, 0x00, 0x11, 0x9C,
    0x87, 0x00, 0x01, 0x00, 0x03, 0x9C, 0x87, 0x00, 0x01, 0x00, 0x0B, 0x9C, 0x87, 0x00, 0x01, 0x00,
    0x16, 0x18, 0x8D, 0x00, 0x04, 0x00, 0x09, 0x06, 0x8D, 0x00, 0x0E, 0x0C, 0x8D, 0x00, 0x10, 0x12,
    0x8D, 0x00, 0x14, 0x1E, 0x8D, 0x00, 0x00, 0x02, 0x03, 0x04, 0x05, 0x01, 0x01, 0x00, 0x0E, 0x36,
    0x8D, 0x00, 0x01, 0x00, 0x03, 0x3C, 0x8D, 0x00, 0x01, 0x00, 0x05, 0x48, 0x01, 0x00, 0x01, 0x00,
    0x03, 0x48, 0x5A, 0x00, 0x01, 0x00, 0x0E, 0x4E, 0x8D, 0x00, 0x02, 0x00, 0x03, 0x54, 0x8D, 0x00,
    0x07, 0x34, 0x8C, 0x00, 0x03, 0x01, 0x09, 0x42, 0x8D, 0x00, 0x14, 0x48, 0x8D, 0x00, 0x16, 0x5A,
    0x8D, 0x00, 0x03, 0x02, 0x00, 0x03, 0x04, 0x05, 0x05, 0x02, 0x06, 0x01, 0x01, 0x00, 0x05, 0x74,
    0x8D, 0x00, 0x01, 0x00, 0x0B, 0x7C, 0x8D, 0x00, 0x01, 0x00, 0x15, 0x7C, 0x26, 0x00, 0x01, 0x00,
    0x14, 0x88, 0x8D, 0x00, 0x02, 0x01, 0x07, 0x8E, 0x8D, 0x00, 0x16, 0x52, 0x8B, 0x00, 0x04, 0x01,
    0x02, 0x00, 0x0F, 0x82, 0x8D, 0x00, 0x15, 0x94, 0x8D, 0x00, 0x01, 0x00, 0x07, 0x48, 0x01, 0x00,
    0x01, 0x00, 0x11, 0x5A, 0x02, 0x00, 0x02, 0x00, 0x10, 0xAA, 0x8D, 0x00, 0x14, 0xB0, 0x8D, 0x00,
    0x01, 0x01, 0x04, 0xA6, 0x87, 0x00, 0x03, 0x05, 0x01, 0x00, 0x03, 0xC0, 0x8D, 0x00, 0x01, 0x00,
    0x16, 0xC8, 0x8D, 0x00, 0x05, 0x00, 0x03, 0x24, 0x8D, 0x00, 0x07, 0x64, 0x8D, 0x00, 0x0B, 0xA0,
    0x8D, 0x00, 0x11, 0xB6, 0x8D, 0x00, 0x17, 0xCE, 0x8D, 0x00, 0x00, 0x02, 0x03, 0x06, 0x04, 0x03,
    0x01, 0x00, 0x08, 0xEA, 0x8D, 0x00, 0x01, 0x00, 0x11, 0xF0, 0x8D, 0x00, 0x01, 0x00, 0x05, 0xBC,
    0x02, 0x00, 0x01, 0x00, 0x0A, 0x6C, 0x01, 0x00, 0x01, 0x00, 0x16, 0x02, 0x8E, 0x00, 0x01, 0x00,
    0x0F, 0x1C, 0x54, 0x00, 0x01, 0x00, 0x07, 0x0E, 0x8E, 0x00, 0x02, 0x00, 0x07, 0x08, 0x8E, 0x00,
    0x10, 0x14, 0x8E, 0x00, 0x03, 0x00, 0x07, 0xF6, 0x8D, 0x00, 0x0B, 0xFC, 0x8D, 0x00, 0x11, 0x1A,
    0x8E, 0x00, 0x01, 0x01, 0x06, 0x9C, 0x87, 0x00, 0x03, 0x02, 0x01, 0x00, 0x07, 0x8C, 0x87, 0x00,
    0x01, 0x00, 0x16, 0x3A, 0x8E, 0x00, 0x01, 0x00, 0x16, 0x7C, 0x88, 0x00, 0x04, 0x00, 0x03, 0x46,
    0x8E, 0x00, 0x05, 0x5A, 0x02, 0x00, 0x06, 0x24, 0x01, 0x00, 0x16, 0x5A, 0x02, 0x00, 0x01, 0x00,
    0x0E, 0xBC, 0x02, 0x00, 0x01, 0x01, 0x16, 0x5E, 0x8E, 0x00, 0x03, 0x03, 0x01, 0x00, 0x0A, 0x48,
    0x01, 0x00, 0x01, 0x00, 0x16, 0x48, 0x01, 0x00, 0x06, 0x00, 0x06, 0x32, 0x8E, 0x00, 0x08, 0x40,
    0x8E, 0x00, 0x14, 0x4C, 0x8E, 0x00, 0x15, 0x64, 0x8E, 0x00, 0x16, 0x6C, 0x8E, 0x00, 0x17, 0x72,
    0x8E, 0x00, 0x01, 0x00, 0x03, 0xD8, 0x88, 0x00, 0x02, 0x00, 0x07, 0x8C, 0x87, 0x00, 0x0B, 0x90,
    0x87, 0x00, 0x02, 0x00, 0x06, 0x92, 0x8E, 0x00, 0x16, 0x98, 0x8E, 0x00, 0x01, 0x00, 0x10, 0x9C,
    0x87, 0x00, 0x03, 0x00, 0x07, 0xBC, 0x02, 0x00, 0x11, 0xAC, 0x8E, 0x00, 0x16, 0x44, 0x01, 0x00,
    0x01, 0x00, 0x15, 0x06, 0x03, 0x00, 0x01, 0x00, 0x1B, 0xC0, 0x8E, 0x00, 0x01, 0x00, 0x0F, 0x06,
    0x03, 0x00, 0x01, 0x00, 0x03, 0xCC, 0x8E, 0x00, 0x01, 0x00, 0x16, 0xD2, 0x8E, 0x00, 0x02, 0x00,
    0x0E, 0xC6, 0x8E, 0x00, 0x15, 0xD8, 0x8E, 0x00, 0x01, 0x00, 0x0F, 0x6C, 0x01, 0x00, 0x02, 0x00,
    0x03, 0xE8, 0x8E, 0x00, 0x0F, 0x48, 0x01, 0x00, 0x01, 0x00, 0x07, 0xEE, 0x8E, 0x00, 0x04, 0x00,
    0x07, 0xA2, 0x8E, 0x00, 0x0B, 0xB2, 0x8E, 0x00, 0x11, 0xDE, 0x8E, 0x00, 0x14, 0xF8, 0x8E, 0x00,
    0x01, 0x00, 0x16, 0x48, 0x5A, 0x00, 0x01, 0x00, 0x03, 0xE8, 0x87, 0x00, 0x01, 0x00, 0x10, 0x16,
    0x8F, 0x00, 0x01, 0x00, 0x11, 0x1C, 0x8F, 0x00, 0x01, 0x00, 0x0B, 0x22, 0x8F, 0x00, 0x00, 0x02,
    0x04, 0x05, 0x06, 0x01, 0x01, 0x00, 0x11, 0x2E, 0x8F, 0x00, 0x01, 0x00, 0x10, 0x34, 0x8F, 0x00,
    0x01, 0x00, 0x07, 0x3A, 0x8F, 0x00, 0x04, 0x00, 0x05, 0xBC, 0x02, 0x00, 0x10, 0x10, 0x8F, 0x00,
    0x16, 0x28, 0x8F, 0x00, 0x18, 0x40, 0x8F, 0x00, 0x01, 0x01, 0x05, 0x7C, 0x26, 0x00, 0x04, 0x02,
    0x01, 0x00, 0x0B, 0x90, 0x87, 0x00, 0x01, 0x01, 0x16, 0x96, 0x87, 0x00, 0x04, 0x02, 0x03, 0x00,
    0x07, 0x58, 0x8F, 0x00, 0x0F, 0x60, 0x8F, 0x00, 0x15, 0x66, 0x8F, 0x00, 0x01, 0x00, 0x17, 0x9C,
    0x87, 0x00, 0x02, 0x00, 0x09, 0xBC, 0x02, 0x00, 0x16, 0x7C, 0x8F, 0x00, 0x01, 0x00, 0x16, 0x9C,
    0x87, 0x00, 0x01, 0x00, 0x06, 0x9C, 0x87, 0x00, 0x03, 0x00, 0x13, 0xBC, 0x02, 0x00, 0x15, 0x8C,
    0x8F, 0x00, 0x19, 0x92, 0x8F, 0x00, 0x01, 0x00, 0x06, 0xBC, 0x02, 0x00, 0x05, 0x00, 0x03, 0x46,
    0x8F, 0x00, 0x07, 0x6E, 0x8F, 0x00, 0x0B, 0x82, 0x8F, 0x00, 0x11, 0x98, 0x8F, 0x00, 0x17, 0xA6,
    0x8F, 0x00, 0x01, 0x00, 0x0B, 0xAA, 0x8D, 0x00, 0x02, 0x00, 0x08, 0xA6, 0x87, 0x00, 0x0E, 0xA6,
    0x87, 0x00, 0x00, 0x01, 0x06, 0x06, 0x00, 0x01, 0x06, 0x04, 0x00, 0x02, 0x04, 0x06, 0x06, 0x04,
    0x06, 0x01, 0x05, 0x48, 0x5A, 0x00, 0x06, 0xD2, 0x8F, 0x00, 0x12, 0xD6, 0x8F, 0x00, 0x14, 0xD6,
    0x8F, 0x00, 0x15, 0xDA, 0x8F, 0x00, 0x18, 0xD6, 0x8F, 0x00, 0x05, 0x05, 0x01, 0x00, 0x0B, 0xE0,
    0x8F, 0x00, 0x01, 0x00, 0x0B, 0x3A, 0x8E, 0x00, 0x04, 0x00, 0x0E, 0xC8, 0x8F, 0x00, 0x0F, 0xFC,
    0x8F, 0x00, 0x10, 0x44, 0x01, 0x00, 0x14, 0x02, 0x90, 0x00, 0x00, 0x01, 0x05, 0x04, 0x01, 0x00,
    0x09, 0x1A, 0x90, 0x00, 0x01, 0x01, 0x10, 0x1E, 0x90, 0x00, 0x03, 0x02, 0x00, 0x02, 0x04, 0x06,
    0x06, 0x01, 0x01, 0x00, 0x10, 0x2C, 0x90, 0x00, 0x01, 0x00, 0x0B, 0x32, 0x90, 0x00, 0x01, 0x00,
    0x11, 0x06, 0x03, 0x00, 0x01, 0x00, 0x10, 0x3E, 0x90, 0x00, 0x02, 0x00, 0x0A, 0x38, 0x90, 0x00,
    0x0B, 0x44, 0x90, 0x00, 0x01, 0x00, 0x04, 0xD8, 0x88, 0x00, 0x01, 0x01, 0x03, 0x54, 0x90, 0x00,
    0x03, 0x04, 0x07, 0x00, 0x05, 0xC2, 0x8F, 0x00, 0x07, 0x08, 0x90, 0x00, 0x0A, 0x44, 0x01, 0x00,
    0x0B, 0x24, 0x90, 0x00, 0x12, 0x4A, 0x90, 0x00, 0x16, 0x5A, 0x90, 0x00, 0x1B, 0x44, 0x01, 0x00,
    0x00, 0x02, 0x03, 0x05, 0x06, 0x01, 0x01, 0x00, 0x14, 0x80, 0x90, 0x00, 0x01, 0x00, 0x16, 0x86,
    0x90, 0x00, 0x01, 0x00, 0x15, 0x8C, 0x90, 0x00, 0x01, 0x00, 0x07, 0x92, 0x90, 0x00, 0x01, 0x01,
    0x12, 0x98, 0x90, 0x00, 0x03, 0x04, 0x01, 0x00, 0x09, 0xA8, 0x8B, 0x00, 0x01, 0x00, 0x07, 0xA6,
    0x90, 0x00, 0x01, 0x00, 0x03, 0xAC, 0x8E, 0x00, 0x02, 0x01, 0x0E, 0xAC, 0x90, 0x00, 0x10, 0xB2,
    0x90, 0x00, 0x03, 0x04, 0x01, 0x00, 0x11, 0x00, 0x8D, 0x00, 0x02, 0x00, 0x09, 0x1A, 0x90, 0x00,
    0x0D, 0x9C, 0x87, 0x00, 0x03, 0x01, 0x0E, 0x48, 0x5A, 0x00, 0x0F, 0xC4, 0x90, 0x00, 0x10, 0xCA,
    0x90, 0x00, 0x03, 0x02, 0x01, 0x00, 0x09, 0xAA, 0x8C, 0x00, 0x02, 0x01, 0x0B, 0x9C, 0x87, 0x00,
    0x11, 0xE4, 0x90, 0x00, 0x03, 0x04, 0x01, 0x00, 0x15, 0x9C, 0x87, 0x00, 0x04, 0x00, 0x10, 0x4E,
    0x8D, 0x00, 0x12, 0xEA, 0x90, 0x00, 0x13, 0x44, 0x01, 0x00, 0x17, 0xF6, 0x90, 0x00, 0x01, 0x00,
    0x16, 0xA6, 0x87, 0x00, 0x01, 0x00, 0x17, 0x0E, 0x91, 0x00, 0x01, 0x00, 0x04, 0x14, 0x91, 0x00,
    0x01, 0x00, 0x0B, 0x1A, 0x91, 0x00, 0x06, 0x00, 0x03, 0x9E, 0x90, 0x00, 0x07, 0xB8, 0x90, 0x00,
    0x0A, 0x44, 0x01, 0x00, 0x0B, 0xD4, 0x90, 0x00, 0x11, 0xFC, 0x90, 0x00, 0x14, 0x20, 0x91, 0x00,
    0x00, 0x02, 0x03, 0x03, 0x05, 0x05, 0x01, 0x00, 0x16, 0x40, 0x91, 0x00, 0x01, 0x01, 0x16, 0x46,
    0x91, 0x00, 0x03, 0x01, 0x01, 0x00, 0x07, 0x5A, 0x02, 0x00, 0x00, 0x02, 0x03, 0x05, 0x06, 0x05,
    0x01, 0x00, 0x14, 0x5A, 0x91, 0x00, 0x01, 0x01, 0x14, 0x60, 0x91, 0x00, 0x03, 0x01, 0x07, 0x00,
    0x03, 0x4C, 0x91, 0x00, 0x05, 0x54, 0x91, 0x00, 0x06, 0xF2, 0x87, 0x00, 0x07, 0x66, 0x91, 0x00,
    0x0D, 0x8C, 0x87, 0x00, 0x11, 0x8C, 0x87, 0x00, 0x17, 0x5A, 0x02, 0x00, 0x04, 0x00, 0x10, 0x6E,
    0x91, 0x00, 0x12, 0x5A, 0x02, 0x00, 0x14, 0xAA, 0x8D, 0x00, 0x15, 0x5A, 0x88, 0x00, 0x01, 0x00,
    0x06, 0x60, 0x88, 0x00, 0x02, 0x00, 0x10, 0x9E, 0x91, 0x00, 0x14, 0x5A, 0x88, 0x00, 0x01, 0x00,
    0x14, 0xD0, 0x01, 0x00, 0x01, 0x00, 0x03, 0xAE, 0x91, 0x00, 0x01, 0x00, 0x05, 0xB4, 0x91, 0x00,
    0x02, 0x00, 0x07, 0xA4, 0x91, 0x00, 0x0B, 0xBA, 0x91, 0x00, 0x01, 0x00, 0x0E, 0x40, 0x03, 0x00,
    0x01, 0x00, 0x04, 0xCA, 0x91, 0x00, 0x01, 0x00, 0x0E, 0x18, 0x8D, 0x00, 0x02, 0x00, 0x07, 0xD0,
    0x91, 0x00, 0x0B, 0xD6, 0x91, 0x00, 0x17, 0x00, 0x03, 0x28, 0x88, 0x00, 0x04, 0xAE, 0x88, 0x00,
    0x05, 0x50, 0x89, 0x00, 0x06, 0xD4, 0x89, 0x00, 0x07, 0x9C, 0x8A, 0x00, 0x08, 0xE4, 0x8A, 0x00,
    0x09, 0x40, 0x8B, 0x00, 0x0A, 0xD2, 0x8B, 0x00, 0x0B, 0x3A, 0x8C, 0x00, 0x0C, 0x50, 0x8C, 0x00,
    0x0D, 0x82, 0x8C, 0x00, 0x0E, 0xF2, 0x8C, 0x00, 0x0F, 0xD4, 0x8D, 0x00, 0x10, 0x24, 0x8E, 0x00,
    0x11, 0x78, 0x8E, 0x00, 0x12, 0xFE, 0x8E, 0x00, 0x14, 0xAC, 0x8F, 0x00, 0x15, 0x62, 0x90, 0x00,
    0x16, 0x26, 0x91, 0x00, 0x17, 0x8C, 0x91, 0x00, 0x18, 0xC0, 0x91, 0x00, 0x19, 0xDC, 0x91, 0x00,
    0x1B, 0xCE, 0x87, 0x00, 0x00, 0x01, 0x01, 0x05, 0x02, 0x00, 0x0E, 0x44, 0x92, 0x00, 0x10, 0x44,
    0x92, 0x00, 0x00, 0x01, 0x02, 0x05, 0x01, 0x00, 0x06, 0x52, 0x92, 0x00, 0x01, 0x01, 0x14, 0x56,
    0x92, 0x00, 0x03, 0x02, 0x00, 0x02, 0x02, 0x05, 0x04, 0x05, 0x01, 0x00, 0x04, 0x64, 0x92, 0x00,
    0x01, 0x00, 0x03, 0x6A, 0x92, 0x00, 0x02, 0x00, 0x03, 0x8C, 0x87, 0x00, 0x16, 0x70, 0x92, 0x00,
    0x01, 0x00, 0x16, 0x52, 0x92, 0x00, 0x01, 0x00, 0x03, 0x80, 0x92, 0x00, 0x00, 0x02, 0x02, 0x05,
    0x03, 0x05, 0x02, 0x00, 0x05, 0x44, 0x92, 0x00, 0x1C, 0x8C, 0x92, 0x00, 0x01, 0x00, 0x0B, 0x92,
    0x92, 0x00, 0x01, 0x00, 0x0E, 0x9C, 0x92, 0x00, 0x01, 0x00, 0x09, 0x52, 0x92, 0x00, 0x01, 0x01,
    0x11, 0xA8, 0x92, 0x00, 0x00, 0x04, 0x01, 0x00, 0x0E, 0xFA, 0x06, 0x00, 0x08, 0x00, 0x02, 0xA4,
    0x29, 0x00, 0x03, 0x48, 0x92, 0x00, 0x07, 0x5C, 0x92, 0x00, 0x0B, 0x76, 0x92, 0x00, 0x0E, 0x86,
    0x92, 0x00, 0x11, 0xA2, 0x92, 0x00, 0x14, 0xAE, 0x92, 0x00, 0x17, 0xB6, 0x92, 0x00, 0x01, 0x00,
    0x0E, 0x0C, 0x07, 0x00, 0x02, 0x01, 0x06, 0x52, 0x92, 0x00, 0x11, 0x52, 0x92, 0x00, 0x01, 0x04,
    0x02, 0x00, 0x04, 0xDE, 0x92, 0x00, 0x14, 0xE4, 0x92, 0x00, 0x01, 0x00, 0x17, 0x44, 0x92, 0x00,
    0x02, 0x00, 0x11, 0xFA, 0x92, 0x00, 0x14, 0xD4, 0x06, 0x00, 0x01, 0x00, 0x16, 0x44, 0x92, 0x00,
    0x01, 0x00, 0x07, 0x0A, 0x93, 0x00, 0x03, 0x02, 0x07, 0xC6, 0x06, 0x00, 0x10, 0xD4, 0x06, 0x00,
    0x11, 0xC6, 0x06, 0x00, 0x00, 0x04, 0x01, 0x02, 0x01, 0x00, 0x04, 0x52, 0x92, 0x00, 0x01, 0x00,
    0x11, 0x28, 0x93, 0x00, 0x01, 0x00, 0x08, 0x8C, 0x87, 0x00, 0x01, 0x00, 0x0B, 0x34, 0x93, 0x00,
    0x02, 0x00, 0x0E, 0xFA, 0x06, 0x00, 0x0F, 0x28, 0x11, 0x00, 0x07, 0x00, 0x03, 0xF0, 0x92, 0x00,
    0x07, 0x00, 0x93, 0x00, 0x0A, 0x10, 0x93, 0x00, 0x0B, 0x16, 0x93, 0x00, 0x14, 0x2E, 0x93, 0x00,
    0x16, 0x3A, 0x93, 0x00, 0x17, 0x40, 0x93, 0x00, 0x01, 0x00, 0x10, 0x28, 0x11, 0x00, 0x01, 0x00,
    0x0B, 0x68, 0x93, 0x00, 0x01, 0x00, 0x02, 0x52, 0x92, 0x00, 0x01, 0x00, 0x14, 0x74, 0x93, 0x00,
    0x01, 0x00, 0x03, 0xFA, 0x06, 0x00, 0x06, 0x01, 0x03, 0xC6, 0x06, 0x00, 0x05, 0x80, 0x93, 0x00,
    0x07, 0x6E, 0x87, 0x00, 0x11, 0xC6, 0x06, 0x00, 0x16, 0xC6, 0x06, 0x00, 0x17, 0x44, 0x92, 0x00,
    0x00, 0x02, 0x01, 0x00, 0x07, 0x28, 0x11, 0x00, 0x01, 0x00, 0x19, 0xFA, 0x06, 0x00, 0x01, 0x00,
    0x10, 0x52, 0x92, 0x00, 0x01, 0x00, 0x03, 0xAE, 0x93, 0x00, 0x01, 0x00, 0x17, 0x28, 0x11, 0x00,
    0x02, 0x01, 0x05, 0xC6, 0x06, 0x00, 0x0F, 0x52, 0x92, 0x00, 0x00, 0x04, 0x08, 0x01, 0x06, 0x6E,
    0x93, 0x00, 0x07, 0x7A, 0x93, 0x00, 0x0B, 0x86, 0x93, 0x00, 0x0E, 0xA2, 0x93, 0x00, 0x11, 0xA8,
    0x93, 0x00, 0x14, 0xB4, 0x93, 0x00, 0x15, 0xBA, 0x93, 0x00, 0x17, 0xC0, 0x93, 0x00, 0x01, 0x02,
    0x01, 0x01, 0x0B, 0x60, 0x88, 0x00, 0x02, 0x04, 0x01, 0x00, 0x14, 0xF0, 0x93, 0x00, 0x00, 0x01,
    0x02, 0x06, 0x01, 0x00, 0x0A, 0xFE, 0x93, 0x00, 0x01, 0x00, 0x15, 0x02, 0x94, 0x00, 0x01, 0x01,
    0x0B, 0x08, 0x94, 0x00, 0x03, 0x04, 0x01, 0x01, 0x08, 0x0E, 0x94, 0x00, 0x01, 0x02, 0x02, 0x00,
    0x04, 0x26, 0x1A, 0x00, 0x10, 0xBC, 0x02, 0x00, 0x01, 0x00, 0x0E, 0x52, 0x92, 0x00, 0x03, 0x00,
    0x0E, 0x28, 0x94, 0x00, 0x11, 0xBC, 0x02, 0x00, 0x17, 0xA4, 0x29, 0x00, 0x00, 0x02, 0x00, 0x04,
    0x02, 0x04, 0x01, 0x00, 0x0B, 0xFA, 0x06, 0x00, 0x02, 0x01, 0x09, 0x1A, 0x0E, 0x00, 0x10, 0x42,
    0x94, 0x00, 0x01, 0x02, 0x01, 0x00, 0x14, 0x44, 0x92, 0x00, 0x02, 0x00, 0x07, 0x54, 0x94, 0x00,
    0x0E, 0x52, 0x92, 0x00, 0x08, 0x00, 0x03, 0x1E, 0x94, 0x00, 0x07, 0x2E, 0x94, 0x00, 0x0B, 0xD4,
    0x06, 0x00, 0x0E, 0x3C, 0x94, 0x00, 0x10, 0xD4, 0x06, 0x00, 0x11, 0x48, 0x94, 0x00, 0x17, 0x5A,
    0x94, 0x00, 0x1B, 0x26, 0x1A, 0x00, 0x04, 0x00, 0x03, 0xC6, 0x06, 0x00, 0x07, 0xC6, 0x06, 0x00,
    0x0E, 0x28, 0x11, 0x00, 0x11, 0xC6, 0x06, 0x00, 0x01, 0x00, 0x02, 0xC6, 0x06, 0x00, 0x01, 0x00,
    0x1B, 0x52, 0x92, 0x00, 0x02, 0x02, 0x0B, 0xF4, 0x8B, 0x00, 0x11, 0x8C, 0x87, 0x00, 0x01, 0x04,
    0x02, 0x04, 0x01, 0x00, 0x07, 0xF4, 0x8B, 0x00, 0x05, 0x01, 0x03, 0x44, 0x92, 0x00, 0x05, 0x98,
    0x94, 0x00, 0x0E, 0x9E, 0x94, 0x00, 0x10, 0xA4, 0x94, 0x00, 0x16, 0xB2, 0x94, 0x00, 0x02, 0x02,
    0x01, 0x00, 0x10, 0xD4, 0x06, 0x00, 0x01, 0x00, 0x07, 0xD0, 0x94, 0x00, 0x03, 0x00, 0x04, 0x52,
    0x92, 0x00, 0x06, 0xFA, 0x06, 0x00, 0x14, 0x26, 0x1A, 0x00, 0x01, 0x00, 0x0B, 0xA4, 0x29, 0x00,
    0x01, 0x00, 0x0B, 0x26, 0x1A, 0x00, 0x02, 0x00, 0x06, 0xFA, 0x06, 0x00, 0x16, 0xF0, 0x94, 0x00,
    0x00, 0x02, 0x01, 0x05, 0x03, 0x05, 0x02, 0x01, 0x10, 0xF6, 0x94, 0x00, 0x11, 0x00, 0x95, 0x00,
    0x00, 0x02, 0x02, 0x01, 0x03, 0x50, 0x47, 0x00, 0x07, 0xBC, 0x02, 0x00, 0x02, 0x01, 0x01, 0x00,
    0x18, 0x52, 0x92, 0x00, 0x01, 0x00, 0x05, 0xA4, 0x29, 0x00, 0x02, 0x00, 0x07, 0x1E, 0x95, 0x00,
    0x0B, 0x24, 0x95, 0x00, 0x01, 0x00, 0x02, 0x44, 0x92, 0x00, 0x01, 0x00, 0x09, 0x34, 0x95, 0x00,
    0x00, 0x02, 0x00, 0x05, 0x01, 0x05, 0x01, 0x01, 0x16, 0x40, 0x95, 0x00, 0x00, 0x04, 0x00, 0x01,
    0x00, 0x05, 0x04, 0x00, 0x02, 0x26, 0x1A, 0x00, 0x15, 0x46, 0x95, 0x00, 0x16, 0x4E, 0x95, 0x00,
    0x1C, 0x1A, 0x0E, 0x00, 0x08, 0x00, 0x03, 0xDC, 0x94, 0x00, 0x06, 0xEA, 0x94, 0x00, 0x07, 0x06,
    0x95, 0x00, 0x0B, 0x12, 0x95, 0x00, 0x0E, 0x2A, 0x95, 0x00, 0x0F, 0xA4, 0x29, 0x00, 0x11, 0x3A,
    0x95, 0x00, 0x1B, 0x52, 0x95, 0x00, 0x01, 0x00, 0x05, 0x52, 0x92, 0x00, 0x01, 0x00, 0x15, 0x26,
    0x1A, 0x00, 0x00, 0x02, 0x01, 0x04, 0x02, 0x05, 0x02, 0x00, 0x0B, 0x8C, 0x95, 0x00, 0x11, 0x92,
    0x95, 0x00, 0x05, 0x01, 0x04, 0x52, 0x92, 0x00, 0x09, 0xFA, 0x06, 0x00, 0x14, 0x5A, 0x88, 0x00,
    0x15, 0x86, 0x95, 0x00, 0x16, 0x98, 0x95, 0x00, 0x00, 0x04, 0x00, 0x03, 0x02, 0x01, 0x04, 0x03,
    0x06, 0x05, 0x01, 0x00, 0x04, 0xBA, 0x95, 0x00, 0x01, 0x00, 0x03, 0xC2, 0x95, 0x00, 0x01, 0x00,
    0x16, 0xC8, 0x95, 0x00, 0x01, 0x00, 0x03, 0x52, 0x92, 0x00, 0x02, 0x00, 0x10, 0xCE, 0x95, 0x00,
    0x14, 0xD4, 0x95, 0x00, 0x01, 0x01, 0x11, 0xBC, 0x02, 0x00, 0x02, 0x01, 0x04, 0x00, 0x05, 0xFA,
    0x06, 0x00, 0x08, 0x52, 0x92, 0x00, 0x0E, 0x9E, 0x94, 0x00, 0x10, 0xE4, 0x95, 0x00, 0x02, 0x01,
    0x10, 0x44, 0x92, 0x00, 0x14, 0x18, 0x8D, 0x00, 0x01, 0x02, 0x05, 0x00, 0x03, 0xA2, 0x95, 0x00,
    0x07, 0xDA, 0x95, 0x00, 0x0B, 0xEC, 0x95, 0x00, 0x11, 0xFE, 0x95, 0x00, 0x12, 0xB2, 0x94, 0x00,
    0x01, 0x00, 0x07, 0xFA, 0x06, 0x00, 0x00, 0x01, 0x04, 0x06, 0x01, 0x01, 0x15, 0x26, 0x96, 0x00,
    0x00, 0x03, 0x01, 0x00, 0x1B, 0x2A, 0x96, 0x00, 0x02, 0x01, 0x05, 0xFA, 0x06, 0x00, 0x0B, 0x48,
    0x5A, 0x00, 0x01, 0x03, 0x01, 0x00, 0x0B, 0xC6, 0x06, 0x00, 0x04, 0x00, 0x09, 0x20, 0x96, 0x00,
    0x0E, 0x32, 0x96, 0x00, 0x14, 0x38, 0x96, 0x00, 0x16, 0x44, 0x96, 0x00, 0x01, 0x00, 0x15, 0x48,
    0x5A, 0x00, 0x01, 0x00, 0x15, 0xFA, 0x06, 0x00, 0x01, 0x00, 0x19, 0x28, 0x11, 0x00, 0x04, 0x01,
    0x07, 0x5C, 0x96, 0x00, 0x0B, 0x62, 0x96, 0x00, 0x0E, 0xD4, 0x06, 0x00, 0x11, 0x68, 0x96, 0x00,
    0x00, 0x04, 0x01, 0x00, 0x16, 0x74, 0x93, 0x00, 0x04, 0x00, 0x07, 0x44, 0x92, 0x00, 0x10, 0xC6,
    0x06, 0x00, 0x15, 0x82, 0x96, 0x00, 0x17, 0xC6, 0x06, 0x00, 0x02, 0x01, 0x0B, 0x3A, 0x8E, 0x00,
    0x0E, 0xD4, 0x06, 0x00, 0x00, 0x02, 0x01, 0x00, 0x15, 0xC6, 0x06, 0x00, 0x00, 0x02, 0x02, 0x03,
    0x03, 0x03, 0x02, 0x00, 0x07, 0x28, 0x11, 0x00, 0x0B, 0x44, 0x92, 0x00, 0x01, 0x00, 0x07, 0x44,
    0x92, 0x00, 0x01, 0x00, 0x0A, 0xFA, 0x06, 0x00, 0x0A, 0x00, 0x05, 0x32, 0x27, 0x00, 0x07, 0xA6,
    0x96, 0x00, 0x08, 0xAC, 0x96, 0x00, 0x0F, 0xB2, 0x96, 0x00, 0x10, 0xBC, 0x96, 0x00, 0x11, 0xFA,
    0x06, 0x00, 0x12, 0xC6, 0x06, 0x00, 0x15, 0xC2, 0x96, 0x00, 0x16, 0xFA, 0x06, 0x00, 0x17, 0xC6,
    0x06, 0x00, 0x01, 0x00, 0x0B, 0x28, 0x11, 0x00, 0x01, 0x00, 0x0E, 0xF2, 0x96, 0x00, 0x01, 0x00,
    0x1C, 0x4E, 0x95, 0x00, 0x01, 0x00, 0x0B, 0xFE, 0x96, 0x00, 0x01, 0x00, 0x05, 0x10, 0x8C, 0x00,
    0x01, 0x01, 0x0A, 0xA6, 0x87, 0x00, 0x02, 0x05, 0x02, 0x01, 0x03, 0x0A, 0x97, 0x00, 0x16, 0x10,
    0x97, 0x00, 0x03, 0x04, 0x01, 0x00, 0x11, 0x28, 0x11, 0x00, 0x01, 0x01, 0x11, 0x5A, 0x02, 0x00,
    0x02, 0x02, 0x01, 0x00, 0x14, 0x28, 0x11, 0x00, 0x08, 0x00, 0x03, 0xA0, 0x06, 0x00, 0x05, 0x24,
    0x97, 0x00, 0x09, 0x34, 0x8C, 0x00, 0x10, 0x28, 0x11, 0x00, 0x12, 0x2A, 0x97, 0x00, 0x16, 0x28,
    0x11, 0x00, 0x17, 0x32, 0x97, 0x00, 0x18, 0x5A, 0x02, 0x00, 0x01, 0x00, 0x0E, 0x1A, 0x90, 0x00,
    0x00, 0x03, 0x02, 0x03, 0x04, 0x01, 0x05, 0x02, 0x01, 0x00, 0x07, 0x6C, 0x01, 0x00, 0x04, 0x00,
    0x06, 0x6C, 0x01, 0x00, 0x07, 0x28, 0x11, 0x00, 0x10, 0x60, 0x97, 0x00, 0x14, 0x68, 0x97, 0x00,
    0x05, 0x00, 0x03, 0x5A, 0x97, 0x00, 0x0B, 0x6E, 0x97, 0x00, 0x11, 0xA4, 0x29, 0x00, 0x14, 0xA0,
    0x06, 0x00, 0x19, 0x28, 0x11, 0x00, 0x03, 0x00, 0x03, 0xFA, 0x06, 0x00, 0x0E, 0xFA, 0x06, 0x00,
    0x14, 0x44, 0x92, 0x00, 0x0B, 0x01, 0x03, 0x4A, 0x96, 0x00, 0x06, 0x6E, 0x96, 0x00, 0x07, 0x88,
    0x96, 0x00, 0x09, 0x9A, 0x96, 0x00, 0x0B, 0xC8, 0x96, 0x00, 0x0D, 0xF8, 0x96, 0x00, 0x10, 0x04,
    0x97, 0x00, 0x11, 0x18, 0x97, 0x00, 0x15, 0x38, 0x97, 0x00, 0x16, 0x80, 0x97, 0x00, 0x17, 0x96,
    0x97, 0x00, 0x01, 0x02, 0x02, 0x00, 0x14, 0x48, 0x5A, 0x00, 0x16, 0x52, 0x92, 0x00, 0x00, 0x02,
    0x01, 0x04, 0x03, 0x05, 0x01, 0x00, 0x07, 0xDE, 0x97, 0x00, 0x01, 0x00, 0x0E, 0xE4, 0x97, 0x00,
    0x01, 0x00, 0x04, 0xEA, 0x97, 0x00, 0x01, 0x00, 0x11, 0x52, 0x92, 0x00, 0x02, 0x00, 0x03, 0xF0,
    0x97, 0x00, 0x14, 0xF6, 0x97, 0x00, 0x01, 0x00, 0x14, 0xC6, 0x06, 0x00, 0x02, 0x00, 0x07, 0x06,
    0x98, 0x00, 0x0B, 0xA4, 0x29, 0x00, 0x01, 0x01, 0x14, 0x52, 0x92, 0x00, 0x01, 0x04, 0x01, 0x00,
    0x03, 0x16, 0x98, 0x00, 0x01, 0x00, 0x0E, 0x1E, 0x98, 0x00, 0x02, 0x00, 0x03, 0xFA, 0x06, 0x00,
    0x17, 0xC6, 0x06, 0x00, 0x03, 0x00, 0x0E, 0x24, 0x98, 0x00, 0x10, 0xFA, 0x06, 0x00, 0x16, 0x2A,
    0x98, 0x00, 0x04, 0x00, 0x05, 0x9C, 0x87, 0x00, 0x0E, 0xD4, 0x95, 0x00, 0x14, 0x18, 0x8D, 0x00,
    0x15, 0x72, 0x8E, 0x00, 0x01, 0x00, 0x15, 0x8C, 0x87, 0x00, 0x01, 0x00, 0x07, 0x54, 0x98, 0x00,
    0x08, 0x00, 0x03, 0xD4, 0x97, 0x00, 0x07, 0xFC, 0x97, 0x00, 0x0A, 0x0C, 0x98, 0x00, 0x0B, 0x34,
    0x98, 0x00, 0x0E, 0x0C, 0x07, 0x00, 0x11, 0x42, 0x98, 0x00, 0x15, 0x5A, 0x98, 0x00, 0x17, 0xC6,
    0x06, 0x00, 0x01, 0x00, 0x17, 0x96, 0x8A, 0x00, 0x01, 0x00, 0x16, 0xFA, 0x06, 0x00, 0x01, 0x00,
    0x15, 0x52, 0x92, 0x00, 0x02, 0x00, 0x07, 0x44, 0x92, 0x00, 0x0B, 0x8E, 0x98, 0x00, 0x01, 0x00,
    0x16, 0xBC, 0x96, 0x00, 0x01, 0x00, 0x07, 0x9E, 0x98, 0x00, 0x01, 0x00, 0x09, 0x48, 0x5A, 0x00,
    0x02, 0x00, 0x11, 0x44, 0x92, 0x00, 0x18, 0x52, 0x92, 0x00, 0x01, 0x01, 0x0B, 0xB0, 0x98, 0x00,
    0x02, 0x04, 0x00, 0x02, 0x02, 0x05, 0x04, 0x04, 0x0A, 0x00, 0x05, 0x88, 0x98, 0x00, 0x06, 0x94,
    0x98, 0x00, 0x0E, 0xFA, 0x06, 0x00, 0x0F, 0xA4, 0x98, 0x00, 0x10, 0xAA, 0x98, 0x00, 0x12, 0x5A,
    0x02, 0x00, 0x16, 0xBA, 0x98, 0x00, 0x17, 0x44, 0x92, 0x00, 0x18, 0xC2, 0x98, 0x00, 0x19, 0x48,
    0x5A, 0x00, 0x01, 0x00, 0x03, 0x5A, 0x97, 0x00, 0x00, 0x02, 0x02, 0x03, 0x05, 0x05, 0x01, 0x00,
    0x16, 0xF8, 0x98, 0x00, 0x02, 0x00, 0x03, 0x68, 0x93, 0x00, 0x07, 0xFE, 0x98, 0x00, 0x01, 0x00,
    0x0A, 0x04, 0x99, 0x00, 0x01, 0x00, 0x07, 0x52, 0x92, 0x00, 0x01, 0x00, 0x10, 0x14, 0x99, 0x00,
    0x02, 0x00, 0x0B, 0x1A, 0x99, 0x00, 0x14, 0x28, 0x11, 0x00, 0x01, 0x00, 0x15, 0x44, 0x92, 0x00,
    0x04, 0x00, 0x03, 0x8E, 0x98, 0x00, 0x07, 0xC6, 0x06, 0x00, 0x10, 0x88, 0x98, 0x00, 0x15, 0x2A,
    0x99, 0x00, 0x02, 0x00, 0x0B, 0x28, 0x11, 0x00, 0x0E, 0x28, 0x11, 0x00, 0x02, 0x00, 0x0E, 0x52,
    0x92, 0x00, 0x10, 0xFA, 0x06, 0x00, 0x01, 0x00, 0x16, 0xC6, 0x06, 0x00, 0x06, 0x01, 0x03, 0x4C,
    0x99, 0x00, 0x07, 0x56, 0x99, 0x00, 0x0F, 0x28, 0x11, 0x00, 0x10, 0x86, 0x92, 0x00, 0x11, 0xFA,
    0x06, 0x00, 0x1C, 0xA0, 0x06, 0x00, 0x02, 0x01, 0x01, 0x00, 0x0B, 0xA0, 0x06, 0x00, 0x01, 0x00,
    0x0B, 0x44, 0x92, 0x00, 0x03, 0x00, 0x06, 0x8C, 0x92, 0x00, 0x10, 0x7E, 0x99, 0x00, 0x11, 0xC6,
    0x06, 0x00, 0x01, 0x00, 0x07, 0xA0, 0x06, 0x00, 0x01, 0x00, 0x09, 0x92, 0x99, 0x00, 0x01, 0x00,
    0x10, 0x98, 0x99, 0x00, 0x02, 0x00, 0x03, 0x9E, 0x99, 0x00, 0x07, 0x48, 0x5A, 0x00, 0x02, 0x00,
    0x03, 0x28, 0x11, 0x00, 0x0A, 0xA0, 0x06, 0x00, 0x0D, 0x02, 0x03, 0xC8, 0x98, 0x00, 0x04, 0xF2,
    0x98, 0x00, 0x05, 0x0E, 0x99, 0x00, 0x06, 0x20, 0x99, 0x00, 0x07, 0x30, 0x99, 0x00, 0x08, 0x42,
    0x99, 0x00, 0x0B, 0x5C, 0x99, 0x00, 0x0F, 0x78, 0x99, 0x00, 0x11, 0x84, 0x99, 0x00, 0x12, 0xA0,
    0x06, 0x00, 0x13, 0xFA, 0x06, 0x00, 0x14, 0xA4, 0x99, 0x00, 0x15, 0xAE, 0x99, 0x00, 0x00, 0x02,
    0x01, 0x02, 0x02, 0x00, 0x04, 0x28, 0x11, 0x00, 0x10, 0x88, 0x98, 0x00, 0x00, 0x03, 0x00, 0x05,
    0x01, 0x05, 0x03, 0x04, 0x04, 0x00, 0x03, 0x34, 0x95, 0x00, 0x04, 0xC6, 0x06, 0x00, 0x05, 0xC6,
    0x06, 0x00, 0x16, 0xFC, 0x99, 0x00, 0x01, 0x00, 0x05, 0x26, 0x1A, 0x00, 0x01, 0x00, 0x0A, 0x52,
    0x92, 0x00, 0x01, 0x00, 0x0A, 0x28, 0x11, 0x00, 0x01, 0x00, 0x10, 0xFA, 0x06, 0x00, 0x02, 0x00,
    0x07, 0x28, 0x9A, 0x00, 0x14, 0xD4, 0x06, 0x00, 0x01, 0x00, 0x14, 0x12, 0x8D, 0x00, 0x01, 0x00,
    0x11, 0x80, 0x92, 0x00, 0x01, 0x00, 0x16, 0x3E, 0x9A, 0x00, 0x01, 0x00, 0x12, 0x44, 0x9A, 0x00,
    0x01, 0x00, 0x0F, 0x4A, 0x9A, 0x00, 0x0C, 0x00, 0x02, 0xA4, 0x29, 0x00, 0x03, 0xF2, 0x99, 0x00,
    0x0A, 0x9C, 0x88, 0x00, 0x0B, 0x04, 0x9A, 0x00, 0x0D, 0x0A, 0x8C, 0x00, 0x0E, 0x28, 0x11, 0x00,
    0x11, 0x16, 0x9A, 0x00, 0x12, 0x1C, 0x9A, 0x00, 0x15, 0x22, 0x9A, 0x00, 0x16, 0x2E, 0x9A, 0x00,
    0x17, 0x38, 0x9A, 0x00, 0x1B, 0x50, 0x9A, 0x00, 0x01, 0x00, 0x11, 0xFA, 0x06, 0x00, 0x04, 0x01,
    0x04, 0xB6, 0x92, 0x00, 0x05, 0x52, 0x92, 0x00, 0x0E, 0x88, 0x9A, 0x00, 0x12, 0x52, 0x92, 0x00,
    0x01, 0x02, 0x01, 0x01, 0x0A, 0x52, 0x92, 0x00, 0x03, 0x05, 0x01, 0x01, 0x03, 0x44, 0x92, 0x00,
    0x04, 0x05, 0x02, 0x00, 0x03, 0xFA, 0x06, 0x00, 0x10, 0xAA, 0x9A, 0x00, 0x06, 0x00, 0x05, 0xA2,
    0x9A, 0x00, 0x09, 0x88, 0x9A, 0x00, 0x10, 0x9A, 0x34, 0x00, 0x14, 0xB2, 0x9A, 0x00, 0x15, 0x88,
    0x98, 0x00, 0x18, 0x52, 0x92, 0x00, 0x00, 0x03, 0x03, 0x03, 0x05, 0x01, 0x06, 0x01, 0x01, 0x00,
    0x15, 0xD6, 0x9A, 0x00, 0x01, 0x00, 0x11, 0xDE, 0x9A, 0x00, 0x03, 0x00, 0x0F, 0x8C, 0x87, 0x00,
    0x10, 0x44, 0x92, 0x00, 0x14, 0xE4, 0x9A, 0x00, 0x01, 0x01, 0x0F, 0x8C, 0x87, 0x00, 0x02, 0x04,
    0x02, 0x01, 0x07, 0xEA, 0x9A, 0x00, 0x11, 0xF8, 0x9A, 0x00, 0x00, 0x04, 0x01, 0x00, 0x14, 0xA6,
    0x87, 0x00, 0x01, 0x00, 0x03, 0x0C, 0x9B, 0x00, 0x01, 0x00, 0x10, 0x12, 0x9B, 0x00, 0x01, 0x00,
    0x17, 0xFA, 0x06, 0x00, 0x07, 0x00, 0x02, 0xA4, 0x29, 0x00, 0x03, 0x44, 0x92, 0x00, 0x04, 0x8C,
    0x92, 0x00, 0x05, 0xD4, 0x06, 0x00, 0x08, 0xFA, 0x06, 0x00, 0x11, 0x18, 0x9B, 0x00, 0x16, 0x1E,
    0x9B, 0x00, 0x01, 0x00, 0x1C, 0x52, 0x92, 0x00, 0x01, 0x01, 0x0B, 0x42, 0x9B, 0x00, 0x01, 0x02,
    0x04, 0x00, 0x09, 0x26, 0x1A, 0x00, 0x0F, 0x48, 0x9B, 0x00, 0x12, 0x26, 0x1A, 0x00, 0x15, 0x26,
    0x1A, 0x00, 0x01, 0x00, 0x12, 0x52, 0x92, 0x00, 0x01, 0x01, 0x11, 0x62, 0x9B, 0x00, 0x01, 0x01,
    0x01, 0x00, 0x0D, 0x28, 0x11, 0x00, 0x01, 0x00, 0x09, 0x28, 0x11, 0x00, 0x01, 0x00, 0x02, 0xFE,
    0x93, 0x00, 0x01, 0x01, 0x15, 0x7C, 0x9B, 0x00, 0x02, 0x05, 0x03, 0x00, 0x03, 0x76, 0x9B, 0x00,
    0x07, 0x82, 0x9B, 0x00, 0x0A, 0x28, 0x11, 0x00, 0x04, 0x01, 0x03, 0x52, 0x92, 0x00, 0x07, 0x52,
    0x92, 0x00, 0x0E, 0xFA, 0x06, 0x00, 0x14, 0x80, 0x93, 0x00, 0x01, 0x02, 0x0A, 0x00, 0x03, 0x8E,
    0x9A, 0x00, 0x07, 0xBC, 0x9A, 0x00, 0x0A, 0x00, 0x9B, 0x00, 0x0B, 0x24, 0x9B, 0x00, 0x11, 0x50,
    0x9B, 0x00, 0x14, 0x68, 0x9B, 0x00, 0x15, 0x70, 0x9B, 0x00, 0x16, 0x8A, 0x9B, 0x00, 0x17, 0x98,
    0x9B, 0x00, 0x1B, 0x0C, 0x07, 0x00, 0x01, 0x00, 0x0E, 0x48, 0x5A, 0x00, 0x01, 0x01, 0x16, 0xD6,
    0x9B, 0x00, 0x04, 0x03, 0x02, 0x00, 0x0A, 0xDC, 0x9B, 0x00, 0x17, 0xFA, 0x06, 0x00, 0x01, 0x00,
    0x08, 0x64, 0x92, 0x00, 0x01, 0x02, 0x0B, 0xEE, 0x9B, 0x00, 0x02, 0x04, 0x03, 0x02, 0x01, 0x00,
    0x06, 0x8C, 0x87, 0x00, 0x01, 0x00, 0x0B, 0x28, 0x93, 0x00, 0x02, 0x00, 0x07, 0xF4, 0x8B, 0x00,
    0x0A, 0xD4, 0x06, 0x00, 0x07, 0x00, 0x04, 0x28, 0x11, 0x00, 0x09, 0xE4, 0x9B, 0x00, 0x0E, 0xF4,
    0x9B, 0x00, 0x10, 0xFE, 0x9B, 0x00, 0x14, 0xFA, 0x06, 0x00, 0x15, 0x04, 0x9C, 0x00, 0x16, 0x0A,
    0x9C, 0x00, 0x02, 0x01, 0x09, 0xFA, 0x06, 0x00, 0x10, 0x44, 0x92, 0x00, 0x01, 0x02, 0x01, 0x00,
    0x11, 0xBC, 0x02, 0x00, 0x03, 0x00, 0x03, 0xFA, 0x06, 0x00, 0x10, 0x52, 0x92, 0x00, 0x1B, 0x52,
    0x92, 0x00, 0x02, 0x00, 0x10, 0x3E, 0x9C, 0x00, 0x14, 0x44, 0x9C, 0x00, 0x03, 0x01, 0x07, 0x6E,
    0x87, 0x00, 0x09, 0xFA, 0x06, 0x00, 0x11, 0x1E, 0x9B, 0x00, 0x02, 0x01, 0x02, 0x00, 0x05, 0x52,
    0x92, 0x00, 0x14, 0xF6, 0x06, 0x00, 0x04, 0x00, 0x03, 0x32, 0x9C, 0x00, 0x07, 0x52, 0x9C, 0x00,
    0x0B, 0x5C, 0x9C, 0x00, 0x11, 0x6C, 0x9C, 0x00, 0x01, 0x00, 0x1B, 0x1A, 0x0E, 0x00, 0x01, 0x00,
    0x1B, 0x28, 0x11, 0x00, 0x04, 0x00, 0x03, 0x88, 0x9C, 0x00, 0x0B, 0xFA, 0x06, 0x00, 0x0E, 0x8E,
    0x9C, 0x00, 0x15, 0xBC, 0x02, 0x00, 0x02, 0x00, 0x05, 0x28, 0x11, 0x00, 0x06, 0x28, 0x11, 0x00,
    0x01, 0x00, 0x0B, 0xA6, 0x9C, 0x00, 0x03, 0x00, 0x03, 0x28, 0x94, 0x00, 0x07, 0xBC, 0x02, 0x00,
    0x15, 0xBC, 0x02, 0x00, 0x01, 0x00, 0x0B, 0x8C, 0x87, 0x00, 0x02, 0x00, 0x0B, 0x74, 0x87, 0x00,
    0x1C, 0xC4, 0x9C, 0x00, 0x19, 0x00, 0x04, 0xBC, 0x92, 0x00, 0x05, 0x4A, 0x93, 0x00, 0x06, 0xCC,
    0x93, 0x00, 0x07, 0xF8, 0x93, 0x00, 0x08, 0x16, 0x94, 0x00, 0x09, 0x64, 0x94, 0x00, 0x0A, 0x86,
    0x94, 0x00, 0x0B, 0xB8, 0x94, 0x00, 0x0C, 0xF6, 0x06, 0x00, 0x0D, 0xD6, 0x94, 0x00, 0x0E, 0x64,
    0x95, 0x00, 0x0F, 0x0A, 0x96, 0x00, 0x10, 0xA4, 0x97, 0x00, 0x11, 0xA4, 0x29, 0x00, 0x12, 0x60,
    0x98, 0x00, 0x13, 0x82, 0x98, 0x00, 0x14, 0xB8, 0x99, 0x00, 0x15, 0x56, 0x9A, 0x00, 0x16, 0xAC,
    0x9B, 0x00, 0x17, 0x14, 0x9C, 0x00, 0x18, 0x76, 0x9C, 0x00, 0x19, 0x94, 0x9C, 0x00, 0x1A, 0xB0,
    0x9C, 0x00, 0x1B, 0xB6, 0x9C, 0x00, 0x1C, 0xCA, 0x9C, 0x00, 0x01, 0x00, 0x02, 0x3A, 0x01, 0x00,
    0x01, 0x00, 0x14, 0x3A, 0x9D, 0x00, 0x01, 0x00, 0x07, 0x40, 0x9D, 0x00, 0x01, 0x00, 0x0D, 0x46,
    0x9D, 0x00, 0x01, 0x00, 0x07, 0x34, 0x8C, 0x00, 0x01, 0x00, 0x09, 0x52, 0x9D, 0x00, 0x01, 0x00,
    0x03, 0x24, 0x01, 0x00, 0x01, 0x00, 0x09, 0x8C, 0x87, 0x00, 0x01, 0x00, 0x03, 0x64, 0x9D, 0x00,
    0x03, 0x00, 0x06, 0x6A, 0x9D, 0x00, 0x07, 0xBC, 0x02, 0x00, 0x0B, 0x5A, 0x02, 0x00, 0x00, 0x02,
    0x02, 0x06, 0x03, 0x01, 0x01, 0x00, 0x07, 0x7E, 0x9D, 0x00, 0x01, 0x00, 0x0B, 0x84, 0x9D, 0x00,
    0x01, 0x00, 0x10, 0x8A, 0x9D, 0x00, 0x03, 0x00, 0x04, 0x52, 0x8B, 0x00, 0x0B, 0x4E, 0x8D, 0x00,
    0x11, 0x90, 0x9D, 0x00, 0x01, 0x00, 0x15, 0x1C, 0x88, 0x00, 0x01, 0x00, 0x1B, 0xD4, 0x06, 0x00,
    0x01, 0x01, 0x0A, 0xAA, 0x9D, 0x00, 0x00, 0x01, 0x0A, 0x00, 0x02, 0x4E, 0x95, 0x00, 0x05, 0x4C,
    0x9D, 0x00, 0x06, 0x58, 0x9D, 0x00, 0x09, 0xA2, 0x93, 0x00, 0x0E, 0x5E, 0x9D, 0x00, 0x10, 0x70,
    0x9D, 0x00, 0x14, 0x96, 0x9D, 0x00, 0x15, 0xA4, 0x9D, 0x00, 0x16, 0xB0, 0x9D, 0x00, 0x1C, 0x28,
    0x11, 0x00, 0x01, 0x01, 0x14, 0xC6, 0x06, 0x00, 0x01, 0x02, 0x02, 0x00, 0x10, 0xFA, 0x88, 0x00,
    0x16, 0xBC, 0x02, 0x00, 0x02, 0x02, 0x07, 0xE2, 0x9D, 0x00, 0x0B, 0xEA, 0x9D, 0x00, 0x00, 0x02,
    0x01, 0x01, 0x00, 0x02, 0x00, 0x04, 0x01, 0x01, 0x02, 0x00, 0x0D, 0x48, 0x5A, 0x00, 0x16, 0x48,
    0x01, 0x00, 0x03, 0x02, 0x03, 0xFA, 0x06, 0x00, 0x07, 0xFA, 0x06, 0x00, 0x0B, 0xFA, 0x06, 0x00,
    0x00, 0x04, 0x02, 0x02, 0x02, 0x00, 0x0B, 0xFA, 0x06, 0x00, 0x17, 0x52, 0x92, 0x00, 0x02, 0x01,
    0x0B, 0xD4, 0x06, 0x00, 0x11, 0xFA, 0x06, 0x00, 0x00, 0x01, 0x00, 0x02, 0x00, 0x04, 0x02, 0x05,
    0x02, 0x00, 0x0B, 0xA8, 0x92, 0x00, 0x17, 0x52, 0x92, 0x00, 0x01, 0x00, 0x14, 0x52, 0x92, 0x00,
    0x02, 0x02, 0x12, 0xFA, 0x06, 0x00, 0x16, 0x4A, 0x9E, 0x00, 0x00, 0x04, 0x03, 0x04, 0x01, 0x00,
    0x1C, 0x8C, 0x87, 0x00, 0x03, 0x01, 0x0B, 0x5E, 0x9E, 0x00, 0x14, 0x52, 0x92, 0x00, 0x19, 0xFA,
    0x06, 0x00, 0x00, 0x03, 0x01, 0x00, 0x0B, 0x92, 0x99, 0x00, 0x0C, 0x00, 0x02, 0xA4, 0x29, 0x00,
    0x03, 0x08, 0x9E, 0x00, 0x06, 0x12, 0x9E, 0x00, 0x09, 0x24, 0x9E, 0x00, 0x0E, 0x2E, 0x9E, 0x00,
    0x0F, 0x3A, 0x9E, 0x00, 0x10, 0x40, 0x9E, 0x00, 0x15, 0x50, 0x9E, 0x00, 0x16, 0x64, 0x9E, 0x00,
    0x18, 0x74, 0x9E, 0x00, 0x19, 0xFA, 0x06, 0x00, 0x1B, 0xF6, 0x97, 0x00, 0x00, 0x02, 0x02, 0x05,
    0x03, 0x02, 0x01, 0x00, 0x08, 0xAC, 0x9E, 0x00, 0x01, 0x01, 0x0B, 0xB2, 0x9E, 0x00, 0x02, 0x04,
    0x02, 0x01, 0x10, 0x52, 0x92, 0x00, 0x14, 0x28, 0x11, 0x00, 0x00, 0x03, 0x01, 0x00, 0x1C, 0xFA,
    0x06, 0x00, 0x01, 0x00, 0x04, 0x44, 0x01, 0x00, 0x01, 0x00, 0x03, 0xD2, 0x9E, 0x00, 0x02, 0x01,
    0x0B, 0xCC, 0x9E, 0x00, 0x0E, 0xD8, 0x9E, 0x00, 0x00, 0x01, 0x01, 0x00, 0x14, 0xB8, 0x89, 0x00,
    0x03, 0x00, 0x03, 0xEA, 0x9E, 0x00, 0x06, 0xBC, 0x02, 0x00, 0x07, 0x80, 0x92, 0x00, 0x01, 0x00,
    0x14, 0xFA, 0x06, 0x00, 0x02, 0x00, 0x04, 0xD4, 0x06, 0x00, 0x0A, 0x24, 0x01, 0x00, 0x04, 0x00,
    0x09, 0xFE, 0x9E, 0x00, 0x0F, 0x8C, 0x87, 0x00, 0x14, 0x04, 0x9F, 0x00, 0x17, 0x52, 0x92, 0x00,
    0x00, 0x02, 0x00, 0x03, 0x02, 0x03, 0x00, 0x02, 0x01, 0x01, 0x02, 0x03, 0x01, 0x00, 0x07, 0x26,
    0x9F, 0x00, 0x02, 0x00, 0x11, 0x20, 0x9F, 0x00, 0x18, 0x2C, 0x9F, 0x00, 0x00, 0x02, 0x00, 0x03,
    0x03, 0x05, 0x01, 0x00, 0x03, 0x3C, 0x9F, 0x00, 0x04, 0x01, 0x0B, 0x32, 0x9F, 0x00, 0x14, 0xFA,
    0x06, 0x00, 0x17, 0x42, 0x9F, 0x00, 0x1C, 0x44, 0x92, 0x00, 0x02, 0x02, 0x08, 0x00, 0x04, 0xA0,
    0x06, 0x00, 0x06, 0xB8, 0x9E, 0x00, 0x07, 0xC0, 0x9E, 0x00, 0x08, 0x56, 0x0F, 0x00, 0x0E, 0xDE,
    0x9E, 0x00, 0x10, 0xF0, 0x9E, 0x00, 0x11, 0x0E, 0x9F, 0x00, 0x16, 0x48, 0x9F, 0x00, 0x01, 0x00,
    0x06, 0x74, 0x34, 0x00, 0x01, 0x00, 0x0A, 0xA6, 0x87, 0x00, 0x02, 0x00, 0x10, 0x7E, 0x9F, 0x00,
    0x16, 0x84, 0x9F, 0x00, 0x01, 0x00, 0x12, 0x4E, 0x95, 0x00, 0x03, 0x00, 0x02, 0x26, 0x1A, 0x00,
    0x10, 0x48, 0x5A, 0x00, 0x15, 0x94, 0x9F, 0x00, 0x02, 0x00, 0x10, 0x7E, 0x9F, 0x00, 0x15, 0xC6,
    0x06, 0x00, 0x00, 0x02, 0x04, 0x02, 0x05, 0x02, 0x01, 0x00, 0x06, 0xB2, 0x9F, 0x00, 0x01, 0x01,
    0x10, 0xB8, 0x9F, 0x00, 0x01, 0x04, 0x01, 0x00, 0x10, 0x10, 0x8F, 0x00, 0x05, 0x02, 0x03, 0x8A,
    0x9F, 0x00, 0x07, 0x9A, 0x9F, 0x00, 0x0B, 0xA8, 0x9F, 0x00, 0x11, 0xBE, 0x9F, 0x00, 0x17, 0xC6,
    0x9F, 0x00, 0x01, 0x02, 0x02, 0x02, 0x01, 0x02, 0x07, 0x64, 0x9D, 0x00, 0x00, 0x04, 0x01, 0x03,
    0x01, 0x01, 0x0B, 0x5A, 0x02, 0x00, 0x00, 0x03, 0x01, 0x00, 0x05, 0x5A, 0x02, 0x00, 0x01, 0x00,
    0x0B, 0xF8, 0x9F, 0x00, 0x01, 0x00, 0x04, 0x1C, 0x88, 0x00, 0x01, 0x01, 0x16, 0x8C, 0x87, 0x00,
    0x03, 0x04, 0x01, 0x00, 0x03, 0x0A, 0xA0, 0x00, 0x00, 0x02, 0x03, 0x01, 0x05, 0x05, 0x01, 0x00,
    0x11, 0x18, 0xA0, 0x00, 0x06, 0x00, 0x02, 0x4E, 0x95, 0x00, 0x03, 0x02, 0x9E, 0x00, 0x06, 0x8C,
    0x87, 0x00, 0x07, 0x4E, 0x95, 0x00, 0x0B, 0x4E, 0x95, 0x00, 0x10, 0x1E, 0xA0, 0x00, 0x00, 0x02,
    0x00, 0x05, 0x03, 0x04, 0x00, 0x03, 0x02, 0x02, 0x03, 0x01, 0x04, 0x01, 0x01, 0x00, 0x0E, 0x44,
    0xA0, 0x00, 0x04, 0x00, 0x03, 0x44, 0x92, 0x00, 0x0A, 0x9C, 0x87, 0x00, 0x11, 0x28, 0x11, 0x00,
    0x17, 0x4C, 0xA0, 0x00, 0x01, 0x00, 0x06, 0x74, 0x22, 0x00, 0x01, 0x00, 0x10, 0x64, 0xA0, 0x00,
    0x0A, 0x00, 0x06, 0xF0, 0x9F, 0x00, 0x07, 0x28, 0x11, 0x00, 0x0E, 0xFE, 0x9F, 0x00, 0x0F, 0x04,
    0xA0, 0x00, 0x10, 0x12, 0xA0, 0x00, 0x11, 0x1A, 0x0E, 0x00, 0x14, 0x24, 0xA0, 0x00, 0x15, 0x3E,
    0xA0, 0x00, 0x16, 0x52, 0xA0, 0x00, 0x17, 0x6A, 0xA0, 0x00, 0x01, 0x00, 0x16, 0xA4, 0x29, 0x00,
    0x01, 0x00, 0x0A, 0x74, 0x22, 0x00, 0x01, 0x00, 0x16, 0xA0, 0xA0, 0x00, 0x01, 0x00, 0x13, 0x48,
    0x5A, 0x00, 0x01, 0x00, 0x15, 0xAC, 0xA0, 0x00, 0x03, 0x00, 0x0B, 0x9A, 0xA0, 0x00, 0x11, 0xA6,
    0xA0, 0x00, 0x17, 0xB2, 0xA0, 0x00, 0x01, 0x03, 0x11, 0x06, 0x8A, 0x00, 0x00, 0x02, 0x01, 0x05,
    0x02, 0x02, 0x03, 0x01, 0x0E, 0x28, 0x11, 0x00, 0x11, 0x26, 0x1A, 0x00, 0x14, 0xC6, 0x06, 0x00,
    0x00, 0x02, 0x01, 0x00, 0x08, 0x74, 0x87, 0x00, 0x01, 0x00, 0x03, 0x28, 0x11, 0x00, 0x01, 0x01,
    0x16, 0x9C, 0x88, 0x00, 0x02, 0x04, 0x00, 0x02, 0x03, 0x06, 0x04, 0x02, 0x02, 0x01, 0x14, 0xF6,
    0xA0, 0x00, 0x15, 0xF6, 0xA0, 0x00, 0x03, 0x05, 0x01, 0x00, 0x07, 0xFC, 0xA0, 0x00, 0x01, 0x00,
    0x10, 0xAA, 0x98, 0x00, 0x02, 0x00, 0x07, 0x48, 0x5A, 0x00, 0x0B, 0x0E, 0xA1, 0x00, 0x03, 0x00,
    0x0B, 0x08, 0xA1, 0x00, 0x15, 0x14, 0xA1, 0x00, 0x16, 0x4E, 0x95, 0x00, 0x01, 0x00, 0x02, 0x44,
    0x01, 0x00, 0x01, 0x00, 0x06, 0x2C, 0xA1, 0x00, 0x01, 0x00, 0x11, 0x1A, 0x0E, 0x00, 0x01, 0x00,
    0x07, 0xA6, 0x8F, 0x00, 0x05, 0x00, 0x03, 0xA4, 0x29, 0x00, 0x07, 0x32, 0xA1, 0x00, 0x0B, 0x38,
    0xA1, 0x00, 0x11, 0x44, 0x92, 0x00, 0x16, 0x3E, 0xA1, 0x00, 0x08, 0x00, 0x08, 0xE2, 0xA0, 0x00,
    0x09, 0xE8, 0xA0, 0x00, 0x0E, 0x42, 0x94, 0x00, 0x0F, 0x9C, 0x88, 0x00, 0x10, 0xEE, 0xA0, 0x00,
    0x14, 0x20, 0x96, 0x00, 0x15, 0x1E, 0xA1, 0x00, 0x16, 0x44, 0xA1, 0x00, 0x02, 0x00, 0x02, 0x4E,
    0x95, 0x00, 0x15, 0xBC, 0x02, 0x00, 0x15, 0x00, 0x03, 0xB8, 0x9D, 0x00, 0x04, 0xF4, 0x9D, 0x00,
    0x06, 0x02, 0x9E, 0x00, 0x07, 0x7A, 0x9E, 0x00, 0x08, 0x96, 0x07, 0x00, 0x0A, 0x70, 0x14, 0x00,
    0x0B, 0x5C, 0x9F, 0x00, 0x0C, 0xF6, 0x06, 0x00, 0x0D, 0x28, 0x11, 0x00, 0x0E, 0xCC, 0x9F, 0x00,
    0x0F, 0x02, 0x9E, 0x00, 0x10, 0xE6, 0x9F, 0x00, 0x11, 0x70, 0xA0, 0x00, 0x12, 0xA4, 0x29, 0x00,
    0x14, 0xB8, 0xA0, 0x00, 0x15, 0xC6, 0xA0, 0x00, 0x16, 0xD2, 0xA0, 0x00, 0x17, 0x5A, 0xA1, 0x00,
    0x18, 0xF6, 0x06, 0x00, 0x19, 0xF6, 0x64, 0x00, 0x1B, 0x7C, 0xA1, 0x00, 0x01, 0x00, 0x10, 0x5A,
    0x02, 0x00, 0x02, 0x00, 0x0B, 0xDC, 0xA1, 0x00, 0x0E, 0xD4, 0x06, 0x00, 0x00, 0x02, 0x03, 0x05,
    0x04, 0x01, 0x02, 0x00, 0x0F, 0xEC, 0xA1, 0x00, 0x10, 0x52, 0x92, 0x00, 0x01, 0x00, 0x07, 0xF2,
    0xA1, 0x00, 0x00, 0x02, 0x00, 0x04, 0x03, 0x04, 0x00, 0x02, 0x00, 0x02, 0x01, 0x05, 0x02, 0x00,
    0x03, 0xBC, 0x02, 0x00, 0x0B, 0xAC, 0x8E, 0x00, 0x03, 0x00, 0x03, 0x88, 0x98, 0x00, 0x0E, 0x0E,
    0xA2, 0x00, 0x11, 0xA4, 0x29, 0x00, 0x03, 0x00, 0x05, 0xBC, 0x02, 0x00, 0x15, 0x8C, 0x87, 0x00,
    0x1C, 0x5A, 0x02, 0x00, 0x05, 0x00, 0x06, 0x8C, 0x87, 0x00, 0x07, 0xBC, 0x02, 0x00, 0x0B, 0x26,
    0xA2, 0x00, 0x16, 0x8C, 0x8C, 0x00, 0x1B, 0x48, 0x5A, 0x00, 0x01, 0x00, 0x07, 0x4A, 0x9E, 0x00,
    0x01, 0x00, 0x0F, 0x8C, 0x87, 0x00, 0x01, 0x00, 0x11, 0x50, 0xA2, 0x00, 0x02, 0x00, 0x07, 0x20,
    0x89, 0x00, 0x0B, 0x64, 0x9D, 0x00, 0x02, 0x00, 0x16, 0x5C, 0xA2, 0x00, 0x1B, 0xA4, 0x29, 0x00,
    0x00, 0x03, 0x03, 0x01, 0x04, 0x01, 0x05, 0x02, 0x01, 0x00, 0x15, 0x70, 0xA2, 0x00, 0x01, 0x00,
    0x18, 0xA4, 0x29, 0x00, 0x03, 0x00, 0x03, 0x78, 0xA2, 0x00, 0x0A, 0x28, 0x11, 0x00, 0x0B, 0x7E,
    0xA2, 0x00, 0x01, 0x00, 0x0E, 0x8C, 0x87, 0x00, 0x01, 0x00, 0x03, 0x92, 0xA2, 0x00, 0x0C, 0x01,
    0x04, 0xE2, 0xA1, 0x00, 0x05, 0x68, 0x87, 0x00, 0x06, 0xFC, 0xA1, 0x00, 0x09, 0x02, 0xA2, 0x00,
    0x0A, 0x08, 0xA2, 0x00, 0x0E, 0x18, 0xA2, 0x00, 0x10, 0x34, 0xA2, 0x00, 0x12, 0x4A, 0xA2, 0x00,
    0x14, 0x56, 0xA2, 0x00, 0x15, 0x66, 0xA2, 0x00, 0x16, 0x84, 0xA2, 0x00, 0x18, 0x98, 0xA2, 0x00,
    0x00, 0x01, 0x01, 0x00, 0x12, 0x16, 0x8F, 0x00, 0x03, 0x00, 0x0F, 0xD2, 0xA2, 0x00, 0x10, 0x48,
    0x5A, 0x00, 0x17, 0x72, 0x8E, 0x00, 0x03, 0x01, 0x0A, 0x12, 0x8D, 0x00, 0x0B, 0xFA, 0x88, 0x00,
    0x11, 0xD8, 0xA2, 0x00, 0x01, 0x03, 0x01, 0x00, 0x10, 0xA4, 0x29, 0x00, 0x02, 0x00, 0x02, 0xA4,
    0x29, 0x00, 0x07, 0xF6, 0xA2, 0x00, 0x02, 0x00, 0x02, 0x4E, 0x95, 0x00, 0x0E, 0x1A, 0x0E, 0x00,
    0x00, 0x02, 0x00, 0x02, 0x03, 0x04, 0x04, 0x01, 0x05, 0x1A, 0x0E, 0x00, 0x07, 0x10, 0xA3, 0x00,
    0x0B, 0xA4, 0x29, 0x00, 0x16, 0x1A, 0x0E, 0x00, 0x00, 0x01, 0x01, 0x00, 0x0F, 0x52, 0x92, 0x00,
    0x01, 0x00, 0x03, 0x2A, 0xA3, 0x00, 0x01, 0x01, 0x04, 0x30, 0x8A, 0x00, 0x00, 0x03, 0x01, 0x00,
    0x0B, 0x36, 0xA3, 0x00, 0x03, 0x00, 0x03, 0xA4, 0x29, 0x00, 0x15, 0x3E, 0xA3, 0x00, 0x16, 0x8C,
    0x87, 0x00, 0x00, 0x02, 0x01, 0x05, 0x02, 0x04, 0x01, 0x01, 0x03, 0x52, 0xA3, 0x00, 0x03, 0x04,
    0x0A, 0x00, 0x02, 0x96, 0x07, 0x00, 0x06, 0xFC, 0xA2, 0x00, 0x0B, 0x1A, 0x0E, 0x00, 0x0E, 0x06,
    0xA3, 0x00, 0x10, 0x16, 0xA3, 0x00, 0x12, 0x1A, 0x0E, 0x00, 0x14, 0x30, 0xA3, 0x00, 0x15, 0x44,
    0xA3, 0x00, 0x16, 0x58, 0xA3, 0x00, 0x19, 0xBC, 0x02, 0x00, 0x00, 0x02, 0x00, 0x04, 0x02, 0x03,
    0x02, 0x00, 0x05, 0x4E, 0x95, 0x00, 0x15, 0x8C, 0x92, 0x00, 0x01, 0x00, 0x0B, 0x90, 0xA3, 0x00,
    0x02, 0x00, 0x04, 0x8A, 0xA3, 0x00, 0x10, 0x9A, 0xA3, 0x00, 0x01, 0x00, 0x12, 0x74, 0x22, 0x00,
    0x01, 0x00, 0x0B, 0x1A, 0x0E, 0x00, 0x02, 0x00, 0x02, 0xFA, 0x06, 0x00, 0x15, 0xFA, 0x06, 0x00,
    0x06, 0x01, 0x03, 0xAA, 0xA3, 0x00, 0x06, 0xA4, 0x29, 0x00, 0x0E, 0x7C, 0x88, 0x00, 0x0F, 0xB0,
    0xA3, 0x00, 0x10, 0x14, 0x99, 0x00, 0x14, 0xB6, 0xA3, 0x00, 0x03, 0x02, 0x01, 0x00, 0x18, 0x0C,
    0x8D, 0x00, 0x02, 0x00, 0x02, 0x4E, 0x95, 0x00, 0x15, 0x8E, 0x98, 0x00, 0x02, 0x02, 0x07, 0xE2,
    0xA3, 0x00, 0x0B, 0x4E, 0x95, 0x00, 0x00, 0x04, 0x02, 0x01, 0x05, 0x00, 0x07, 0xDC, 0xA3, 0x00,
    0x10, 0xEC, 0xA3, 0x00, 0x11, 0x4E, 0x95, 0x00, 0x16, 0x1A, 0x0E, 0x00, 0x1C, 0x44, 0x01, 0x00,
    0x00, 0x02, 0x00, 0x03, 0x03, 0x02, 0x01, 0x00, 0x17, 0x5A, 0x02, 0x00, 0x02, 0x00, 0x02, 0xA4,
    0x29, 0x00, 0x0A, 0x16, 0xA4, 0x00, 0x07, 0x01, 0x02, 0xA4, 0x29, 0x00, 0x03, 0xA0, 0xA3, 0x00,
    0x07, 0xC0, 0xA3, 0x00, 0x0B, 0xFA, 0xA3, 0x00, 0x11, 0x10, 0xA4, 0x00, 0x15, 0x1C, 0xA4, 0x00,
    0x16, 0xF2, 0x96, 0x00, 0x00, 0x02, 0x00, 0x02, 0x02, 0x02, 0x03, 0x05, 0x02, 0x01, 0x04, 0x46,
    0xA4, 0x00, 0x14, 0x8C, 0x87, 0x00, 0x00, 0x03, 0x01, 0x00, 0x14, 0xA4, 0x29, 0x00, 0x01, 0x00,
    0x02, 0x4E, 0x95, 0x00, 0x01, 0x00, 0x05, 0x5E, 0xA4, 0x00, 0x01, 0x00, 0x0B, 0x64, 0xA4, 0x00,
    0x00, 0x02, 0x03, 0x03, 0x04, 0x03, 0x01, 0x00, 0x14, 0x70, 0xA4, 0x00, 0x01, 0x00, 0x03, 0x76,
    0xA4, 0x00, 0x02, 0x00, 0x03, 0x28, 0x11, 0x00, 0x0B, 0x1A, 0x0E, 0x00, 0x01, 0x01, 0x16, 0x1A,
    0x0E, 0x00, 0x01, 0x04, 0x01, 0x01, 0x02, 0x44, 0x92, 0x00, 0x01, 0x01, 0x05, 0x01, 0x03, 0x8C,
    0xA4, 0x00, 0x07, 0x0C, 0x8A, 0x00, 0x09, 0x94, 0xA4, 0x00, 0x11, 0x4E, 0x95, 0x00, 0x13, 0x44,
    0x01, 0x00, 0x00, 0x02, 0x03, 0x00, 0x07, 0xA4, 0x29, 0x00, 0x0A, 0xFA, 0x06, 0x00, 0x0B, 0x24,
    0x95, 0x00, 0x02, 0x00, 0x03, 0xA4, 0x29, 0x00, 0x0B, 0xA4, 0x29, 0x00, 0x01, 0x00, 0x16, 0xC2,
    0xA4, 0x00, 0x01, 0x00, 0x1C, 0x5A, 0x02, 0x00, 0x01, 0x02, 0x0B, 0xD2, 0xA4, 0x00, 0x00, 0x02,
    0x01, 0x01, 0x0E, 0x01, 0x03, 0x4C, 0xA4, 0x00, 0x05, 0x52, 0x92, 0x00, 0x07, 0x58, 0xA4, 0x00,
    0x08, 0x6A, 0xA4, 0x00, 0x09, 0x7C, 0xA4, 0x00, 0x0B, 0xA4, 0x29, 0x00, 0x0E, 0x82, 0xA4, 0x00,
    0x0F, 0x96, 0x07, 0x00, 0x10, 0x9C, 0xA4, 0x00, 0x11, 0x22, 0x88, 0x00, 0x12, 0xB4, 0xA4, 0x00,
    0x15, 0xCC, 0xA4, 0x00, 0x16, 0xD8, 0xA4, 0x00, 0x1C, 0x4E, 0x95, 0x00, 0x00, 0x01, 0x01, 0x01,
    0x0B, 0xFA, 0x06, 0x00, 0x02, 0x01, 0x01, 0x00, 0x11, 0x44, 0x92, 0x00, 0x01, 0x00, 0x0B, 0x26,
    0xA5, 0x00, 0x01, 0x00, 0x16, 0x2C, 0xA5, 0x00, 0x02, 0x01, 0x03, 0x32, 0xA5, 0x00, 0x07, 0x4E,
    0x95, 0x00, 0x00, 0x04, 0x01, 0x00, 0x14, 0x38, 0xA5, 0x00, 0x02, 0x00, 0x03, 0x6E, 0x87, 0x00,
    0x0F, 0xBC, 0x02, 0x00, 0x02, 0x00, 0x05, 0xA4, 0x29, 0x00, 0x0F, 0x48, 0x5A, 0x00, 0x04, 0x03,
    0x03, 0x44, 0xA5, 0x00, 0x07, 0x4A, 0xA5, 0x00, 0x0B, 0x54, 0xA5, 0x00, 0x1B, 0xBC, 0x02, 0x00,
    0x00, 0x01, 0x01, 0x04, 0x02, 0x04, 0x01, 0x01, 0x14, 0x28, 0x11, 0x00, 0x00, 0x02, 0x01, 0x00,
    0x05, 0xFA, 0x06, 0x00, 0x01, 0x01, 0x10, 0x7E, 0xA5, 0x00, 0x03, 0x04, 0x01, 0x01, 0x14, 0x5A,
    0x02, 0x00, 0x00, 0x05, 0x02, 0x00, 0x0B, 0x8C, 0x87, 0x00, 0x11, 0x8C, 0xA5, 0x00, 0x04, 0x00,
    0x03, 0xBC, 0x02, 0x00, 0x07, 0x26, 0x1A, 0x00, 0x09, 0x5A, 0x02, 0x00, 0x16, 0x8C, 0x87, 0x00,
    0x00, 0x03, 0x02, 0x06, 0x04, 0x01, 0x05, 0x03, 0x01, 0x00, 0x10, 0xB0, 0xA5, 0x00, 0x01, 0x00,
    0x11, 0xB8, 0xA5, 0x00, 0x04, 0x00, 0x03, 0xFA, 0x06, 0x00, 0x0A, 0xBE, 0xA5, 0x00, 0x0B, 0xF8,
    0x9F, 0x00, 0x0E, 0x28, 0x11, 0x00, 0x01, 0x00, 0x10, 0x48, 0x01, 0x00, 0x02, 0x00, 0x04, 0xA4,
    0x29, 0x00, 0x11, 0xD6, 0xA5, 0x00, 0x01, 0x00, 0x16, 0x96, 0x88, 0x00, 0x01, 0x00, 0x15, 0xE6,
    0xA5, 0x00, 0x01, 0x01, 0x07, 0x48, 0x5A, 0x00, 0x03, 0x01, 0x02, 0x00, 0x07, 0x8C, 0x87, 0x00,
    0x0B, 0x52, 0x92, 0x00, 0x0E, 0x01, 0x03, 0xA8, 0x92, 0x00, 0x07, 0x44, 0x01, 0x00, 0x09, 0x76,
    0xA5, 0x00, 0x0B, 0x84, 0xA5, 0x00, 0x0E, 0x94, 0xA5, 0x00, 0x0F, 0x52, 0x9D, 0x00, 0x10, 0x9E,
    0xA5, 0x00, 0x12, 0xC4, 0xA5, 0x00, 0x14, 0xDC, 0xA5, 0x00, 0x15, 0xCE, 0x87, 0x00, 0x17, 0xEC,
    0xA5, 0x00, 0x18, 0xF2, 0xA5, 0x00, 0x19, 0x5A, 0x88, 0x00, 0x1C, 0xFA, 0xA5, 0x00, 0x00, 0x01,
    0x01, 0x00, 0x05, 0x4E, 0x95, 0x00, 0x02, 0x00, 0x02, 0x4E, 0x95, 0x00, 0x0B, 0x40, 0xA6, 0x00,
    0x02, 0x00, 0x15, 0x8C, 0x8F, 0x00, 0x16, 0x46, 0xA6, 0x00, 0x01, 0x00, 0x03, 0x70, 0x14, 0x00,
    0x04, 0x00, 0x03, 0x86, 0x87, 0x00, 0x06, 0x4E, 0x95, 0x00, 0x16, 0x5A, 0xA6, 0x00, 0x18, 0xBC,
    0x02, 0x00, 0x01, 0x01, 0x07, 0x5A, 0x02, 0x00, 0x00, 0x05, 0x01, 0x00, 0x0B, 0x72, 0xA6, 0x00,
    0x04, 0x01, 0x08, 0x8C, 0x87, 0x00, 0x10, 0x26, 0x1A, 0x00, 0x15, 0x48, 0x5A, 0x00, 0x16, 0x7A,
    0xA6, 0x00, 0x03, 0x02, 0x00, 0x02, 0x04, 0x01, 0x05, 0x01, 0x01, 0x00, 0x06, 0x94, 0xA6, 0x00,
    0x01, 0x00, 0x11, 0x9A, 0xA6, 0x00, 0x01, 0x00, 0x11, 0x10, 0x8C, 0x00, 0x01, 0x00, 0x05, 0xA6,
    0xA6, 0x00, 0x02, 0x00, 0x0E, 0xBC, 0x02, 0x00, 0x11, 0x9C, 0x87, 0x00, 0x04, 0x00, 0x05, 0xA0,
    0xA6, 0x00, 0x07, 0xAC, 0xA6, 0x00, 0x12, 0xB2, 0xA6, 0x00, 0x15, 0x60, 0x88, 0x00, 0x05, 0x00,
    0x03, 0x50, 0xA6, 0x00, 0x07, 0x60, 0xA6, 0x00, 0x0B, 0x80, 0xA6, 0x00, 0x11, 0xBC, 0xA6, 0x00,
    0x17, 0xA6, 0x8F, 0x00, 0x00, 0x03, 0x00, 0x04, 0x01, 0x03, 0x02, 0x02, 0x02, 0x00, 0x09, 0x52,
    0x92, 0x00, 0x16, 0x44, 0x92, 0x00, 0x02, 0x00, 0x04, 0xBC, 0x02, 0x00, 0x10, 0xEC, 0xA6, 0x00,
    0x01, 0x00, 0x17, 0x26, 0x1A, 0x00, 0x02, 0x00, 0x05, 0x00, 0xA7, 0x00, 0x0F, 0xF6, 0x89, 0x00,
    0x00, 0x03, 0x01, 0x02, 0x04, 0x03, 0x06, 0x06, 0x01, 0x00, 0x05, 0x10, 0xA7, 0x00, 0x01, 0x00,
    0x07, 0x18, 0xA7, 0x00, 0x01, 0x00, 0x0F, 0x1E, 0xA7, 0x00, 0x01, 0x00, 0x11, 0x24, 0xA7, 0x00,
    0x06, 0x02, 0x03, 0xF6, 0xA6, 0x00, 0x07, 0xE2, 0x9D, 0x00, 0x0B, 0x06, 0xA7, 0x00, 0x14, 0x2A,
    0xA7, 0x00, 0x17, 0x6E, 0x87, 0x00, 0x19, 0x26, 0x1A, 0x00, 0x00, 0x02, 0x01, 0x01, 0x01, 0x01,
    0x16, 0x9E, 0x94, 0x00, 0x01, 0x04, 0x01, 0x00, 0x15, 0xBC, 0x02, 0x00, 0x02, 0x00, 0x0B, 0x56,
    0xA7, 0x00, 0x17, 0x1A, 0x0E, 0x00, 0x02, 0x00, 0x0B, 0x4E, 0x95, 0x00, 0x16, 0x5C, 0xA7, 0x00,
    0x03, 0x00, 0x03, 0xA0, 0x06, 0x00, 0x07, 0xC6, 0x06, 0x00, 0x0B, 0x28, 0x11, 0x00, 0x02, 0x00,
    0x0B, 0xFA, 0x06, 0x00, 0x1B, 0x52, 0x92, 0x00, 0x00, 0x03, 0x00, 0x01, 0x02, 0x02, 0x03, 0x01,
    0x01, 0x00, 0x07, 0x88, 0xA7, 0x00, 0x01, 0x00, 0x05, 0x90, 0xA7, 0x00, 0x02, 0x00, 0x04, 0x28,
    0x0E, 0x00, 0x10, 0x96, 0xA7, 0x00, 0x02, 0x00, 0x03, 0x9C, 0xA7, 0x00, 0x0B, 0xD4, 0x95, 0x00,
    0x01, 0x01, 0x15, 0x9C, 0x88, 0x00, 0x00, 0x01, 0x02, 0x00, 0x07, 0x28, 0x11, 0x00, 0x18, 0xF6,
    0x64, 0x00, 0x02, 0x02, 0x0B, 0xB8, 0xA7, 0x00, 0x14, 0xA4, 0x29, 0x00, 0x00, 0x03, 0x01, 0x04,
    0x0A, 0x00, 0x06, 0x8C, 0x87, 0x00, 0x08, 0x26, 0x1A, 0x00, 0x0B, 0x4E, 0xA7, 0x00, 0x0E, 0x66,
    0xA7, 0x00, 0x0F, 0x70, 0xA7, 0x00, 0x10, 0x1A, 0x0E, 0x00, 0x12, 0x7E, 0xA7, 0x00, 0x14, 0xA6,
    0xA7, 0x00, 0x15, 0xB0, 0xA7, 0x00, 0x16, 0xC2, 0xA7, 0x00, 0x10, 0x00, 0x03, 0x9E, 0xA2, 0x00,
    0x05, 0xE6, 0xA2, 0x00, 0x07, 0x60, 0xA3, 0x00, 0x0A, 0x26, 0xA4, 0x00, 0x0B, 0xE2, 0xA4, 0x00,
    0x0D, 0x1E, 0xA5, 0x00, 0x0E, 0x5E, 0xA5, 0x00, 0x10, 0x44, 0x92, 0x00, 0x11, 0x04, 0xA6, 0x00,
    0x13, 0xF6, 0x06, 0x00, 0x14, 0xCE, 0xA6, 0x00, 0x15, 0xE4, 0xA6, 0x00, 0x16, 0x30, 0xA7, 0x00,
    0x17, 0xD0, 0xA7, 0x00, 0x1B, 0xE6, 0x08, 0x00, 0x1C, 0xCE, 0x87, 0x00, 0x00, 0x03, 0x00, 0x02,
    0x01, 0x03, 0x02, 0x04, 0x01, 0x00, 0x07, 0x56, 0x0F, 0x00, 0x01, 0x00, 0x10, 0x44, 0xA8, 0x00,
    0x01, 0x00, 0x11, 0x4A, 0xA8, 0x00, 0x00, 0x02, 0x02, 0x02, 0x03, 0x02, 0x01, 0x00, 0x09, 0x5A,
    0x02, 0x00, 0x03, 0x00, 0x06, 0x9C, 0x87, 0x00, 0x0D, 0x9C, 0x87, 0x00, 0x1B, 0xA4, 0x29, 0x00,
    0x01, 0x00, 0x04, 0x6C, 0x01, 0x00, 0x03, 0x01, 0x03, 0x70, 0xA8, 0x00, 0x0B, 0x7E, 0xA2, 0x00,
    0x11, 0xA4, 0x29, 0x00, 0x00, 0x03, 0x01, 0x02, 0x07, 0x8C, 0x87, 0x00, 0x00, 0x05, 0x03, 0x04,
    0x0C, 0x02, 0x02, 0x4E, 0x95, 0x00, 0x04, 0x3C, 0xA8, 0x00, 0x05, 0x68, 0x87, 0x00, 0x08, 0xA4,
    0x29, 0x00, 0x09, 0x96, 0x07, 0x00, 0x0E, 0x50, 0xA8, 0x00, 0x0F, 0x56, 0xA8, 0x00, 0x10, 0x5C,
    0xA8, 0x00, 0x14, 0x62, 0xA8, 0x00, 0x16, 0x76, 0xA8, 0x00, 0x18, 0x86, 0xA8, 0x00, 0x1B, 0x4E,
    0x95, 0x00, 0x00, 0x01, 0x01, 0x02, 0x01, 0x00, 0x04, 0x8C, 0x92, 0x00, 0x00, 0x02, 0x01, 0x02,
    0x02, 0x05, 0x01, 0x00, 0x04, 0xCC, 0xA8, 0x00, 0x02, 0x02, 0x03, 0xC6, 0xA8, 0x00, 0x0B, 0xD2,
    0xA8, 0x00, 0x01, 0x01, 0x02, 0x04, 0x01, 0x00, 0x15, 0x50, 0x47, 0x00, 0x02, 0x00, 0x08, 0x9C,
    0x87, 0x00, 0x0E, 0xE6, 0xA8, 0x00, 0x02, 0x00, 0x0B, 0x90, 0x87, 0x00, 0x11, 0x68, 0x93, 0x00,
    0x01, 0x00, 0x10, 0x1A, 0x90, 0x00, 0x01, 0x00, 0x0E, 0x28, 0x11, 0x00, 0x00, 0x02, 0x02, 0x05,
    0x06, 0x01, 0x01, 0x00, 0x14, 0x0C, 0xA9, 0x00, 0x01, 0x00, 0x03, 0x46, 0xA4, 0x00, 0x01, 0x00,
    0x10, 0x18, 0xA9, 0x00, 0x02, 0x00, 0x03, 0x12, 0xA9, 0x00, 0x0B, 0x1E, 0xA9, 0x00, 0x04, 0x00,
    0x03, 0x00, 0xA9, 0x00, 0x0B, 0x06, 0xA9, 0x00, 0x0E, 0x24, 0xA9, 0x00, 0x11, 0x2A, 0xA3, 0x00,
    0x01, 0x00, 0x02, 0xA4, 0x29, 0x00, 0x00, 0x02, 0x02, 0x03, 0x05, 0x03, 0x01, 0x00, 0x0B, 0x46,
    0xA9, 0x00, 0x01, 0x00, 0x16, 0x4C, 0xA9, 0x00, 0x01, 0x00, 0x0B, 0x52, 0xA9, 0x00, 0x01, 0x00,
    0x10, 0x58, 0xA9, 0x00, 0x01, 0x00, 0x0B, 0x5E, 0xA9, 0x00, 0x01, 0x00, 0x08, 0x52, 0x92, 0x00,
    0x00, 0x02, 0x03, 0x05, 0x04, 0x05, 0x02, 0x00, 0x07, 0x48, 0x5A, 0x00, 0x13, 0x70, 0xA9, 0x00,
    0x02, 0x00, 0x0B, 0x76, 0xA9, 0x00, 0x11, 0x52, 0x92, 0x00, 0x01, 0x01, 0x02, 0x8C, 0x87, 0x00,
    0x00, 0x03, 0x02, 0x00, 0x05, 0x8A, 0xA9, 0x00, 0x0E, 0x52, 0x92, 0x00, 0x01, 0x00, 0x15, 0x28,
    0x11, 0x00, 0x03, 0x00, 0x10, 0x9C, 0xA9, 0x00, 0x14, 0xA6, 0x87, 0x00, 0x15, 0xA0, 0x06, 0x00,
    0x03, 0x01, 0x02, 0x4E, 0x95, 0x00, 0x0B, 0x92, 0xA9, 0x00, 0x11, 0xA2, 0xA9, 0x00, 0x01, 0x04,
    0x01, 0x00, 0x08, 0xA6, 0x87, 0x00, 0x01, 0x00, 0x0B, 0xC0, 0xA9, 0x00, 0x04, 0x01, 0x03, 0x32,
    0x97, 0x00, 0x11, 0xFA, 0x06, 0x00, 0x16, 0xC6, 0xA9, 0x00, 0x17, 0xFA, 0x06, 0x00, 0x00, 0x01,
    0x03, 0x01, 0x03, 0xFA, 0x06, 0x00, 0x0B, 0x48, 0x5A, 0x00, 0x17, 0xA0, 0x06, 0x00, 0x02, 0x01,
    0x01, 0x00, 0x1C, 0x9C, 0x87, 0x00, 0x01, 0x00, 0x0B, 0xF0, 0xA9, 0x00, 0x04, 0x00, 0x0A, 0x26,
    0x1A, 0x00, 0x0F, 0x4E, 0x95, 0x00, 0x10, 0xF6, 0xA9, 0x00, 0x15, 0x8C, 0x87, 0x00, 0x02, 0x00,
    0x0B, 0x5A, 0x02, 0x00, 0x14, 0xFA, 0x06, 0x00, 0x06, 0x01, 0x02, 0x0C, 0x07, 0x00, 0x05, 0xD4,
    0x06, 0x00, 0x0B, 0xF8, 0x9F, 0x00, 0x11, 0x46, 0xA4, 0x00, 0x16, 0x0E, 0xAA, 0x00, 0x17, 0x28,
    0x11, 0x00, 0x03, 0x02, 0x01, 0x00, 0x05, 0xA0, 0x06, 0x00, 0x02, 0x01, 0x0B, 0x34, 0xAA, 0x00,
    0x11, 0xA0, 0x06, 0x00, 0x02, 0x01, 0x01, 0x00, 0x0E, 0x5A, 0x02, 0x00, 0x01, 0x01, 0x0B, 0x46,
    0xAA, 0x00, 0x02, 0x01, 0x12, 0x00, 0x02, 0x96, 0x07, 0x00, 0x03, 0xEC, 0xA8, 0x00, 0x04, 0xF6,
    0xA8, 0x00, 0x05, 0x2E, 0xA9, 0x00, 0x06, 0x4A, 0x10, 0x00, 0x07, 0x40, 0xA9, 0x00, 0x08, 0x64,
    0xA9, 0x00, 0x0B, 0x6A, 0xA9, 0x00, 0x0E, 0x80, 0xA9, 0x00, 0x0F, 0xB0, 0xA9, 0x00, 0x10, 0xCC,
    0xA9, 0x00, 0x12, 0xE0, 0xA9, 0x00, 0x13, 0xC6, 0x06, 0x00, 0x14, 0xFC, 0xA9, 0x00, 0x15, 0x18,
    0xAA, 0x00, 0x16, 0x3A, 0xAA, 0x00, 0x18, 0x4C, 0xAA, 0x00, 0x1B, 0xA4, 0x29, 0x00, 0x00, 0x02,
    0x01, 0x03, 0x03, 0x04, 0x01, 0x00, 0x16, 0x9E, 0xAA, 0x00, 0x04, 0x00, 0x03, 0x26, 0x1A, 0x00,
    0x07, 0xA4, 0xAA, 0x00, 0x0B, 0xD4, 0x06, 0x00, 0x1B, 0x0C, 0x07, 0x00, 0x01, 0x03, 0x04, 0x8C,
    0x87, 0x00, 0x00, 0x01, 0x01, 0x04, 0x02, 0x03, 0x02, 0x00, 0x0B, 0x16, 0x88, 0x00, 0x0F, 0x28,
    0x11, 0x00, 0x03, 0x00, 0x03, 0xC8, 0xAA, 0x00, 0x07, 0x26, 0x1A, 0x00, 0x16, 0x1A, 0x0E, 0x00,
    0x00, 0x02, 0x00, 0x05, 0x02, 0x03, 0x01, 0x00, 0x10, 0xE0, 0xAA, 0x00, 0x01, 0x00, 0x14, 0x5A,
    0x88, 0x00, 0x01, 0x01, 0x08, 0xEC, 0xAA, 0x00, 0x01, 0x01, 0x01, 0x00, 0x16, 0x24, 0x97, 0x00,
    0x01, 0x00, 0x03, 0xFA, 0xAA, 0x00, 0x00, 0x02, 0x00, 0x03, 0x02, 0x01, 0x01, 0x00, 0x1B, 0x06,
    0xAB, 0x00, 0x01, 0x00, 0x0A, 0x0C, 0xAB, 0x00, 0x01, 0x00, 0x16, 0x12, 0xAB, 0x00, 0x01, 0x00,
    0x07, 0x18, 0xAB, 0x00, 0x01, 0x01, 0x1C, 0x52, 0x92, 0x00, 0x00, 0x05, 0x03, 0x01, 0x03, 0xE6,
    0x08, 0x00, 0x07, 0x04, 0x2D, 0x00, 0x0B, 0x24, 0xAB, 0x00, 0x01, 0x01, 0x01, 0x01, 0x09, 0x8C,
    0x87, 0x00, 0x00, 0x01, 0x02, 0x01, 0x10, 0xA0, 0x06, 0x00, 0x14, 0xA0, 0x06, 0x00, 0x02, 0x01,
    0x02, 0x01, 0x07, 0x44, 0xAB, 0x00, 0x16, 0x18, 0x8D, 0x00, 0x03, 0x02, 0x00, 0x02, 0x01, 0x04,
    0x03, 0x03, 0x02, 0x01, 0x0B, 0x4E, 0x95, 0x00, 0x16, 0x5C, 0xAB, 0x00, 0x03, 0x01, 0x01, 0x00,
    0x0B, 0x0C, 0x07, 0x00, 0x10, 0x00, 0x02, 0x4E, 0x95, 0x00, 0x03, 0xBC, 0xAA, 0x00, 0x05, 0xD2,
    0xAA, 0x00, 0x06, 0x1A, 0x0E, 0x00, 0x07, 0xE6, 0xAA, 0x00, 0x08, 0xF2, 0xAA, 0x00, 0x09, 0x20,
    0x96, 0x00, 0x0E, 0x00, 0xAB, 0x00, 0x0F, 0x1E, 0xAB, 0x00, 0x10, 0x2C, 0xAB, 0x00, 0x11, 0x3C,
    0xAB, 0x00, 0x12, 0x06, 0xA9, 0x00, 0x14, 0x50, 0xAB, 0x00, 0x15, 0x62, 0xAB, 0x00, 0x16, 0x6E,
    0xAB, 0x00, 0x18, 0x1E, 0x16, 0x00, 0x00, 0x02, 0x01, 0x05, 0x02, 0x02, 0x01, 0x00, 0x06, 0x4A,
    0x10, 0x00, 0x02, 0x00, 0x02, 0x1A, 0x0E, 0x00, 0x15, 0xA4, 0x29, 0x00, 0x04, 0x00, 0x02, 0x1A,
    0x0E, 0x00, 0x03, 0xBC, 0xAB, 0x00, 0x06, 0x1A, 0x0E, 0x00, 0x15, 0xC2, 0xAB, 0x00, 0x00, 0x03,
    0x00, 0x02, 0x01, 0x01, 0x03, 0x02, 0x01, 0x00, 0x07, 0xDE, 0xAB, 0x00, 0x06, 0x00, 0x03, 0xF6,
    0x64, 0x00, 0x07, 0xCC, 0xAB, 0x00, 0x0B, 0xE6, 0xAB, 0x00, 0x11, 0x56, 0x0F, 0x00, 0x17, 0xF6,
    0x64, 0x00, 0x1B, 0x96, 0x07, 0x00, 0x00, 0x03, 0x00, 0x04, 0x01, 0x01, 0x02, 0x04, 0x03, 0x00,
    0x03, 0x28, 0x11, 0x00, 0x0B, 0x48, 0x5A, 0x00, 0x11, 0x4A, 0x9E, 0x00, 0x01, 0x00, 0x0B, 0x5E,
    0x9E, 0x00, 0x02, 0x00, 0x03, 0x88, 0x98, 0x00, 0x0B, 0x48, 0x5A, 0x00, 0x01, 0x00, 0x06, 0x5A,
    0x02, 0x00, 0x01, 0x00, 0x12, 0xBC, 0x02, 0x00, 0x01, 0x00, 0x16, 0xF6, 0x64, 0x00, 0x00, 0x02,
    0x00, 0x03, 0x02, 0x05, 0x01, 0x00, 0x06, 0x3E, 0xAC, 0x00, 0x01, 0x00, 0x14, 0x44, 0xAC, 0x00,
    0x01, 0x00, 0x11, 0x4A, 0xAC, 0x00, 0x10, 0x01, 0x02, 0x1A, 0x0E, 0x00, 0x06, 0x14, 0x99, 0x00,
    0x07, 0x4E, 0x95, 0x00, 0x08, 0x08, 0xA2, 0x00, 0x09, 0x26, 0x1A, 0x00, 0x0E, 0x0E, 0xAC, 0x00,
    0x0F, 0x1C, 0xAC, 0x00, 0x10, 0x22, 0xAC, 0x00, 0x11, 0x2C, 0xAC, 0x00, 0x12, 0x32, 0xAC, 0x00,
    0x14, 0x26, 0x1A, 0x00, 0x15, 0x1A, 0x0E, 0x00, 0x17, 0x38, 0xAC, 0x00, 0x18, 0x28, 0x11, 0x00,
    0x19, 0x50, 0xAC, 0x00, 0x1A, 0x1A, 0x0E, 0x00, 0x00, 0x01, 0x01, 0x00, 0x11, 0xAC, 0x8E, 0x00,
    0x02, 0x00, 0x09, 0x9A, 0xAC, 0x00, 0x0B, 0xA4, 0x29, 0x00, 0x00, 0x02, 0x04, 0x01, 0x05, 0x05,
    0x01, 0x00, 0x0E, 0xAA, 0xAC, 0x00, 0x01, 0x01, 0x03, 0xB0, 0xAC, 0x00, 0x00, 0x05, 0x02, 0x01,
    0x03, 0x20, 0x89, 0x00, 0x10, 0xB6, 0xAC, 0x00, 0x03, 0x04, 0x01, 0x00, 0x03, 0x74, 0x34, 0x00,
    0x01, 0x00, 0x16, 0xCA, 0xAC, 0x00, 0x00, 0x03, 0x01, 0x01, 0x03, 0x03, 0x07, 0x05, 0x01, 0x00,
    0x09, 0xD6, 0xAC, 0x00, 0x01, 0x00, 0x07, 0xDE, 0xAC, 0x00, 0x01, 0x00, 0x0E, 0xE4, 0xAC, 0x00,
    0x04, 0x00, 0x04, 0xBC, 0x02, 0x00, 0x08, 0xD0, 0xAC, 0x00, 0x0E, 0x48, 0x5A, 0x00, 0x12, 0xEA,
    0xAC, 0x00, 0x00, 0x02, 0x04, 0x03, 0x05, 0x05, 0x01, 0x00, 0x06, 0x02, 0xAD, 0x00, 0x01, 0x00,
    0x07, 0x08, 0xAD, 0x00, 0x03, 0x00, 0x0F, 0x0E, 0xAD, 0x00, 0x12, 0xBC, 0x02, 0x00, 0x19, 0xA4,
    0x29, 0x00, 0x01, 0x00, 0x0B, 0x4E, 0x95, 0x00, 0x01, 0x00, 0x0E, 0x22, 0xAD, 0x00, 0x01, 0x00,
    0x12, 0x28, 0xAD, 0x00, 0x06, 0x01, 0x03, 0xA0, 0xAC, 0x00, 0x07, 0xBE, 0xAC, 0x00, 0x0B, 0xF0,
    0xAC, 0x00, 0x11, 0x14, 0xAD, 0x00, 0x17, 0x2E, 0xAD, 0x00, 0x1B, 0xA4, 0x29, 0x00, 0x00, 0x01,
    0x03, 0x03, 0x12, 0x28, 0x11, 0x00, 0x19, 0x26, 0x1A, 0x00, 0x1B, 0x26, 0x1A, 0x00, 0x00, 0x02,
    0x01, 0x01, 0x02, 0x02, 0x01, 0x00, 0x04, 0xC6, 0x06, 0x00, 0x02, 0x00, 0x03, 0x64, 0xAD, 0x00,
    0x0A, 0x0C, 0x07, 0x00, 0x01, 0x00, 0x02, 0xA0, 0x06, 0x00, 0x01, 0x02, 0x0E, 0x74, 0xAD, 0x00,
    0x01, 0x01, 0x02, 0x01, 0x02, 0x00, 0x02, 0xA4, 0x29, 0x00, 0x15, 0xA4, 0x29, 0x00, 0x03, 0x01,
    0x03, 0xF6, 0x06, 0x00, 0x07, 0x34, 0x8C, 0x00, 0x16, 0x84, 0xAD, 0x00, 0x02, 0x02, 0x01, 0x00,
    0x07, 0xC6, 0x06, 0x00, 0x01, 0x00, 0x04, 0xCE, 0x87, 0x00, 0x00, 0x03, 0x02, 0x01, 0x04, 0x01,
    0x05, 0x01, 0x01, 0x00, 0x0E, 0xAA, 0xAD, 0x00, 0x01, 0x00, 0x11, 0xB2, 0xAD, 0x00, 0x01, 0x00,
    0x12, 0xB8, 0xAD, 0x00, 0x01, 0x01, 0x07, 0x28, 0x11, 0x00, 0x00, 0x04, 0x09, 0x01, 0x03, 0x7A,
    0xAD, 0x00, 0x05, 0x8E, 0xAD, 0x00, 0x07, 0x28, 0x94, 0x00, 0x09, 0x28, 0x11, 0x00, 0x0E, 0x9E,
    0xAD, 0x00, 0x0F, 0xA4, 0xAD, 0x00, 0x10, 0x28, 0x11, 0x00, 0x11, 0xBE, 0xAD, 0x00, 0x12, 0xC4,
    0xAD, 0x00, 0x00, 0x01, 0x02, 0x00, 0x07, 0x28, 0x11, 0x00, 0x12, 0x8C, 0x87, 0x00, 0x02, 0x01,
    0x10, 0x4E, 0x95, 0x00, 0x15, 0xF4, 0xAD, 0x00, 0x01, 0x02, 0x17, 0x00, 0x03, 0x90, 0xA8, 0x00,
    0x04, 0xF6, 0x06, 0x00, 0x05, 0x44, 0x92, 0x00, 0x06, 0xD8, 0xA8, 0x00, 0x07, 0x54, 0xAA, 0x00,
    0x08, 0x02, 0x9E, 0x00, 0x09, 0xAA, 0xAA, 0x00, 0x0A, 0x9A, 0x1D, 0x00, 0x0B, 0x74, 0xAB, 0x00,
    0x0C, 0xF6, 0x06, 0x00, 0x0D, 0xB6, 0xAB, 0x00, 0x0E, 0xEC, 0xAB, 0x00, 0x0F, 0xF6, 0x06, 0x00,
    0x10, 0x06, 0xAC, 0x00, 0x11, 0x56, 0xAC, 0x00, 0x12, 0xF6, 0x06, 0x00, 0x14, 0x34, 0xAD, 0x00,
    0x15, 0x50, 0xAD, 0x00, 0x16, 0x6A, 0xAD, 0x00, 0x17, 0xCC, 0xAD, 0x00, 0x18, 0xF6, 0x06, 0x00,
    0x19, 0xF6, 0x06, 0x00, 0x1B, 0xFE, 0xAD, 0x00, 0x01, 0x01, 0x0B, 0x3A, 0x8E, 0x00, 0x03, 0x01,
    0x01, 0x01, 0x14, 0x52, 0x92, 0x00, 0x02, 0x04, 0x01, 0x00, 0x07, 0x70, 0xAE, 0x00, 0x02, 0x01,
    0x07, 0x34, 0x8C, 0x00, 0x11, 0x16, 0xA4, 0x00, 0x02, 0x04, 0x01, 0x00, 0x07, 0xA8, 0x8B, 0x00,
    0x00, 0x02, 0x02, 0x04, 0x03, 0x03, 0x01, 0x00, 0x15, 0x90, 0xAE, 0x00, 0x01, 0x00, 0x07, 0x96,
    0xAE, 0x00, 0x02, 0x00, 0x06, 0x44, 0x92, 0x00, 0x0B, 0x9C, 0xAE, 0x00, 0x02, 0x00, 0x05, 0xBC,
    0x02, 0x00, 0x0E, 0xBC, 0x02, 0x00, 0x01, 0x01, 0x07, 0x48, 0x01, 0x00, 0x03, 0x02, 0x06, 0x00,
    0x03, 0x5A, 0x02, 0x00, 0x05, 0xBC, 0x02, 0x00, 0x07, 0x54, 0x98, 0x00, 0x0B, 0xAC, 0xAE, 0x00,
    0x0D, 0x8C, 0x87, 0x00, 0x16, 0xB6, 0xAE, 0x00, 0x03, 0x00, 0x12, 0x52, 0x92, 0x00, 0x15, 0xC6,
    0x06, 0x00, 0x16, 0x48, 0x01, 0x00, 0x01, 0x00, 0x08, 0x44, 0x92, 0x00, 0x04, 0x01, 0x07, 0xF4,
    0x8B, 0x00, 0x0A, 0xF6, 0x89, 0x00, 0x0B, 0xE6, 0xAE, 0x00, 0x17, 0x1C, 0x26, 0x00, 0x02, 0x02,
    0x03, 0x01, 0x07, 0xDC, 0xA1, 0x00, 0x0B, 0x8C, 0x87, 0x00, 0x11, 0x8C, 0x87, 0x00, 0x02, 0x02,
    0x0B, 0x00, 0x04, 0x74, 0x27, 0x00, 0x05, 0x56, 0x99, 0x00, 0x06, 0x68, 0xAE, 0x00, 0x09, 0x78,
    0xAE, 0x00, 0x0E, 0x7E, 0xAE, 0x00, 0x0F, 0x8A, 0xAE, 0x00, 0x10, 0xA2, 0xAE, 0x00, 0x14, 0xBE,
    0xAE, 0x00, 0x15, 0xD8, 0xAE, 0x00, 0x16, 0xEC, 0xAE, 0x00, 0x18, 0x00, 0xAF, 0x00, 0x02, 0x00,
    0x02, 0x26, 0x1A, 0x00, 0x15, 0x26, 0x1A, 0x00, 0x02, 0x00, 0x0E, 0x3E, 0xAF, 0x00, 0x10, 0x26,
    0x1A, 0x00, 0x01, 0x00, 0x16, 0x26, 0x1A, 0x00, 0x03, 0x02, 0x07, 0x48, 0xAF, 0x00, 0x0B, 0x52,
    0xAF, 0x00, 0x14, 0xC6, 0x06, 0x00, 0x00, 0x02, 0x01, 0x01, 0x02, 0x00, 0x06, 0x26, 0x1A, 0x00,
    0x10, 0xC6, 0x88, 0x00, 0x01, 0x00, 0x15, 0xD4, 0x95, 0x00, 0x01, 0x01, 0x15, 0x74, 0xAF, 0x00,
    0x01, 0x01, 0x01, 0x00, 0x03, 0xA6, 0x96, 0x00, 0x02, 0x00, 0x05, 0x86, 0x92, 0x00, 0x07, 0x52,
    0x92, 0x00, 0x02, 0x00, 0x0B, 0x88, 0xAF, 0x00, 0x1B, 0x52, 0x92, 0x00, 0x01, 0x01, 0x07, 0x44,
    0x92, 0x00, 0x03, 0x04, 0x04, 0x01, 0x04, 0x26, 0x1A, 0x00, 0x08, 0x92, 0xAF, 0x00, 0x0F, 0xFA,
    0x06, 0x00, 0x16, 0x9C, 0xAF, 0x00, 0x02, 0x02, 0x01, 0x00, 0x0F, 0x26, 0x1A, 0x00, 0x02, 0x00,
    0x03, 0xB8, 0xAF, 0x00, 0x17, 0x8C, 0x95, 0x00, 0x01, 0x00, 0x07, 0x26, 0x1A, 0x00, 0x02, 0x00,
    0x0F, 0x26, 0x1A, 0x00, 0x12, 0xC8, 0xAF, 0x00, 0x02, 0x01, 0x03, 0xFA, 0x06, 0x00, 0x11, 0x8C,
    0x87, 0x00, 0x01, 0x02, 0x04, 0x00, 0x0E, 0x0C, 0x07, 0x00, 0x0F, 0xCE, 0xAF, 0x00, 0x10, 0x16,
    0x9A, 0x00, 0x14, 0xD8, 0xAF, 0x00, 0x01, 0x01, 0x07, 0xB8, 0xAF, 0x00, 0x01, 0x01, 0x02, 0x00,
    0x03, 0x68, 0x93, 0x00, 0x07, 0x28, 0x11, 0x00, 0x01, 0x01, 0x03, 0xFA, 0x06, 0x00, 0x01, 0x04,
    0x01, 0x01, 0x0E, 0x08, 0xB0, 0x00, 0x01, 0x01, 0x0A, 0x00, 0x03, 0x6A, 0xAF, 0x00, 0x05, 0x12,
    0x8D, 0x00, 0x07, 0x7A, 0xAF, 0x00, 0x0A, 0x82, 0xAF, 0x00, 0x0B, 0xA4, 0xAF, 0x00, 0x0E, 0xBE,
    0xAF, 0x00, 0x11, 0xE4, 0xAF, 0x00, 0x14, 0xF6, 0xAF, 0x00, 0x16, 0xFE, 0xAF, 0x00, 0x17, 0x10,
    0xB0, 0x00, 0x02, 0x00, 0x14, 0x32, 0x27, 0x00, 0x15, 0xBC, 0x02, 0x00, 0x01, 0x00, 0x0E, 0x24,
    0x01, 0x00, 0x06, 0x01, 0x03, 0xC6, 0x06, 0x00, 0x04, 0xFA, 0x06, 0x00, 0x05, 0x80, 0x93, 0x00,
    0x0F, 0xFA, 0x06, 0x00, 0x16, 0xD4, 0x06, 0x00, 0x1C, 0x8C, 0x87, 0x00, 0x00, 0x04, 0x02, 0x01,
    0x0E, 0x26, 0x1A, 0x00, 0x10, 0x3A, 0x01, 0x00, 0x00, 0x04, 0x01, 0x00, 0x09, 0xD4, 0x06, 0x00,
    0x01, 0x00, 0x10, 0x7A, 0xB0, 0x00, 0x02, 0x01, 0x0B, 0x80, 0xB0, 0x00, 0x11, 0x52, 0x92, 0x00,
    0x01, 0x04, 0x01, 0x00, 0x0E, 0x86, 0xB0, 0x00, 0x08, 0x00, 0x03, 0x50, 0x0F, 0x00, 0x06, 0x8A,
    0xA3, 0x00, 0x07, 0x42, 0xB0, 0x00, 0x09, 0x4C, 0xB0, 0x00, 0x0B, 0x52, 0xB0, 0x00, 0x11, 0x6E,
    0xB0, 0x00, 0x14, 0xF0, 0x94, 0x00, 0x17, 0x92, 0xB0, 0x00, 0x02, 0x00, 0x0B, 0x5A, 0x02, 0x00,
    0x1B, 0x28, 0x11, 0x00, 0x01, 0x02, 0x16, 0x48, 0x5A, 0x00, 0x02, 0x02, 0x03, 0x04, 0x0A, 0x00,
    0x05, 0xA0, 0x06, 0x00, 0x06, 0x0A, 0x8C, 0x00, 0x08, 0xA0, 0x06, 0x00, 0x0E, 0xBA, 0xB0, 0x00,
    0x0F, 0xA0, 0x06, 0x00, 0x10, 0xE8, 0xA0, 0x00, 0x12, 0x26, 0x6A, 0x00, 0x15, 0xC4, 0xB0, 0x00,
    0x16, 0x8E, 0x9C, 0x00, 0x1A, 0x44, 0x92, 0x00, 0x01, 0x00, 0x07, 0x1C, 0x26, 0x00, 0x01, 0x00,
    0x14, 0xF8, 0xB0, 0x00, 0x01, 0x01, 0x0B, 0x4E, 0x95, 0x00, 0x01, 0x04, 0x01, 0x00, 0x07, 0x8C,
    0x92, 0x00, 0x01, 0x00, 0x16, 0x0C, 0xB1, 0x00, 0x02, 0x00, 0x07, 0xC6, 0x06, 0x00, 0x0B, 0x12,
    0xB1, 0x00, 0x04, 0x00, 0x05, 0x04, 0xB1, 0x00, 0x0E, 0x48, 0x5A, 0x00, 0x10, 0x18, 0xB1, 0x00,
    0x16, 0x1A, 0x0E, 0x00, 0x01, 0x00, 0x07, 0xF6, 0x90, 0x00, 0x01, 0x00, 0x14, 0x34, 0xB1, 0x00,
    0x01, 0x00, 0x02, 0x26, 0x1A, 0x00, 0x01, 0x00, 0x07, 0x40, 0xB1, 0x00, 0x01, 0x00, 0x15, 0x46,
    0xB1, 0x00, 0x05, 0x01, 0x07, 0xFE, 0xB0, 0x00, 0x08, 0xE6, 0x08, 0x00, 0x0B, 0x22, 0xB1, 0x00,
    0x11, 0x3A, 0xB1, 0x00, 0x17, 0x4C, 0xB1, 0x00, 0x01, 0x01, 0x01, 0x00, 0x0E, 0xA4, 0x29, 0x00,
    0x00, 0x02, 0x01, 0x05, 0x04, 0x05, 0x04, 0x00, 0x04, 0x52, 0x92, 0x00, 0x05, 0x28, 0x11, 0x00,
    0x10, 0xA8, 0x92, 0x00, 0x16, 0x70, 0xB1, 0x00, 0x02, 0x00, 0x0E, 0xD4, 0x06, 0x00, 0x14, 0x44,
    0x92, 0x00, 0x07, 0x00, 0x03, 0x6A, 0xB1, 0x00, 0x07, 0x06, 0x8A, 0x00, 0x0B, 0x76, 0xB1, 0x00,
    0x10, 0x52, 0x92, 0x00, 0x11, 0x3E, 0xAF, 0x00, 0x17, 0x88, 0xB1, 0x00, 0x1B, 0x4E, 0x95, 0x00,
    0x01, 0x02, 0x07, 0x06, 0x8A, 0x00, 0x01, 0x01, 0x02, 0x04, 0x01, 0x01, 0x0E, 0x52, 0x92, 0x00,
    0x03, 0x02, 0x03, 0x00, 0x08, 0xC6, 0x06, 0x00, 0x09, 0xF6, 0x06, 0x00, 0x15, 0x0A, 0x93, 0x00,
    0x03, 0x00, 0x07, 0x5A, 0x02, 0x00, 0x0A, 0xFA, 0x06, 0x00, 0x1B, 0x44, 0x92, 0x00, 0x07, 0x01,
    0x05, 0x44, 0x92, 0x00, 0x06, 0x52, 0x92, 0x00, 0x09, 0xBA, 0xB1, 0x00, 0x0F, 0x64, 0xAD, 0x00,
    0x10, 0xC2, 0xB1, 0x00, 0x14, 0xA6, 0x8F, 0x00, 0x16, 0xD0, 0xB1, 0x00, 0x02, 0x02, 0x01, 0x01,
    0x0B, 0x52, 0x92, 0x00, 0x01, 0x04, 0x01, 0x00, 0x06, 0xFE, 0xB1, 0x00, 0x01, 0x01, 0x17, 0x06,
    0xB2, 0x00, 0x01, 0x01, 0x01, 0x00, 0x10, 0xBC, 0x02, 0x00, 0x02, 0x00, 0x0B, 0x14, 0xB2, 0x00,
    0x0E, 0xE8, 0xA0, 0x00, 0x01, 0x00, 0x06, 0x48, 0x5A, 0x00, 0x01, 0x00, 0x0B, 0x1E, 0x95, 0x00,
    0x01, 0x00, 0x03, 0x1A, 0x90, 0x00, 0x06, 0x01, 0x02, 0x26, 0x1A, 0x00, 0x05, 0x26, 0x1A, 0x00,
    0x10, 0x24, 0xB2, 0x00, 0x16, 0x2A, 0xB2, 0x00, 0x19, 0x26, 0x1A, 0x00, 0x1A, 0x30, 0xB2, 0x00,
    0x01, 0x01, 0x01, 0x00, 0x14, 0xD4, 0x95, 0x00, 0x08, 0x00, 0x03, 0xC6, 0x06, 0x00, 0x04, 0x52,
    0xB2, 0x00, 0x05, 0x4E, 0x95, 0x00, 0x06, 0x26, 0x1A, 0x00, 0x09, 0x80, 0x93, 0x00, 0x10, 0x44,
    0x92, 0x00, 0x14, 0x32, 0x27, 0x00, 0x15, 0xF6, 0x06, 0x00, 0x02, 0x00, 0x02, 0x92, 0x95, 0x00,
    0x03, 0xFA, 0x06, 0x00, 0x01, 0x00, 0x09, 0x1C, 0x26, 0x00, 0x01, 0x01, 0x0A, 0x52, 0x92, 0x00,
    0x01, 0x02, 0x01, 0x00, 0x15, 0x40, 0x03, 0x00, 0x01, 0x00, 0x0B, 0x92, 0xB2, 0x00, 0x00, 0x02,
    0x01, 0x03, 0x04, 0x03, 0x0A, 0x01, 0x04, 0x9E, 0xAD, 0x00, 0x05, 0x7A, 0xB2, 0x00, 0x07, 0x06,
    0x98, 0x00, 0x09, 0x04, 0x9C, 0x00, 0x0F, 0x44, 0x92, 0x00, 0x10, 0x84, 0xB2, 0x00, 0x11, 0xC6,
    0x06, 0x00, 0x15, 0x8A, 0xB2, 0x00, 0x16, 0x98, 0xB2, 0x00, 0x18, 0x9E, 0xB2, 0x00, 0x02, 0x02,
    0x01, 0x01, 0x04, 0x28, 0x11, 0x00, 0x00, 0x04, 0x02, 0x00, 0x03, 0xD0, 0xB2, 0x00, 0x11, 0x48,
    0x5A, 0x00, 0x04, 0x00, 0x03, 0xF6, 0x06, 0x00, 0x05, 0x44, 0x92, 0x00, 0x09, 0x52, 0x92, 0x00,
    0x12, 0x9A, 0x34, 0x00, 0x01, 0x00, 0x0A, 0xA0, 0x06, 0x00, 0x02, 0x00, 0x06, 0x44, 0x92, 0x00,
    0x09, 0x52, 0x92, 0x00, 0x09, 0x00, 0x03, 0x36, 0xB2, 0x00, 0x07, 0x58, 0xB2, 0x00, 0x08, 0xA0,
    0x06, 0x00, 0x0B, 0xA4, 0xB2, 0x00, 0x0E, 0xD8, 0xB2, 0x00, 0x11, 0xE2, 0xB2, 0x00, 0x15, 0xF4,
    0xB2, 0x00, 0x16, 0xE8, 0xA0, 0x00, 0x17, 0xFA, 0xB2, 0x00, 0x01, 0x01, 0x03, 0x52, 0x92, 0x00,
    0x01, 0x05, 0x03, 0x00, 0x05, 0x26, 0x1A, 0x00, 0x09, 0x26, 0x1A, 0x00, 0x10, 0x2A, 0xB3, 0x00,
    0x02, 0x01, 0x0E, 0x0C, 0x07, 0x00, 0x16, 0x26, 0x1A, 0x00, 0x01, 0x01, 0x02, 0x02, 0x07, 0x52,
    0x92, 0x00, 0x0B, 0xAC, 0x96, 0x00, 0x02, 0x01, 0x04, 0x02, 0x02, 0x01, 0x0A, 0x52, 0x92, 0x00,
    0x15, 0x44, 0x92, 0x00, 0x01, 0x04, 0x06, 0x00, 0x05, 0x80, 0x93, 0x00, 0x07, 0xBC, 0x02, 0x00,
    0x09, 0x52, 0xB2, 0x00, 0x10, 0x4C, 0xB3, 0x00, 0x15, 0x5A, 0xB3, 0x00, 0x1C, 0xFA, 0x06, 0x00,
    0x01, 0x00, 0x11, 0xA6, 0x87, 0x00, 0x01, 0x00, 0x0B, 0x80, 0xB3, 0x00, 0x02, 0x00, 0x09, 0xBC,
    0x02, 0x00, 0x10, 0x86, 0xB3, 0x00, 0x01, 0x01, 0x03, 0x52, 0x92, 0x00, 0x01, 0x04, 0x02, 0x00,
    0x0E, 0x96, 0xB3, 0x00, 0x10, 0x5A, 0x02, 0x00, 0x09, 0x00, 0x03, 0x32, 0xB3, 0x00, 0x04, 0x52,
    0x92, 0x00, 0x07, 0x40, 0xB3, 0x00, 0x0B, 0x66, 0xB3, 0x00, 0x10, 0x04, 0x97, 0x00, 0x11, 0x8C,
    0xB3, 0x00, 0x12, 0x42, 0x94, 0x00, 0x17, 0x9E, 0xB3, 0x00, 0x1B, 0xC6, 0x06, 0x00, 0x02, 0x00,
    0x0F, 0xF6, 0x97, 0x00, 0x10, 0x52, 0xAF, 0x00, 0x01, 0x00, 0x07, 0x06, 0x8A, 0x00, 0x01, 0x00,
    0x0A, 0xD8, 0xB3, 0x00, 0x02, 0x00, 0x05, 0xFA, 0x06, 0x00, 0x1A, 0xD4, 0x06, 0x00, 0x01, 0x00,
    0x0B, 0xE4, 0xB3, 0x00, 0x02, 0x00, 0x0B, 0x52, 0x92, 0x00, 0x16, 0x52, 0x92, 0x00, 0x07, 0x00,
    0x03, 0x44, 0x92, 0x00, 0x07, 0x44, 0x92, 0x00, 0x0F, 0xFA, 0x06, 0x00, 0x14, 0xF6, 0x97, 0x00,
    0x15, 0xF4, 0xB3, 0x00, 0x16, 0xFE, 0x9E, 0x00, 0x19, 0xC6, 0x06, 0x00, 0x08, 0x00, 0x05, 0x8E,
    0x98, 0x00, 0x07, 0x44, 0x92, 0x00, 0x0E, 0x44, 0x92, 0x00, 0x11, 0xC6, 0x06, 0x00, 0x15, 0xC2,
    0x96, 0x00, 0x16, 0xFA, 0x06, 0x00, 0x17, 0x44, 0x92, 0x00, 0x1C, 0x4E, 0x95, 0x00, 0x03, 0x01,
    0x09, 0xBC, 0x02, 0x00, 0x15, 0x26, 0x1A, 0x00, 0x18, 0xFA, 0x06, 0x00, 0x00, 0x04, 0x01, 0x00,
    0x09, 0x3A, 0x8E, 0x00, 0x01, 0x00, 0x15, 0xA4, 0x29, 0x00, 0x01, 0x00, 0x07, 0x54, 0xB4, 0x00,
    0x02, 0x00, 0x03, 0x4E, 0xB4, 0x00, 0x0A, 0x5A, 0xB4, 0x00, 0x02, 0x00, 0x03, 0xFA, 0x06, 0x00,
    0x08, 0x52, 0x92, 0x00, 0x0C, 0x00, 0x03, 0xCE, 0xB3, 0x00, 0x05, 0xDE, 0xB3, 0x00, 0x06, 0xEE,
    0xB3, 0x00, 0x07, 0xFE, 0xB3, 0x00, 0x0B, 0x1C, 0xB4, 0x00, 0x10, 0xA4, 0x29, 0x00, 0x11, 0x3E,
    0xB4, 0x00, 0x15, 0x68, 0x96, 0x00, 0x16, 0x60, 0xB4, 0x00, 0x17, 0x6A, 0xB4, 0x00, 0x1B, 0x98,
    0x94, 0x00, 0x1C, 0x8A, 0xA3, 0x00, 0x01, 0x00, 0x12, 0xFA, 0x06, 0x00, 0x01, 0x00, 0x03, 0xA6,
    0xB4, 0x00, 0x01, 0x01, 0x14, 0xAC, 0xB4, 0x00, 0x02, 0x02, 0x00, 0x02, 0x01, 0x04, 0x03, 0x04,
    0x01, 0x00, 0x03, 0xA8, 0x8B, 0x00, 0x02, 0x01, 0x07, 0xFA, 0x06, 0x00, 0x11, 0x28, 0x94, 0x00,
    0x01, 0x01, 0x01, 0x01, 0x11, 0x28, 0x11, 0x00, 0x01, 0x04, 0x0A, 0x00, 0x08, 0x44, 0x92, 0x00,
    0x09, 0xB2, 0xB4, 0x00, 0x0B, 0xBA, 0xB4, 0x00, 0x0E, 0xC6, 0x06, 0x00, 0x12, 0xC0, 0xB4, 0x00,
    0x14, 0xC6, 0xB4, 0x00, 0x15, 0xBC, 0x02, 0x00, 0x16, 0xD2, 0xB4, 0x00, 0x17, 0x0A, 0x93, 0x00,
    0x19, 0x44, 0x92, 0x00, 0x02, 0x01, 0x0B, 0xC6, 0x06, 0x00, 0x10, 0x86, 0x95, 0x00, 0x01, 0x02,
    0x01, 0x00, 0x0B, 0xF6, 0x97, 0x00, 0x01, 0x00, 0x16, 0x10, 0xB5, 0x00, 0x01, 0x00, 0x0B, 0x16,
    0xB5, 0x00, 0x03, 0x00, 0x0E, 0x44, 0x92, 0x00, 0x10, 0x56, 0x99, 0x00, 0x16, 0x1C, 0xB5, 0x00,
    0x00, 0x05, 0x00, 0x01, 0x01, 0x06, 0x02, 0x03, 0x03, 0x03, 0x07, 0x01, 0x01, 0x00, 0x0A, 0x30,
    0xB5, 0x00, 0x01, 0x00, 0x12, 0x3C, 0xB5, 0x00, 0x01, 0x00, 0x07, 0x42, 0xB5, 0x00, 0x01, 0x00,
    0x10, 0x48, 0xB5, 0x00, 0x03, 0x00, 0x05, 0x96, 0xB3, 0x00, 0x06, 0x26, 0x1A, 0x00, 0x0A, 0xFA,
    0x06, 0x00, 0x01, 0x01, 0x04, 0x26, 0x1A, 0x00, 0x01, 0x03, 0x02, 0x00, 0x07, 0x54, 0xB5, 0x00,
    0x11, 0x62, 0xB5, 0x00, 0x01, 0x00, 0x0B, 0x6A, 0x92, 0x00, 0x01, 0x00, 0x16, 0x96, 0xB3, 0x00,
    0x0A, 0x00, 0x03, 0x04, 0xB5, 0x00, 0x07, 0x22, 0xB5, 0x00, 0x0A, 0x60, 0x88, 0x00, 0x0B, 0x4E,
    0xB5, 0x00, 0x0E, 0xF0, 0x94, 0x00, 0x11, 0xF6, 0x06, 0x00, 0x14, 0x6A, 0xB5, 0x00, 0x15, 0x22,
    0x9A, 0x00, 0x16, 0x74, 0xB5, 0x00, 0x17, 0x7A, 0xB5, 0x00, 0x00, 0x03, 0x01, 0x04, 0x02, 0x03,
    0x04, 0x03, 0x02, 0x00, 0x0E, 0x48, 0x01, 0x00, 0x15, 0xAA, 0xB5, 0x00, 0x01, 0x00, 0x0B, 0xB2,
    0xB5, 0x00, 0x01, 0x01, 0x17, 0xBC, 0xB5, 0x00, 0x01, 0x01, 0x01, 0x00, 0x06, 0xA4, 0x29, 0x00,
    0x01, 0x00, 0x0B, 0x40, 0xA9, 0x00, 0x04, 0x01, 0x04, 0xBC, 0x02, 0x00, 0x10, 0xCA, 0xB5, 0x00,
    0x14, 0xFA, 0x06, 0x00, 0x16, 0xD0, 0xB5, 0x00, 0x02, 0x01, 0x01, 0x01, 0x0E, 0x28, 0x11, 0x00,
    0x00, 0x02, 0x01, 0x01, 0x07, 0x28, 0x11, 0x00, 0x02, 0x03, 0x01, 0x00, 0x0A, 0xF2, 0xB5, 0x00,
    0x01, 0x00, 0x0E, 0xC6, 0x06, 0x00, 0x04, 0x00, 0x03, 0x52, 0x92, 0x00, 0x05, 0x14, 0x99, 0x00,
    0x07, 0xA4, 0x29, 0x00, 0x16, 0xFA, 0x06, 0x00, 0x02, 0x00, 0x15, 0x52, 0x92, 0x00, 0x16, 0xFA,
    0x06, 0x00, 0x0A, 0x00, 0x02, 0x96, 0x07, 0x00, 0x03, 0x00, 0xB6, 0x00, 0x05, 0x7C, 0x88, 0x00,
    0x0B, 0xDC, 0xA1, 0x00, 0x0E, 0x74, 0x93, 0x00, 0x0F, 0x88, 0x9A, 0x00, 0x10, 0x06, 0xB6, 0x00,
    0x13, 0xBC, 0x02, 0x00, 0x15, 0x18, 0xB6, 0x00, 0x16, 0x48, 0x5A, 0x00, 0x00, 0x03, 0x01, 0x02,
    0x02, 0x03, 0x03, 0x04, 0x01, 0x00, 0x02, 0x4C, 0xB6, 0x00, 0x01, 0x02, 0x10, 0x54, 0xB6, 0x00,
    0x01, 0x01, 0x04, 0x04, 0x01, 0x00, 0x0D, 0x4E, 0x95, 0x00, 0x02, 0x00, 0x10, 0xC6, 0x06, 0x00,
    0x14, 0xBC, 0x02, 0x00, 0x01, 0x01, 0x03, 0x26, 0x1A, 0x00, 0x03, 0x04, 0x08, 0x01, 0x03, 0x5A,
    0xB6, 0x00, 0x05, 0x64, 0xB6, 0x00, 0x07, 0x6A, 0xB6, 0x00, 0x10, 0x20, 0x96, 0x00, 0x11, 0xF6,
    0x06, 0x00, 0x16, 0xA4, 0x29, 0x00, 0x17, 0x28, 0x11, 0x00, 0x18, 0x74, 0xB6, 0x00, 0x02, 0x01,
    0x03, 0x00, 0x15, 0x28, 0x11, 0x00, 0x16, 0xA4, 0x29, 0x00, 0x1C, 0x4E, 0x95, 0x00, 0x02, 0x00,
    0x0B, 0xA0, 0xB6, 0x00, 0x11, 0xFA, 0x06, 0x00, 0x04, 0x01, 0x04, 0x52, 0x92, 0x00, 0x05, 0x44,
    0x92, 0x00, 0x14, 0xBC, 0x02, 0x00, 0x17, 0xD4, 0x06, 0x00, 0x00, 0x02, 0x01, 0x01, 0x07, 0x88,
    0x98, 0x00, 0x02, 0x01, 0x03, 0x00, 0x07, 0xA8, 0x8B, 0x00, 0x0E, 0xA4, 0x29, 0x00, 0x19, 0xFA,
    0x06, 0x00, 0x01, 0x01, 0x16, 0xBC, 0x02, 0x00, 0x00, 0x04, 0x01, 0x00, 0x17, 0x4E, 0x95, 0x00,
    0x01, 0x00, 0x03, 0xEA, 0xB6, 0x00, 0x0D, 0x00, 0x03, 0xD6, 0xB5, 0x00, 0x04, 0xEA, 0xB5, 0x00,
    0x05, 0xFA, 0xB5, 0x00, 0x07, 0x22, 0xB6, 0x00, 0x0A, 0xD4, 0x06, 0x00, 0x0B, 0x7C, 0xB6, 0x00,
    0x0F, 0x56, 0x3F, 0x00, 0x10, 0xAE, 0xB6, 0x00, 0x11, 0xB8, 0xB6, 0x00, 0x15, 0xCC, 0xB6, 0x00,
    0x16, 0xD4, 0xB6, 0x00, 0x17, 0xE2, 0xB6, 0x00, 0x19, 0xF0, 0xB6, 0x00, 0x01, 0x00, 0x07, 0x3E,
    0xAF, 0x00, 0x01, 0x02, 0x09, 0x2C, 0xB7, 0x00, 0x01, 0x01, 0x02, 0x04, 0x01, 0x01, 0x10, 0x52,
    0x92, 0x00, 0x01, 0x02, 0x03, 0x01, 0x03, 0x3C, 0xB7, 0x00, 0x14, 0xC6, 0x06, 0x00, 0x17, 0x52,
    0x92, 0x00, 0x02, 0x02, 0x01, 0x01, 0x14, 0x52, 0x92, 0x00, 0x01, 0x02, 0x01, 0x00, 0x03, 0x26,
    0x1A, 0x00, 0x02, 0x00, 0x16, 0x3E, 0xAF, 0x00, 0x18, 0x5C, 0xB7, 0x00, 0x03, 0x02, 0x05, 0x54,
    0xB7, 0x00, 0x10, 0x86, 0x95, 0x00, 0x14, 0x62, 0xB7, 0x00, 0x01, 0x01, 0x02, 0x02, 0x02, 0x01,
    0x03, 0xC6, 0x06, 0x00, 0x07, 0xF4, 0x8B, 0x00, 0x00, 0x04, 0x01, 0x01, 0x07, 0xAE, 0x93, 0x00,
    0x01, 0x02, 0x01, 0x00, 0x10, 0xD4, 0x95, 0x00, 0x00, 0x02, 0x02, 0x04, 0x03, 0x04, 0x01, 0x00,
    0x16, 0x60, 0x88, 0x00, 0x07, 0x01, 0x05, 0x0C, 0x07, 0x00, 0x06, 0x8A, 0xB7, 0x00, 0x09, 0x92,
    0xB7, 0x00, 0x0F, 0xCC, 0xA8, 0x00, 0x10, 0x98, 0xB7, 0x00, 0x15, 0x9E, 0xB7, 0x00, 0x17, 0xBC,
    0x02, 0x00, 0x01, 0x01, 0x01, 0x00, 0x10, 0x44, 0x92, 0x00, 0x01, 0x00, 0x0B, 0xC4, 0xB7, 0x00,
    0x01, 0x01, 0x17, 0xFA, 0x06, 0x00, 0x01, 0x02, 0x01, 0x01, 0x03, 0x52, 0x92, 0x00, 0x01, 0x02,
    0x02, 0x00, 0x0E, 0xD0, 0xB7, 0x00, 0x10, 0xD8, 0xB7, 0x00, 0x00, 0x02, 0x01, 0x03, 0x05, 0x06,
    0x01, 0x00, 0x0B, 0xEA, 0xB7, 0x00, 0x01, 0x00, 0x05, 0xF0, 0xB7, 0x00, 0x04, 0x01, 0x03, 0xF6,
    0xB7, 0x00, 0x07, 0xFE, 0x9E, 0x00, 0x0B, 0x52, 0xB2, 0x00, 0x14, 0xA2, 0x93, 0x00, 0x01, 0x01,
    0x00, 0x02, 0x02, 0x04, 0x04, 0x04, 0x01, 0x00, 0x04, 0x10, 0xB8, 0x00, 0x01, 0x01, 0x0B, 0x16,
    0xB8, 0x00, 0x00, 0x02, 0x02, 0x00, 0x09, 0xFA, 0x06, 0x00, 0x0F, 0x52, 0x92, 0x00, 0x01, 0x02,
    0x10, 0xC6, 0x06, 0x00, 0x00, 0x04, 0x02, 0x02, 0x01, 0x00, 0x05, 0xE8, 0x87, 0x00, 0x02, 0x01,
    0x11, 0x44, 0x92, 0x00, 0x17, 0x38, 0xB8, 0x00, 0x00, 0x02, 0x04, 0x00, 0x03, 0x00, 0xA9, 0x00,
    0x0B, 0x24, 0xB8, 0x00, 0x11, 0x2E, 0xB8, 0x00, 0x14, 0x3E, 0xB8, 0x00, 0x01, 0x00, 0x14, 0x54,
    0xB7, 0x00, 0x0D, 0x00, 0x03, 0x32, 0xB7, 0x00, 0x05, 0x44, 0xB7, 0x00, 0x07, 0x6C, 0xB7, 0x00,
    0x0A, 0x7E, 0xB7, 0x00, 0x0B, 0xA4, 0xB7, 0x00, 0x0D, 0xCA, 0xB7, 0x00, 0x0F, 0xF2, 0x96, 0x00,
    0x11, 0xE0, 0xB7, 0x00, 0x12, 0xFC, 0xB7, 0x00, 0x15, 0x1C, 0xB8, 0x00, 0x16, 0x4A, 0xB8, 0x00,
    0x17, 0x5C, 0xB8, 0x00, 0x19, 0x28, 0x11, 0x00, 0x01, 0x00, 0x04, 0xBC, 0x02, 0x00, 0x02, 0x00,
    0x10, 0x24, 0xB2, 0x00, 0x11, 0xC6, 0x06, 0x00, 0x00, 0x03, 0x03, 0x01, 0x04, 0x06, 0x05, 0x01,
    0x01, 0x00, 0x07, 0xA8, 0xB8, 0x00, 0x01, 0x00, 0x10, 0xB0, 0xB8, 0x00, 0x01, 0x00, 0x07, 0xB6,
    0xB8, 0x00, 0x01, 0x00, 0x0E, 0xBC, 0xB8, 0x00, 0x02, 0x00, 0x11, 0x64, 0xA0, 0x00, 0x1B, 0xC2,
    0xB8, 0x00, 0x01, 0x01, 0x11, 0xBC, 0x02, 0x00, 0x04, 0x04, 0x01, 0x00, 0x0B, 0xB0, 0x98, 0x00,
    0x05, 0x00, 0x05, 0xD4, 0x06, 0x00, 0x06, 0xBC, 0x96, 0x00, 0x10, 0xD2, 0xB8, 0x00, 0x14, 0x44,
    0x92, 0x00, 0x16, 0xDA, 0xB8, 0x00, 0x02, 0x00, 0x05, 0xFA, 0x06, 0x00, 0x08, 0x52, 0x92, 0x00,
    0x02, 0x00, 0x09, 0xFA, 0x06, 0x00, 0x15, 0x52, 0x92, 0x00, 0x04, 0x00, 0x03, 0xC6, 0x06, 0x00,
    0x07, 0xC6, 0x06, 0x00, 0x0B, 0xF6, 0xB8, 0x00, 0x11, 0x00, 0xB9, 0x00, 0x0A, 0x00, 0x03, 0x98,
    0xB8, 0x00, 0x07, 0x9E, 0xB8, 0x00, 0x0A, 0xC8, 0xB8, 0x00, 0x0B, 0xE0, 0xB8, 0x00, 0x10, 0xA4,
    0x29, 0x00, 0x11, 0x92, 0xB7, 0x00, 0x14, 0x0A, 0xB9, 0x00, 0x17, 0x80, 0x93, 0x00, 0x1B, 0x2A,
    0xA3, 0x00, 0x1C, 0x52, 0x92, 0x00, 0x00, 0x03, 0x00, 0x05, 0x02, 0x02, 0x06, 0x01, 0x01, 0x00,
    0x06, 0x46, 0xB9, 0x00, 0x01, 0x00, 0x0B, 0x4E, 0xB9, 0x00, 0x01, 0x00, 0x0E, 0x54, 0xB9, 0x00,
    0x03, 0x00, 0x07, 0x48, 0x5A, 0x00, 0x0B, 0xD8, 0x88, 0x00, 0x14, 0x52, 0x92, 0x00, 0x06, 0x01,
    0x05, 0x5A, 0xB9, 0x00, 0x10, 0x44, 0x92, 0x00, 0x12, 0xC6, 0x06, 0x00, 0x14, 0x88, 0x9A, 0x00,
    0x15, 0xBC, 0x02, 0x00, 0x16, 0x60, 0xB9, 0x00, 0x00, 0x04, 0x00, 0x02, 0x03, 0x02, 0x04, 0x05,
    0x01, 0x01, 0x16, 0x52, 0x92, 0x00, 0x01, 0x02, 0x02, 0x00, 0x12, 0x8A, 0xB9, 0x00, 0x15, 0x90,
    0xB9, 0x00, 0x02, 0x00, 0x0E, 0xFA, 0x06, 0x00, 0x11, 0x48, 0x01, 0x00, 0x02, 0x00, 0x09, 0x44,
    0x92, 0x00, 0x0B, 0x48, 0x5A, 0x00, 0x01, 0x01, 0x04, 0x44, 0x92, 0x00, 0x02, 0x01, 0x04, 0x00,
    0x03, 0x44, 0x92, 0x00, 0x0E, 0xA2, 0xB9, 0x00, 0x10, 0xAC, 0xB9, 0x00, 0x14, 0xB6, 0xB9, 0x00,
    0x04, 0x01, 0x06, 0xFA, 0x06, 0x00, 0x0E, 0xBC, 0x02, 0x00, 0x10, 0x26, 0x1A, 0x00, 0x18, 0xBC,
    0x02, 0x00, 0x01, 0x01, 0x01, 0x00, 0x05, 0x44, 0x92, 0x00, 0x05, 0x00, 0x03, 0x98, 0xB9, 0x00,
    0x07, 0xBE, 0xB9, 0x00, 0x0B, 0xD0, 0xB9, 0x00, 0x11, 0xE4, 0xB9, 0x00, 0x17, 0x44, 0x92, 0x00,
    0x01, 0x01, 0x09, 0x26, 0x1A, 0x00, 0x01, 0x01, 0x01, 0x00, 0x09, 0xFA, 0x06, 0x00, 0x03, 0x00,
    0x0E, 0x9C, 0x87, 0x00, 0x10, 0x08, 0xBA, 0x00, 0x16, 0xC6, 0x06, 0x00, 0x04, 0x00, 0x03, 0x00,
    0xBA, 0x00, 0x07, 0xBC, 0x96, 0x00, 0x0A, 0xC6, 0x06, 0x00, 0x0B, 0x0E, 0xBA, 0x00, 0x01, 0x00,
    0x12, 0xE6, 0x08, 0x00, 0x03, 0x00, 0x05, 0x4E, 0x95, 0x00, 0x07, 0x5E, 0xA4, 0x00, 0x15, 0xBC,
    0x02, 0x00, 0x19, 0x00, 0x03, 0x10, 0xAF, 0x00, 0x04, 0x58, 0xAF, 0x00, 0x05, 0x18, 0xB0, 0x00,
    0x06, 0x98, 0xB0, 0x00, 0x07, 0xCE, 0xB0, 0x00, 0x08, 0x52, 0xB1, 0x00, 0x09, 0x92, 0xB1, 0x00,
    0x0A, 0xB0, 0xB1, 0x00, 0x0B, 0xDE, 0xB1, 0x00, 0x0C, 0x0C, 0xB2, 0x00, 0x0D, 0x1A, 0xB2, 0x00,
    0x0E, 0x04, 0xB3, 0x00, 0x0F, 0xA8, 0xB3, 0x00, 0x10, 0x74, 0xB4, 0x00, 0x11, 0xDA, 0xB4, 0x00,
    0x12, 0x80, 0xB5, 0x00, 0x13, 0xC2, 0xB5, 0x00, 0x14, 0xF6, 0xB6, 0x00, 0x15, 0x62, 0xB8, 0x00,
    0x16, 0x1C, 0xB9, 0x00, 0x17, 0x6E, 0xB9, 0x00, 0x18, 0xEA, 0xB9, 0x00, 0x19, 0x1C, 0xBA, 0x00,
    0x1A, 0x2E, 0xBA, 0x00, 0x1B, 0x34, 0xBA, 0x00, 0x02, 0x00, 0x0E, 0xFA, 0x06, 0x00, 0x14, 0x5A,
    0x02, 0x00, 0x01, 0x00, 0x0E, 0x96, 0x8A, 0x00, 0x02, 0x00, 0x03, 0x3C, 0x94, 0x00, 0x0B, 0x54,
    0x98, 0x00, 0x01, 0x00, 0x0A, 0x8C, 0x87, 0x00, 0x01, 0x01, 0x16, 0xC2, 0xBA, 0x00, 0x00, 0x05,
    0x03, 0x00, 0x03, 0xFA, 0x06, 0x00, 0x0A, 0x20, 0x96, 0x00, 0x11, 0xA4, 0x29, 0x00, 0x01, 0x00,
    0x0E, 0x0E, 0x91, 0x00, 0x09, 0x01, 0x04, 0xA8, 0xBA, 0x00, 0x05, 0xA2, 0x93, 0x00, 0x09, 0xA4,
    0x29, 0x00, 0x0B, 0x22, 0x88, 0x00, 0x0E, 0xB2, 0xBA, 0x00, 0x0F, 0xB8, 0xBA, 0x00, 0x14, 0xC8,
    0xBA, 0x00, 0x16, 0xD0, 0xBA, 0x00, 0x17, 0xDE, 0xBA, 0x00, 0x00, 0x01, 0x02, 0x00, 0x15, 0x48,
    0x5A, 0x00, 0x16, 0xA0, 0xA0, 0x00, 0x01, 0x00, 0x17, 0x5E, 0x9D, 0x00, 0x01, 0x01, 0x14, 0x16,
    0xBB, 0x00, 0x02, 0x04, 0x02, 0x00, 0x03, 0xA4, 0x29, 0x00, 0x16, 0x4E, 0x95, 0x00, 0x01, 0x01,
    0x07, 0x9C, 0x87, 0x00, 0x03, 0x02, 0x01, 0x00, 0x06, 0x2E, 0xBB, 0x00, 0x01, 0x00, 0x0B, 0x3E,
    0x90, 0x00, 0x02, 0x01, 0x0F, 0x3C, 0xBB, 0x00, 0x14, 0x4E, 0x95, 0x00, 0x03, 0x01, 0x0A, 0x00,
    0x02, 0xA4, 0x29, 0x00, 0x03, 0x0C, 0xBB, 0x00, 0x04, 0x1C, 0xBB, 0x00, 0x05, 0x24, 0xBB, 0x00,
    0x06, 0x96, 0x07, 0x00, 0x0E, 0x42, 0x94, 0x00, 0x0F, 0x24, 0x97, 0x00, 0x10, 0x36, 0xBB, 0x00,
    0x14, 0x42, 0xBB, 0x00, 0x18, 0xBC, 0x02, 0x00, 0x03, 0x00, 0x07, 0x26, 0x1A, 0x00, 0x10, 0x34,
    0x95, 0x00, 0x15, 0xCC, 0xA8, 0x00, 0x01, 0x00, 0x1B, 0x26, 0x1A, 0x00, 0x04, 0x02, 0x07, 0x8C,
    0x95, 0x00, 0x0B, 0x78, 0xBB, 0x00, 0x0E, 0x86, 0xBB, 0x00, 0x1B, 0x0C, 0x07, 0x00, 0x00, 0x04,
    0x01, 0x01, 0x01, 0x00, 0x07, 0xA4, 0x29, 0x00, 0x03, 0x00, 0x0E, 0x70, 0x14, 0x00, 0x10, 0xC6,
    0x06, 0x00, 0x16, 0xA2, 0xBB, 0x00, 0x02, 0x00, 0x10, 0xC6, 0x06, 0x00, 0x14, 0xFA, 0x06, 0x00,
    0x02, 0x01, 0x03, 0x4E, 0x95, 0x00, 0x07, 0x4E, 0x95, 0x00, 0x03, 0x04, 0x07, 0x00, 0x02, 0x56,
    0x0F, 0x00, 0x03, 0xA8, 0xBB, 0x00, 0x07, 0xB6, 0xBB, 0x00, 0x0A, 0x1A, 0x0E, 0x00, 0x0B, 0xC0,
    0xBB, 0x00, 0x15, 0xA4, 0x29, 0x00, 0x17, 0xFA, 0x06, 0x00, 0x01, 0x00, 0x07, 0x28, 0x94, 0x00,
    0x01, 0x00, 0x0A, 0x0E, 0x91, 0x00, 0x01, 0x00, 0x0B, 0xAC, 0x8E, 0x00, 0x03, 0x00, 0x0B, 0x8C,
    0x87, 0x00, 0x0E, 0xF6, 0xBB, 0x00, 0x1B, 0xA4, 0x29, 0x00, 0x00, 0x02, 0x01, 0x01, 0x03, 0x03,
    0x05, 0x01, 0x03, 0x4E, 0x95, 0x00, 0x06, 0x8A, 0xB9, 0x00, 0x07, 0xA0, 0x06, 0x00, 0x09, 0x0A,
    0xBC, 0x00, 0x10, 0xBC, 0x02, 0x00, 0x00, 0x02, 0x01, 0x00, 0x16, 0x1C, 0x88, 0x00, 0x01, 0x00,
    0x02, 0x8C, 0x87, 0x00, 0x01, 0x00, 0x06, 0x2E, 0xBC, 0x00, 0x01, 0x00, 0x07, 0x34, 0xBC, 0x00,
    0x01, 0x00, 0x16, 0x3A, 0xBC, 0x00, 0x08, 0x01, 0x03, 0xFA, 0x06, 0x00, 0x05, 0xCC, 0xBB, 0x00,
    0x06, 0xEA, 0xBB, 0x00, 0x09, 0xF0, 0xBB, 0x00, 0x0E, 0xFC, 0xBB, 0x00, 0x10, 0x10, 0xBC, 0x00,
    0x15, 0x28, 0xBC, 0x00, 0x16, 0x40, 0xBC, 0x00, 0x00, 0x01, 0x00, 0x02, 0x03, 0x01, 0x04, 0x06,
    0x01, 0x00, 0x0E, 0x6A, 0xBC, 0x00, 0x01, 0x00, 0x07, 0x70, 0xBC, 0x00, 0x01, 0x00, 0x09, 0x76,
    0xBC, 0x00, 0x01, 0x00, 0x15, 0x2A, 0x99, 0x00, 0x02, 0x00, 0x14, 0x54, 0x91, 0x00, 0x19, 0x46,
    0x9D, 0x00, 0x01, 0x00, 0x14, 0x1A, 0x0E, 0x00, 0x01, 0x00, 0x11, 0x92, 0xBC, 0x00, 0x00, 0x02,
    0x01, 0x02, 0x03, 0x05, 0x06, 0x02, 0x03, 0x7C, 0xBC, 0x00, 0x07, 0x82, 0xBC, 0x00, 0x0B, 0x22,
    0x88, 0x00, 0x11, 0x88, 0xBC, 0x00, 0x17, 0x98, 0xBC, 0x00, 0x1B, 0x9E, 0xBC, 0x00, 0x01, 0x04,
    0x02, 0x02, 0x02, 0x01, 0x06, 0xCE, 0x87, 0x00, 0x16, 0xBC, 0x02, 0x00, 0x00, 0x05, 0x02, 0x00,
    0x16, 0x52, 0x92, 0x00, 0x1B, 0x8C, 0x87, 0x00, 0x04, 0x01, 0x03, 0xCE, 0xBC, 0x00, 0x07, 0x8C,
    0x8F, 0x00, 0x0B, 0xBC, 0x02, 0x00, 0x16, 0x12, 0x8D, 0x00, 0x02, 0x02, 0x03, 0x01, 0x10, 0xC2,
    0xBC, 0x00, 0x14, 0xD8, 0xBC, 0x00, 0x15, 0x8C, 0x87, 0x00, 0x00, 0x01, 0x02, 0x00, 0x03, 0x44,
    0x92, 0x00, 0x15, 0xC6, 0x88, 0x00, 0x01, 0x01, 0x0E, 0x48, 0x5A, 0x00, 0x03, 0x02, 0x04, 0x00,
    0x03, 0xB2, 0x89, 0x00, 0x07, 0xFC, 0xBC, 0x00, 0x0B, 0x06, 0xBD, 0x00, 0x11, 0xD8, 0x88, 0x00,
    0x02, 0x01, 0x11, 0x26, 0x1A, 0x00, 0x1B, 0x0C, 0x07, 0x00, 0x00, 0x02, 0x02, 0x00, 0x0B, 0x48,
    0x5A, 0x00, 0x15, 0xBC, 0x02, 0x00, 0x01, 0x00, 0x03, 0xA4, 0x29, 0x00, 0x07, 0x01, 0x07, 0x28,
    0x94, 0x00, 0x09, 0xA4, 0x29, 0x00, 0x0F, 0x6E, 0x93, 0x00, 0x10, 0x14, 0x99, 0x00, 0x14, 0x42,
    0x94, 0x00, 0x15, 0x2C, 0xBD, 0x00, 0x16, 0x36, 0xBD, 0x00, 0x00, 0x03, 0x11, 0x00, 0x03, 0xE4,
    0xBA, 0x00, 0x04, 0xF6, 0x64, 0x00, 0x06, 0xA4, 0x29, 0x00, 0x07, 0x4E, 0xBB, 0x00, 0x08, 0x8C,
    0xBB, 0x00, 0x0A, 0xA4, 0x29, 0x00, 0x0B, 0x46, 0xBC, 0x00, 0x0E, 0xA4, 0xBC, 0x00, 0x0F, 0xA4,
    0x29, 0x00, 0x10, 0xA4, 0x29, 0x00, 0x11, 0xEC, 0xBC, 0x00, 0x12, 0xF6, 0x64, 0x00, 0x14, 0x0E,
    0xBD, 0x00, 0x15, 0x56, 0x0F, 0x00, 0x16, 0x20, 0xBD, 0x00, 0x17, 0x3C, 0xBD, 0x00, 0x1B, 0xE6,
    0x08, 0x00, 0x03, 0x00, 0x02, 0x4E, 0x95, 0x00, 0x0B, 0x1A, 0x0E, 0x00, 0x11, 0xFA, 0x06, 0x00,
    0x02, 0x01, 0x07, 0x80, 0x92, 0x00, 0x11, 0x44, 0x92, 0x00, 0x00, 0x02, 0x01, 0x01, 0x03, 0x9C,
    0x87, 0x00, 0x02, 0x03, 0x02, 0x00, 0x15, 0x8C, 0x87, 0x00, 0x1C, 0xBC, 0xBD, 0x00, 0x02, 0x00,
    0x0B, 0xC4, 0xBD, 0x00, 0x11, 0xA4, 0x29, 0x00, 0x01, 0x00, 0x10, 0x28, 0x0E, 0x00, 0x02, 0x00,
    0x0A, 0x48, 0x01, 0x00, 0x0B, 0x7E, 0xA2, 0x00, 0x08, 0x01, 0x08, 0xBC, 0x02, 0x00, 0x0E, 0xA2,
    0xBD, 0x00, 0x0F, 0xB0, 0xBD, 0x00, 0x10, 0xCE, 0xBD, 0x00, 0x14, 0xD8, 0xBD, 0x00, 0x15, 0x5C,
    0x96, 0x00, 0x16, 0xDE, 0xBD, 0x00, 0x1C, 0xA4, 0x29, 0x00, 0x00, 0x01, 0x01, 0x00, 0x1C, 0x48,
    0x5A, 0x00, 0x03, 0x00, 0x10, 0xBC, 0x02, 0x00, 0x15, 0x52, 0x92, 0x00, 0x1C, 0x52, 0x92, 0x00,
    0x02, 0x00, 0x0B, 0x12, 0xBE, 0x00, 0x1B, 0xA4, 0x29, 0x00, 0x01, 0x00, 0x16, 0x28, 0x11, 0x00,
    0x01, 0x00, 0x1B, 0x2C, 0xA1, 0x00, 0x05, 0x01, 0x03, 0x2A, 0xBE, 0x00, 0x05, 0x30, 0xBE, 0x00,
    0x0B, 0x42, 0x9B, 0x00, 0x11, 0xA4, 0x29, 0x00, 0x1B, 0xA4, 0x29, 0x00, 0x00, 0x01, 0x00, 0x02,
    0x02, 0x03, 0x03, 0x01, 0x02, 0x01, 0x06, 0x4E, 0xBE, 0x00, 0x0F, 0xFA, 0x06, 0x00, 0x00, 0x01,
    0x01, 0x00, 0x05, 0x2C, 0xA1, 0x00, 0x04, 0x00, 0x0A, 0x9C, 0x87, 0x00, 0x0B, 0x60, 0xBE, 0x00,
    0x11, 0xA4, 0x29, 0x00, 0x1B, 0x28, 0x11, 0x00, 0x0A, 0x00, 0x02, 0x96, 0x07, 0x00, 0x06, 0x96,
    0x07, 0x00, 0x07, 0x0C, 0xBE, 0x00, 0x0E, 0x20, 0xBE, 0x00, 0x10, 0x36, 0xBE, 0x00, 0x11, 0x54,
    0xBE, 0x00, 0x14, 0x86, 0xBB, 0x00, 0x15, 0x22, 0xAD, 0x00, 0x16, 0x66, 0xBE, 0x00, 0x18, 0x28,
    0x11, 0x00, 0x03, 0x03, 0x07, 0xE2, 0x9D, 0x00, 0x0E, 0x7C, 0x8F, 0x00, 0x11, 0xBC, 0x02, 0x00,
    0x00, 0x04, 0x01, 0x01, 0x02, 0x02, 0x01, 0x00, 0x17, 0x80, 0x92, 0x00, 0x01, 0x00, 0x07, 0x24,
    0x01, 0x00, 0x02, 0x00, 0x11, 0x28, 0x11, 0x00, 0x19, 0xBC, 0xBE, 0x00, 0x03, 0x00, 0x0B, 0x28,
    0x9A, 0x00, 0x11, 0xB6, 0xBE, 0x00, 0x16, 0xC2, 0xBE, 0x00, 0x01, 0x02, 0x14, 0x8C, 0x87, 0x00,
    0x00, 0x01, 0x02, 0x04, 0x01, 0x00, 0x03, 0x4E, 0x95, 0x00, 0x02, 0x01, 0x0B, 0xE4, 0xBE, 0x00,
    0x11, 0x26, 0x1A, 0x00, 0x01, 0x01, 0x02, 0x00, 0x10, 0x9C, 0x87, 0x00, 0x15, 0x5E, 0xA4, 0x00,
    0x01, 0x00, 0x10, 0xC6, 0x06, 0x00, 0x01, 0x00, 0x07, 0x00, 0xBF, 0x00, 0x00, 0x02, 0x00, 0x03,
    0x01, 0x04, 0x00, 0x02, 0x00, 0x05, 0x01, 0x04, 0x03, 0x00, 0x02, 0x0C, 0xBF, 0x00, 0x09, 0x3A,
    0x8E, 0x00, 0x15, 0x12, 0xBF, 0x00, 0x01, 0x01, 0x0E, 0xBC, 0x02, 0x00, 0x00, 0x03, 0x0D, 0x00,
    0x02, 0x4E, 0x95, 0x00, 0x03, 0xDA, 0xBE, 0x00, 0x05, 0xEA, 0xBE, 0x00, 0x07, 0xF6, 0xBE, 0x00,
    0x0E, 0xBC, 0x02, 0x00, 0x0F, 0x06, 0xBF, 0x00, 0x10, 0x18, 0xBF, 0x00, 0x11, 0x4E, 0x95, 0x00,
    0x14, 0x26, 0xBF, 0x00, 0x15, 0x00, 0xB6, 0x00, 0x17, 0x28, 0x11, 0x00, 0x18, 0x4E, 0x95, 0x00,
    0x1C, 0x1A, 0x0E, 0x00, 0x02, 0x01, 0x06, 0x18, 0x8D, 0x00, 0x15, 0x4E, 0x95, 0x00, 0x03, 0x04,
    0x01, 0x00, 0x06, 0xF6, 0x06, 0x00, 0x01, 0x01, 0x03, 0x70, 0xBF, 0x00, 0x00, 0x01, 0x01, 0x00,
    0x0A, 0x02, 0x9E, 0x00, 0x03, 0x00, 0x04, 0xBC, 0x02, 0x00, 0x09, 0xC6, 0x06, 0x00, 0x15, 0x7E,
    0xBF, 0x00, 0x00, 0x02, 0x00, 0x05, 0x03, 0x05, 0x01, 0x00, 0x10, 0x92, 0xBF, 0x00, 0x01, 0x00,
    0x0B, 0x98, 0xBF, 0x00, 0x02, 0x01, 0x04, 0x9E, 0xBF, 0x00, 0x14, 0x5A, 0x02, 0x00, 0x00, 0x03,
    0x04, 0x01, 0x03, 0x64, 0xBF, 0x00, 0x07, 0x76, 0xBF, 0x00, 0x0B, 0x84, 0xBF, 0x00, 0x11, 0xA4,
    0xBF, 0x00, 0x02, 0x02, 0x01, 0x01, 0x1B, 0x26, 0x1A, 0x00, 0x01, 0x01, 0x02, 0x01, 0x02, 0x26,
    0x1A, 0x00, 0x05, 0x22, 0x0F, 0x00, 0x02, 0x04, 0x01, 0x00, 0x15, 0xE8, 0x8E, 0x00, 0x02, 0x00,
    0x0B, 0xD8, 0xBF, 0x00, 0x16, 0x48, 0x5A, 0x00, 0x01, 0x00, 0x16, 0xDE, 0xBF, 0x00, 0x02, 0x01,
    0x10, 0x0C, 0x07, 0x00, 0x11, 0x26, 0x1A, 0x00, 0x01, 0x01, 0x01, 0x00, 0x12, 0x0C, 0x07, 0x00,
    0x01, 0x00, 0x15, 0xFA, 0xBF, 0x00, 0x02, 0x00, 0x02, 0xD6, 0x07, 0x00, 0x07, 0x00, 0xC0, 0x00,
    0x03, 0x01, 0x0F, 0x7C, 0x88, 0x00, 0x10, 0x26, 0x1A, 0x00, 0x14, 0x06, 0xC0, 0x00, 0x01, 0x01,
    0x04, 0x00, 0x03, 0xCC, 0xBF, 0x00, 0x07, 0xE8, 0xBF, 0x00, 0x0B, 0xEE, 0xBF, 0x00, 0x11, 0x10,
    0xC0, 0x00, 0x00, 0x03, 0x00, 0x03, 0x01, 0x04, 0x02, 0x04, 0x00, 0x03, 0x00, 0x04, 0x01, 0x03,
    0x02, 0x03, 0x00, 0x05, 0x00, 0x02, 0x01, 0x01, 0x02, 0x04, 0x03, 0x03, 0x04, 0x01, 0x01, 0x00,
    0x03, 0x42, 0xC0, 0x00, 0x01, 0x01, 0x1C, 0x4E, 0xC0, 0x00, 0x02, 0x03, 0x03, 0x01, 0x03, 0x3A,
    0xC0, 0x00, 0x06, 0x80, 0xB3, 0x00, 0x0B, 0x54, 0xC0, 0x00, 0x03, 0x02, 0x01, 0x00, 0x17, 0x8C,
    0x87, 0x00, 0x02, 0x00, 0x0B, 0x42, 0x9B, 0x00, 0x11, 0x6C, 0xC0, 0x00, 0x0A, 0x01, 0x02, 0x1A,
    0x0E, 0x00, 0x04, 0x8C, 0x87, 0x00, 0x07, 0x4E, 0x95, 0x00, 0x09, 0x32, 0xC0, 0x00, 0x0B, 0x62,
    0x96, 0x00, 0x10, 0x5C, 0xC0, 0x00, 0x11, 0x4E, 0x95, 0x00, 0x14, 0x72, 0xC0, 0x00, 0x15, 0x5E,
    0xA4, 0x00, 0x18, 0x24, 0x01, 0x00, 0x00, 0x01, 0x01, 0x01, 0x02, 0xA6, 0x87, 0x00, 0x01, 0x05,
    0x01, 0x00, 0x14, 0xA8, 0xC0, 0x00, 0x04, 0x00, 0x02, 0x4E, 0x95, 0x00, 0x07, 0xB0, 0xC0, 0x00,
    0x0B, 0x40, 0xA6, 0x00, 0x1B, 0xA4, 0x29, 0x00, 0x01, 0x00, 0x0A, 0xB6, 0xC0, 0x00, 0x05, 0x00,
    0x06, 0x36, 0xBD, 0x00, 0x0B, 0x26, 0x1A, 0x00, 0x10, 0x3A, 0x01, 0x00, 0x12, 0xC8, 0xC0, 0x00,
    0x1B, 0xA4, 0x29, 0x00, 0x01, 0x00, 0x15, 0x40, 0xA9, 0x00, 0x02, 0x00, 0x10, 0xBC, 0x02, 0x00,
    0x15, 0xE4, 0xC0, 0x00, 0x01, 0x00, 0x18, 0x06, 0x03, 0x00, 0x02, 0x00, 0x07, 0xF4, 0xC0, 0x00,
    0x16, 0xA4, 0x29, 0x00, 0x01, 0x00, 0x08, 0x48, 0x5A, 0x00, 0x05, 0x01, 0x03, 0xCE, 0xC0, 0x00,
    0x07, 0xEA, 0xC0, 0x00, 0x0B, 0xFA, 0xC0, 0x00, 0x11, 0x26, 0x1A, 0x00, 0x17, 0x04, 0xC1, 0x00,
    0x00, 0x01, 0x01, 0x01, 0x16, 0xBC, 0x96, 0x00, 0x02, 0x02, 0x01, 0x00, 0x0A, 0x5A, 0x02, 0x00,
    0x01, 0x00, 0x06, 0x1A, 0x0E, 0x00, 0x01, 0x01, 0x14, 0x30, 0xC1, 0x00, 0x02, 0x04, 0x01, 0x00,
    0x16, 0x92, 0xBF, 0x00, 0x01, 0x00, 0x10, 0xF6, 0x06, 0x00, 0x01, 0x02, 0x03, 0x44, 0xC1, 0x00,
    0x00, 0x04, 0x02, 0x04, 0x06, 0x00, 0x03, 0x36, 0xC1, 0x00, 0x07, 0x96, 0x07, 0x00, 0x0B, 0x3E,
    0xC1, 0x00, 0x10, 0x1A, 0x0E, 0x00, 0x15, 0x1A, 0x0E, 0x00, 0x16, 0x4A, 0xC1, 0x00, 0x00, 0x03,
    0x00, 0x02, 0x01, 0x05, 0x02, 0x03, 0x02, 0x01, 0x10, 0x6E, 0xC1, 0x00, 0x14, 0xD4, 0x95, 0x00,
    0x00, 0x01, 0x12, 0x00, 0x03, 0xE8, 0xBD, 0x00, 0x04, 0xC6, 0x06, 0x00, 0x06, 0x28, 0x11, 0x00,
    0x07, 0x78, 0xBE, 0x00, 0x09, 0xA2, 0xBE, 0x00, 0x0A, 0xCC, 0xBE, 0x00, 0x0B, 0x2E, 0xBF, 0x00,
    0x0E, 0xB0, 0xBF, 0x00, 0x0F, 0xC4, 0xBF, 0x00, 0x10, 0x20, 0xC0, 0x00, 0x11, 0x7C, 0xC0, 0x00,
    0x12, 0xC6, 0x06, 0x00, 0x14, 0x0A, 0xC1, 0x00, 0x15, 0x22, 0xC1, 0x00, 0x16, 0x2A, 0xC1, 0x00,
    0x17, 0x54, 0xC1, 0x00, 0x19, 0xC6, 0x06, 0x00, 0x1B, 0x76, 0xC1, 0x00, 0x01, 0x00, 0x0E, 0x9E,
    0xAA, 0x00, 0x02, 0x00, 0x0F, 0xBC, 0x02, 0x00, 0x16, 0xBC, 0x02, 0x00, 0x01, 0x00, 0x15, 0x6C,
    0x01, 0x00, 0x01, 0x00, 0x14, 0xDC, 0xC1, 0x00, 0x01, 0x01, 0x0F, 0x48, 0x01, 0x00, 0x02, 0x03,
    0x01, 0x00, 0x03, 0xE8, 0xC1, 0x00, 0x02, 0x00, 0x0B, 0xBC, 0x02, 0x00, 0x1B, 0xBC, 0x02, 0x00,
    0x02, 0x01, 0x07, 0x20, 0x89, 0x00, 0x11, 0x9C, 0x87, 0x00, 0x03, 0x04, 0x00, 0x02, 0x01, 0x05,
    0x02, 0x05, 0x01, 0x00, 0x1C, 0x0C, 0xC2, 0x00, 0x06, 0x00, 0x05, 0xF6, 0xC1, 0x00, 0x06, 0x5E,
    0xA4, 0x00, 0x09, 0x00, 0xC2, 0x00, 0x0B, 0x12, 0xC2, 0x00, 0x0D, 0xBC, 0x02, 0x00, 0x16, 0xCE,
    0x87, 0x00, 0x00, 0x03, 0x02, 0x02, 0x03, 0x03, 0x05, 0x05, 0x01, 0x00, 0x14, 0x32, 0xC2, 0x00,
    0x01, 0x00, 0x14, 0x3A, 0xC2, 0x00, 0x03, 0x00, 0x03, 0x40, 0xC2, 0x00, 0x0E, 0x5A, 0x02, 0x00,
    0x16, 0x8C, 0x87, 0x00, 0x02, 0x00, 0x10, 0xFA, 0x06, 0x00, 0x15, 0x52, 0x92, 0x00, 0x01, 0x00,
    0x07, 0xAC, 0x8E, 0x00, 0x05, 0x00, 0x03, 0x54, 0xC2, 0x00, 0x06, 0xB6, 0xAE, 0x00, 0x0E, 0xCE,
    0x87, 0x00, 0x12, 0x5E, 0xC2, 0x00, 0x16, 0x52, 0x9D, 0x00, 0x01, 0x00, 0x0A, 0x06, 0x03, 0x00,
    0x01, 0x00, 0x05, 0x7A, 0xC2, 0x00, 0x01, 0x01, 0x03, 0x5A, 0x02, 0x00, 0x00, 0x05, 0x0E, 0x00,
    0x04, 0xCC, 0xC1, 0x00, 0x05, 0x68, 0x87, 0x00, 0x07, 0xD2, 0xC1, 0x00, 0x09, 0xFA, 0x92, 0x00,
    0x0B, 0xE2, 0xC1, 0x00, 0x0E, 0xF0, 0xC1, 0x00, 0x0F, 0x28, 0x11, 0x00, 0x10, 0x18, 0xC2, 0x00,
    0x12, 0x46, 0xC2, 0x00, 0x14, 0x64, 0xC2, 0x00, 0x15, 0x54, 0x98, 0x00, 0x16, 0x80, 0xC2, 0x00,
    0x17, 0x22, 0x88, 0x00, 0x1C, 0x86, 0xC2, 0x00, 0x02, 0x00, 0x06, 0xE6, 0x08, 0x00, 0x14, 0x1A,
    0x0E, 0x00, 0x02, 0x00, 0x10, 0x28, 0x11, 0x00, 0x16, 0x44, 0x92, 0x00, 0x01, 0x00, 0x03, 0xD2,
    0xC2, 0x00, 0x01, 0x01, 0x11, 0x64, 0x92, 0x00, 0x01, 0x04, 0x02, 0x00, 0x0B, 0x56, 0xA7, 0x00,
    0x1B, 0xBC, 0x02, 0x00, 0x03, 0x00, 0x0B, 0x56, 0x3F, 0x00, 0x0E, 0xEA, 0xC2, 0x00, 0x11, 0x44,
    0x92, 0x00, 0x01, 0x01, 0x16, 0x8C, 0x87, 0x00, 0x04, 0x04, 0x01, 0x01, 0x03, 0x02, 0xC3, 0x00,
    0x02, 0x02, 0x01, 0x01, 0x12, 0x48, 0x01, 0x00, 0x01, 0x04, 0x06, 0x00, 0x03, 0x12, 0xC3, 0x00,
    0x04, 0xFA, 0x88, 0x00, 0x07, 0x12, 0x8D, 0x00, 0x10, 0xC6, 0x06, 0x00, 0x11, 0xFA, 0x92, 0x00,
    0x1B, 0xC6, 0x06, 0x00, 0x01, 0x01, 0x12, 0x46, 0xA4, 0x00, 0x01, 0x01, 0x01, 0x01, 0x07, 0xA6,
    0x8F, 0x00, 0x02, 0x04, 0x01, 0x00, 0x03, 0xD0, 0x01, 0x00, 0x0D, 0x00, 0x03, 0xC8, 0xC2, 0x00,
    0x05, 0xDC, 0xC2, 0x00, 0x06, 0xE2, 0xC2, 0x00, 0x0E, 0xF4, 0xC2, 0x00, 0x0F, 0x32, 0xAC, 0x00,
    0x10, 0x0A, 0xC3, 0x00, 0x11, 0x34, 0x8C, 0x00, 0x12, 0x8C, 0x87, 0x00, 0x14, 0x1A, 0xC3, 0x00,
    0x15, 0x34, 0xC3, 0x00, 0x16, 0x3C, 0xC3, 0x00, 0x17, 0xBC, 0x02, 0x00, 0x1A, 0x44, 0xC3, 0x00,
    0x01, 0x00, 0x0A, 0x9C, 0x87, 0x00, 0x00, 0x02, 0x01, 0x04, 0x03, 0x02, 0x01, 0x00, 0x14, 0x1A,
    0x90, 0x00, 0x01, 0x00, 0x07, 0x8C, 0xC3, 0x00, 0x01, 0x00, 0x10, 0x60, 0x88, 0x00, 0x00, 0x04,
    0x01, 0x03, 0x02, 0x05, 0x05, 0x01, 0x06, 0x04, 0x01, 0x00, 0x03, 0x9E, 0xC3, 0x00, 0x01, 0x00,
    0x0E, 0xA8, 0xC3, 0x00, 0x01, 0x01, 0x07, 0xAE, 0xC3, 0x00, 0x02, 0x04, 0x04, 0x00, 0x0E, 0xBC,
    0x02, 0x00, 0x11, 0xFA, 0x06, 0x00, 0x12, 0xBC, 0x02, 0x00, 0x14, 0xBC, 0x02, 0x00, 0x02, 0x00,
    0x07, 0x46, 0xAA, 0x00, 0x15, 0xBC, 0x02, 0x00, 0x01, 0x00, 0x06, 0x48, 0x01, 0x00, 0x01, 0x00,
    0x0B, 0xD8, 0xC3, 0x00, 0x01, 0x00, 0x15, 0xDE, 0xC3, 0x00, 0x02, 0x00, 0x07, 0xE4, 0xC3, 0x00,
    0x0A, 0x34, 0x89, 0x00, 0x0C, 0x00, 0x03, 0xAE, 0x93, 0x00, 0x05, 0x24, 0x97, 0x00, 0x09, 0x80,
    0xC3, 0x00, 0x0E, 0x86, 0xC3, 0x00, 0x0F, 0x92, 0xC3, 0x00, 0x10, 0x5C, 0xB7, 0x00, 0x11, 0x98,
    0xC3, 0x00, 0x12, 0xB4, 0xC3, 0x00, 0x14, 0xBC, 0xC3, 0x00, 0x15, 0xCE, 0xC3, 0x00, 0x16, 0xEA,
    0xC3, 0x00, 0x18, 0xA0, 0x06, 0x00, 0x01, 0x01, 0x14, 0x0A, 0x8C, 0x00, 0x01, 0x02, 0x02, 0x03,
    0x03, 0x22, 0x88, 0x00, 0x11, 0x26, 0xC4, 0x00, 0x00, 0x04, 0x01, 0x01, 0x02, 0x04, 0x01, 0x02,
    0x07, 0x10, 0x8F, 0x00, 0x00, 0x04, 0x01, 0x01, 0x01, 0x00, 0x1C, 0x48, 0x01, 0x00, 0x01, 0x00,
    0x17, 0x48, 0xC4, 0x00, 0x01, 0x02, 0x03, 0x4E, 0xC4, 0x00, 0x00, 0x02, 0x01, 0x01, 0x01, 0x00,
    0x1C, 0x44, 0x92, 0x00, 0x02, 0x00, 0x0B, 0x5E, 0xC4, 0x00, 0x15, 0x44, 0x92, 0x00, 0x01, 0x01,
    0x07, 0x48, 0x5A, 0x00, 0x02, 0x04, 0x00, 0x02, 0x00, 0x03, 0x03, 0x04, 0x02, 0x00, 0x03, 0x34,
    0x8C, 0x00, 0x07, 0x76, 0xC4, 0x00, 0x02, 0x00, 0x03, 0x28, 0x11, 0x00, 0x07, 0x48, 0x01, 0x00,
    0x02, 0x00, 0x03, 0xBC, 0x02, 0x00, 0x1B, 0x52, 0x92, 0x00, 0x02, 0x00, 0x06, 0x1A, 0x0E, 0x00,
    0x10, 0x48, 0x5A, 0x00, 0x01, 0x00, 0x02, 0x7E, 0x9D, 0x00, 0x02, 0x00, 0x05, 0xA4, 0xC4, 0x00,
    0x15, 0x52, 0x92, 0x00, 0x04, 0x00, 0x03, 0x90, 0x87, 0x00, 0x0B, 0xAA, 0xC4, 0x00, 0x16, 0xAA,
    0x8D, 0x00, 0x17, 0x52, 0x92, 0x00, 0x01, 0x01, 0x10, 0x52, 0x92, 0x00, 0x03, 0x04, 0x02, 0x00,
    0x07, 0xC6, 0xC4, 0x00, 0x12, 0x24, 0x01, 0x00, 0x01, 0x01, 0x07, 0x74, 0x22, 0x00, 0x00, 0x01,
    0x01, 0x00, 0x15, 0xD8, 0xC4, 0x00, 0x01, 0x00, 0x07, 0x92, 0xA2, 0x00, 0x0A, 0x00, 0x06, 0x64,
    0xC4, 0x00, 0x09, 0x6E, 0xC4, 0x00, 0x0E, 0x7C, 0xC4, 0x00, 0x0F, 0x86, 0xC4, 0x00, 0x10, 0x90,
    0xC4, 0x00, 0x11, 0x9A, 0xC4, 0x00, 0x14, 0xB4, 0xC4, 0x00, 0x15, 0xCE, 0xC4, 0x00, 0x17, 0xE0,
    0xC4, 0x00, 0x18, 0xE6, 0xC4, 0x00, 0x02, 0x00, 0x10, 0x1C, 0xAC, 0x00, 0x12, 0xB0, 0x8D, 0x00,
    0x02, 0x02, 0x07, 0x96, 0x8A, 0x00, 0x11, 0x16, 0xC5, 0x00, 0x00, 0x04, 0x02, 0x04, 0x01, 0x03,
    0x0A, 0x26, 0x1A, 0x00, 0x00, 0x04, 0x01, 0x01, 0x02, 0x02, 0x01, 0x00, 0x14, 0x26, 0x1A, 0x00,
    0x01, 0x00, 0x17, 0xD6, 0x07, 0x00, 0x03, 0x00, 0x10, 0xD4, 0x06, 0x00, 0x11, 0x40, 0xC5, 0x00,
    0x15, 0x52, 0x92, 0x00, 0x03, 0x00, 0x03, 0x3A, 0xC5, 0x00, 0x07, 0x46, 0xC5, 0x00, 0x1B, 0x26,
    0x1A, 0x00, 0x02, 0x00, 0x0D, 0x3A, 0x8E, 0x00, 0x16, 0xBC, 0x02, 0x00, 0x00, 0x02, 0x03, 0x03,
    0x04, 0x04, 0x01, 0x00, 0x16, 0x6C, 0xC5, 0x00, 0x05, 0x00, 0x09, 0x28, 0x11, 0x00, 0x0F, 0x6E,
    0x93, 0x00, 0x10, 0x62, 0xC5, 0x00, 0x15, 0x72, 0xC5, 0x00, 0x16, 0x28, 0x11, 0x00, 0x01, 0x00,
    0x14, 0x52, 0xAF, 0x00, 0x01, 0x01, 0x03, 0x8E, 0xC5, 0x00, 0x01, 0x01, 0x01, 0x00, 0x03, 0x6C,
    0x01, 0x00, 0x01, 0x00, 0x0A, 0x9C, 0xC5, 0x00, 0x01, 0x00, 0x16, 0xA2, 0xC5, 0x00, 0x03, 0x00,
    0x07, 0xFA, 0x06, 0x00, 0x0A, 0xFA, 0x06, 0x00, 0x11, 0xA8, 0xC5, 0x00, 0x02, 0x00, 0x12, 0xAE,
    0xC5, 0x00, 0x15, 0xA0, 0x06, 0x00, 0x12, 0x00, 0x03, 0x8E, 0xC2, 0x00, 0x04, 0xF6, 0x06, 0x00,
    0x07, 0x4A, 0xC3, 0x00, 0x08, 0xF6, 0x06, 0x00, 0x0A, 0xF6, 0x06, 0x00, 0x0B, 0xF4, 0xC3, 0x00,
    0x0D, 0xA4, 0x29, 0x00, 0x0E, 0x2E, 0xC4, 0x00, 0x0F, 0x3E, 0xC4, 0x00, 0x10, 0x54, 0xC4, 0x00,
    0x11, 0xEC, 0xC4, 0x00, 0x12, 0xF6, 0x64, 0x00, 0x14, 0x20, 0xC5, 0x00, 0x15, 0x2E, 0xC5, 0x00,
    0x16, 0x54, 0xC5, 0x00, 0x17, 0x78, 0xC5, 0x00, 0x19, 0x94, 0xC5, 0x00, 0x1B, 0xBC, 0xC5, 0x00,
    0x01, 0x01, 0x07, 0x40, 0x8E, 0x00, 0x03, 0x04, 0x03, 0x01, 0x05, 0xA4, 0x29, 0x00, 0x0B, 0x5A,
    0x02, 0x00, 0x16, 0x02, 0xA2, 0x00, 0x01, 0x02, 0x01, 0x00, 0x18, 0x26, 0x1A, 0x00, 0x01, 0x00,
    0x05, 0x28, 0x11, 0x00, 0x01, 0x00, 0x0B, 0x2E, 0xC6, 0x00, 0x03, 0x00, 0x0B, 0x28, 0xC6, 0x00,
    0x14, 0x34, 0xC6, 0x00, 0x17, 0x26, 0x1A, 0x00, 0x06, 0x02, 0x0E, 0x0C, 0x07, 0x00, 0x0F, 0x10,
    0xC6, 0x00, 0x10, 0x18, 0xC6, 0x00, 0x12, 0x14, 0x99, 0x00, 0x15, 0x5C, 0x96, 0x00, 0x16, 0x3A,
    0xC6, 0x00, 0x00, 0x02, 0x01, 0x01, 0x02, 0x00, 0x03, 0xFA, 0x06, 0x00, 0x16, 0x52, 0x92, 0x00,
    0x01, 0x01, 0x14, 0x66, 0xC6, 0x00, 0x03, 0x04, 0x02, 0x00, 0x02, 0x52, 0x92, 0x00, 0x07, 0x52,
    0x92, 0x00, 0x03, 0x00, 0x03, 0x52, 0x92, 0x00, 0x10, 0xFA, 0x06, 0x00, 0x16, 0x78, 0xC6, 0x00,
    0x01, 0x01, 0x0B, 0xFA, 0x06, 0x00, 0x01, 0x01, 0x01, 0x01, 0x0B, 0xCC, 0xA8, 0x00, 0x01, 0x01,
    0x06, 0x00, 0x07, 0x70, 0xC6, 0x00, 0x0B, 0x82, 0xC6, 0x00, 0x0E, 0x90, 0xC6, 0x00, 0x11, 0x44,
    0x92, 0x00, 0x14, 0x98, 0xC6, 0x00, 0x17, 0xC4, 0xB7, 0x00, 0x02, 0x01, 0x02, 0x26, 0x1A, 0x00,
    0x03, 0x26, 0x1A, 0x00, 0x00, 0x04, 0x05, 0x00, 0x0F, 0xA4, 0x29, 0x00, 0x12, 0x4E, 0x95, 0x00,
    0x14, 0xBA, 0xC6, 0x00, 0x15, 0x9C, 0x87, 0x00, 0x1B, 0x26, 0x1A, 0x00, 0x01, 0x00, 0x17, 0x48,
    0x5A, 0x00, 0x01, 0x00, 0x11, 0xA4, 0x29, 0x00, 0x01, 0x01, 0x03, 0xFA, 0x06, 0x00, 0x01, 0x02,
    0x03, 0x01, 0x06, 0x44, 0x92, 0x00, 0x10, 0xD4, 0x95, 0x00, 0x12, 0xE8, 0xC6, 0x00, 0x00, 0x02,
    0x01, 0x00, 0x05, 0xCC, 0xA8, 0x00, 0x02, 0x02, 0x03, 0x4E, 0x95, 0x00, 0x1B, 0x26, 0x1A, 0x00,
    0x00, 0x04, 0x01, 0x01, 0x01, 0x01, 0x03, 0x90, 0xAE, 0x00, 0x04, 0x02, 0x02, 0x00, 0x07, 0x28,
    0x11, 0x00, 0x17, 0x14, 0xC7, 0x00, 0x04, 0x00, 0x0E, 0x80, 0x93, 0x00, 0x0F, 0x28, 0x11, 0x00,
    0x11, 0x52, 0x92, 0x00, 0x14, 0xC6, 0x06, 0x00, 0x0A, 0x00, 0x03, 0xC6, 0xC6, 0x00, 0x05, 0xDC,
    0xC6, 0x00, 0x07, 0xE2, 0xC6, 0x00, 0x0A, 0xA4, 0x29, 0x00, 0x0B, 0xF0, 0xC6, 0x00, 0x0E, 0x86,
    0xBB, 0x00, 0x11, 0x00, 0xC7, 0x00, 0x14, 0x06, 0xC7, 0x00, 0x16, 0x1C, 0xC7, 0x00, 0x17, 0x26,
    0xC7, 0x00, 0x02, 0x00, 0x0B, 0x26, 0x1A, 0x00, 0x10, 0x86, 0x95, 0x00, 0x02, 0x00, 0x03, 0x46,
    0xAA, 0x00, 0x15, 0xBC, 0x02, 0x00, 0x02, 0x00, 0x10, 0x52, 0x92, 0x00, 0x14, 0xBC, 0x02, 0x00,
    0x02, 0x01, 0x15, 0x28, 0x11, 0x00, 0x17, 0x8C, 0x87, 0x00, 0x02, 0x03, 0x05, 0x01, 0x03, 0x76,
    0xC7, 0x00, 0x07, 0x44, 0x92, 0x00, 0x11, 0x80, 0xC7, 0x00, 0x16, 0xD4, 0x06, 0x00, 0x17, 0x52,
    0x92, 0x00, 0x01, 0x02, 0x02, 0x00, 0x0F, 0x26, 0x1A, 0x00, 0x19, 0xFA, 0x06, 0x00, 0x01, 0x01,
    0x11, 0x52, 0x92, 0x00, 0x01, 0x02, 0x08, 0x01, 0x03, 0x62, 0xC7, 0x00, 0x06, 0x52, 0x92, 0x00,
    0x07, 0x6C, 0xC7, 0x00, 0x0B, 0x8C, 0xC7, 0x00, 0x0E, 0x9E, 0xAD, 0x00, 0x11, 0xA4, 0xC7, 0x00,
    0x14, 0x26, 0x1A, 0x00, 0x17, 0xAE, 0xC7, 0x00, 0x00, 0x02, 0x00, 0x02, 0x00, 0x05, 0x02, 0x05,
    0x01, 0x00, 0x03, 0xDA, 0xC7, 0x00, 0x04, 0x00, 0x03, 0x28, 0x0E, 0x00, 0x07, 0xBC, 0x02, 0x00,
    0x10, 0x44, 0x92, 0x00, 0x16, 0x44, 0x96, 0x00, 0x02, 0x00, 0x05, 0xC6, 0x06, 0x00, 0x16, 0xF6,
    0x06, 0x00, 0x07, 0x02, 0x06, 0xCE, 0x87, 0x00, 0x09, 0xE0, 0xC7, 0x00, 0x0E, 0xD8, 0xC3, 0x00,
    0x10, 0xE6, 0xC7, 0x00, 0x14, 0xAE, 0x10, 0x00, 0x15, 0xF8, 0xC7, 0x00, 0x16, 0xC6, 0x06, 0x00,
    0x00, 0x02, 0x02, 0x04, 0x01, 0x00, 0x16, 0x6C, 0x01, 0x00, 0x01, 0x00, 0x07, 0x24, 0xC8, 0x00,
    0x01, 0x00, 0x05, 0x2A, 0xC8, 0x00, 0x01, 0x00, 0x14, 0xF6, 0x97, 0x00, 0x02, 0x00, 0x07, 0xF4,
    0x8B, 0x00, 0x14, 0x28, 0x11, 0x00, 0x02, 0x00, 0x05, 0x40, 0xA9, 0x00, 0x07, 0xC6, 0x06, 0x00,
    0x07, 0x00, 0x02, 0xA4, 0x29, 0x00, 0x03, 0x30, 0xC8, 0x00, 0x07, 0x36, 0xC8, 0x00, 0x08, 0x3C,
    0xC8, 0x00, 0x0B, 0x46, 0xC8, 0x00, 0x0E, 0xC6, 0x06, 0x00, 0x16, 0xA4, 0x29, 0x00, 0x01, 0x00,
    0x04, 0x8C, 0x87, 0x00, 0x01, 0x00, 0x14, 0x80, 0x93, 0x00, 0x01, 0x00, 0x16, 0xF6, 0x89, 0x00,
    0x04, 0x01, 0x04, 0xC6, 0x06, 0x00, 0x0E, 0xFA, 0x06, 0x00, 0x10, 0xFA, 0x06, 0x00, 0x16, 0xFA,
    0x06, 0x00, 0x00, 0x04, 0x00, 0x02, 0x01, 0x04, 0x02, 0x04, 0x01, 0x00, 0x14, 0x06, 0x03, 0x00,
    0x01, 0x01, 0x07, 0x9A, 0xC8, 0x00, 0x03, 0x04, 0x01, 0x00, 0x16, 0xA0, 0xC8, 0x00, 0x01, 0x00,
    0x0B, 0xA8, 0xC8, 0x00, 0x02, 0x01, 0x14, 0xFA, 0x06, 0x00, 0x16, 0x52, 0x92, 0x00, 0x01, 0x02,
    0x02, 0x00, 0x0B, 0x8C, 0x87, 0x00, 0x14, 0xD4, 0x06, 0x00, 0x09, 0x01, 0x03, 0x6E, 0xC8, 0x00,
    0x07, 0x74, 0xC8, 0x00, 0x0A, 0x7A, 0xC8, 0x00, 0x0B, 0x80, 0xC8, 0x00, 0x0E, 0x94, 0xC8, 0x00,
    0x10, 0xAE, 0xC8, 0x00, 0x11, 0xB4, 0xC8, 0x00, 0x14, 0xBC, 0x96, 0x00, 0x17, 0xC0, 0xC8, 0x00,
    0x00, 0x02, 0x00, 0x03, 0x00, 0x04, 0x01, 0x05, 0x02, 0x04, 0x01, 0x01, 0x0D, 0x26, 0x1A, 0x00,
    0x01, 0x03, 0x04, 0x01, 0x04, 0x56, 0x3F, 0x00, 0x06, 0xC8, 0xAF, 0x00, 0x0F, 0xCC, 0xA8, 0x00,
    0x14, 0x5A, 0x88, 0x00, 0x01, 0x01, 0x03, 0x00, 0x09, 0xC6, 0x06, 0x00, 0x14, 0xD4, 0x06, 0x00,
    0x18, 0x48, 0x5A, 0x00, 0x06, 0x01, 0x03, 0xFA, 0x06, 0x00, 0x04, 0xA0, 0x06, 0x00, 0x11, 0xFA,
    0x06, 0x00, 0x15, 0x2A, 0xBE, 0x00, 0x16, 0x96, 0x07, 0x00, 0x1C, 0xA0, 0x06, 0x00, 0x02, 0x01,
    0x01, 0x00, 0x03, 0x6E, 0xC8, 0x00, 0x01, 0x00, 0x13, 0xFA, 0x06, 0x00, 0x0A, 0x00, 0x03, 0x02,
    0xC9, 0x00, 0x07, 0x16, 0xC9, 0x00, 0x08, 0x52, 0x92, 0x00, 0x0B, 0x24, 0xC9, 0x00, 0x0E, 0x40,
    0xC9, 0x00, 0x10, 0xA4, 0x29, 0x00, 0x11, 0x46, 0xC9, 0x00, 0x16, 0x8E, 0x9C, 0x00, 0x17, 0x4A,
    0x9E, 0x00, 0x18, 0xFA, 0x06, 0x00, 0x01, 0x01, 0x07, 0xFA, 0x06, 0x00, 0x01, 0x04, 0x01, 0x00,
    0x1B, 0x8C, 0x87, 0x00, 0x02, 0x00, 0x09, 0x76, 0xC9, 0x00, 0x14, 0x7E, 0xC9, 0x00, 0x01, 0x00,
    0x03, 0xEC, 0x87, 0x00, 0x01, 0x00, 0x16, 0x8E, 0xC9, 0x00, 0x02, 0x00, 0x10, 0x94, 0xC9, 0x00,
    0x16, 0xA4, 0x29, 0x00, 0x04, 0x01, 0x06, 0xD4, 0x95, 0x00, 0x0E, 0x3A, 0x8E, 0x00, 0x10, 0x7E,
    0x99, 0x00, 0x16, 0xA4, 0x29, 0x00, 0x02, 0x01, 0x01, 0x00, 0x03, 0x46, 0xA9, 0x00, 0x01, 0x00,
    0x06, 0xB8, 0xC9, 0x00, 0x01, 0x00, 0x07, 0xBE, 0xC9, 0x00, 0x01, 0x01, 0x0E, 0x80, 0x93, 0x00,
    0x01, 0x02, 0x07, 0x00, 0x03, 0x84, 0xC9, 0x00, 0x07, 0x9A, 0xC9, 0x00, 0x0B, 0xA4, 0xC9, 0x00,
    0x10, 0xF2, 0x96, 0x00, 0x11, 0x00, 0xBF, 0x00, 0x12, 0xC4, 0xC9, 0x00, 0x17, 0xCA, 0xC9, 0x00,
    0x02, 0x00, 0x17, 0x1C, 0x26, 0x00, 0x18, 0xA4, 0x29, 0x00, 0x02, 0x00, 0x0E, 0x1A, 0x90, 0x00,
    0x14, 0xFA, 0x06, 0x00, 0x01, 0x00, 0x07, 0xFA, 0xC9, 0x00, 0x01, 0x00, 0x10, 0xA8, 0x92, 0x00,
    0x01, 0x00, 0x0B, 0x0A, 0xCA, 0x00, 0x01, 0x01, 0x0E, 0x10, 0xCA, 0x00, 0x00, 0x04, 0x01, 0x00,
    0x03, 0x06, 0x8A, 0x00, 0x03, 0x01, 0x07, 0xC6, 0x06, 0x00, 0x14, 0x1E, 0xCA, 0x00, 0x15, 0x2A,
    0x99, 0x00, 0x00, 0x02, 0x00, 0x02, 0x05, 0x01, 0x06, 0x02, 0x01, 0x00, 0x15, 0x34, 0xCA, 0x00,
    0x01, 0x00, 0x03, 0x3A, 0xCA, 0x00, 0x01, 0x00, 0x14, 0x40, 0xCA, 0x00, 0x01, 0x01, 0x10, 0x52,
    0x92, 0x00, 0x00, 0x04, 0x06, 0x00, 0x03, 0xA4, 0x29, 0x00, 0x07, 0x4C, 0xCA, 0x00, 0x0B, 0xA4,
    0x29, 0x00, 0x0E, 0x10, 0xCA, 0x00, 0x11, 0xA4, 0x29, 0x00, 0x17, 0xA4, 0x29, 0x00, 0x01, 0x00,
    0x1B, 0x34, 0x95, 0x00, 0x02, 0x00, 0x02, 0x44, 0x92, 0x00, 0x0E, 0x6E, 0xCA, 0x00, 0x01, 0x00,
    0x11, 0x4E, 0x95, 0x00, 0x03, 0x00, 0x07, 0x74, 0xCA, 0x00, 0x0B, 0x7E, 0xCA, 0x00, 0x1B, 0xFA,
    0x06, 0x00, 0x05, 0x01, 0x02, 0x44, 0x92, 0x00, 0x03, 0x26, 0x1A, 0x00, 0x11, 0xFA, 0x06, 0x00,
    0x15, 0xD4, 0x06, 0x00, 0x16, 0x84, 0xCA, 0x00, 0x00, 0x02, 0x03, 0x02, 0x05, 0xBA, 0xB4, 0x00,
    0x15, 0xBC, 0x02, 0x00, 0x16, 0x26, 0x1A, 0x00, 0x00, 0x02, 0x01, 0x01, 0x01, 0x00, 0x03, 0xA6,
    0x87, 0x00, 0x01, 0x00, 0x14, 0xBC, 0xCA, 0x00, 0x02, 0x01, 0x07, 0xFA, 0x06, 0x00, 0x17, 0xC2,
    0xCA, 0x00, 0x00, 0x02, 0x00, 0x02, 0x00, 0x02, 0x02, 0x04, 0x02, 0x00, 0x02, 0x96, 0x07, 0x00,
    0x0A, 0xD4, 0xCA, 0x00, 0x01, 0x01, 0x15, 0x44, 0x92, 0x00, 0x02, 0x01, 0x10, 0x00, 0x02, 0x96,
    0x07, 0x00, 0x03, 0xF0, 0xC9, 0x00, 0x05, 0x04, 0xCA, 0x00, 0x06, 0x16, 0xCA, 0x00, 0x07, 0x24,
    0xCA, 0x00, 0x08, 0x46, 0xCA, 0x00, 0x09, 0x54, 0xCA, 0x00, 0x0B, 0x92, 0xCA, 0x00, 0x0D, 0xA4,
    0x29, 0x00, 0x0E, 0xA4, 0x29, 0x00, 0x10, 0x96, 0x07, 0x00, 0x11, 0xAA, 0xCA, 0x00, 0x15, 0xC8,
    0xCA, 0x00, 0x16, 0xDA, 0xCA, 0x00, 0x17, 0xE4, 0xCA, 0x00, 0x1B, 0xA4, 0x29, 0x00, 0x02, 0x00,
    0x07, 0x48, 0x5A, 0x00, 0x14, 0xA0, 0x06, 0x00, 0x01, 0x00, 0x14, 0x8C, 0x8C, 0x00, 0x03, 0x00,
    0x03, 0x86, 0x87, 0x00, 0x07, 0x38, 0xCB, 0x00, 0x0B, 0x5A, 0x02, 0x00, 0x03, 0x00, 0x0A, 0x52,
    0x92, 0x00, 0x0B, 0x44, 0x92, 0x00, 0x11, 0x28, 0x11, 0x00, 0x0A, 0x01, 0x02, 0xA4, 0x29, 0x00,
    0x09, 0x2E, 0xCB, 0x00, 0x0E, 0xF6, 0x06, 0x00, 0x0F, 0x28, 0x11, 0x00, 0x10, 0x3E, 0xCB, 0x00,
    0x12, 0x1C, 0x9A, 0x00, 0x14, 0x0A, 0x8C, 0x00, 0x15, 0x26, 0x1A, 0x00, 0x16, 0x4C, 0xCB, 0x00,
    0x17, 0x3A, 0xC5, 0x00, 0x00, 0x02, 0x01, 0x00, 0x15, 0xD6, 0x8F, 0x00, 0x01, 0x00, 0x03, 0x86,
    0xCB, 0x00, 0x01, 0x00, 0x14, 0x8C, 0xCB, 0x00, 0x01, 0x01, 0x05, 0x28, 0x11, 0x00, 0x02, 0x03,
    0x01, 0x00, 0x07, 0x10, 0xB8, 0x00, 0x05, 0x01, 0x07, 0xBC, 0x02, 0x00, 0x0A, 0x92, 0xCB, 0x00,
    0x0B, 0x98, 0xCB, 0x00, 0x14, 0xA0, 0xCB, 0x00, 0x17, 0xB6, 0x92, 0x00, 0x00, 0x02, 0x00, 0x02,
    0x02, 0x03, 0x04, 0x03, 0x02, 0x00, 0x06, 0xFA, 0x06, 0x00, 0x16, 0xBE, 0xCB, 0x00, 0x03, 0x00,
    0x03, 0xC6, 0x06, 0x00, 0x07, 0x6A, 0xA9, 0x00, 0x0B, 0xC4, 0xCB, 0x00, 0x01, 0x00, 0x17, 0xCE,
    0xCB, 0x00, 0x02, 0x01, 0x04, 0xBC, 0x02, 0x00, 0x05, 0x26, 0x1A, 0x00, 0x01, 0x01, 0x00, 0x02,
    0x01, 0x04, 0x04, 0x04, 0x04, 0x00, 0x06, 0xCE, 0x87, 0x00, 0x08, 0x26, 0x1A, 0x00, 0x0E, 0xEE,
    0xCB, 0x00, 0x15, 0x26, 0x1A, 0x00, 0x01, 0x00, 0x0B, 0x52, 0x92, 0x00, 0x00, 0x03, 0x00, 0x05,
    0x01, 0x05, 0x02, 0x02, 0x04, 0x01, 0x06, 0x3A, 0x8E, 0x00, 0x15, 0x28, 0x11, 0x00, 0x16, 0x16,
    0xA4, 0x00, 0x1C, 0x0C, 0xCC, 0x00, 0x02, 0x01, 0x02, 0x00, 0x09, 0xBC, 0x02, 0x00, 0x10, 0x5E,
    0xA4, 0x00, 0x00, 0x02, 0x04, 0x06, 0x05, 0x03, 0x01, 0x00, 0x05, 0x32, 0xCC, 0x00, 0x01, 0x00,
    0x11, 0x38, 0xCC, 0x00, 0x01, 0x00, 0x18, 0x3E, 0xCC, 0x00, 0x01, 0x00, 0x07, 0x44, 0xCC, 0x00,
    0x09, 0x01, 0x03, 0xE2, 0xCB, 0x00, 0x06, 0x3A, 0x8E, 0x00, 0x07, 0xF4, 0xCB, 0x00, 0x09, 0x06,
    0xCC, 0x00, 0x0B, 0x14, 0xCC, 0x00, 0x0F, 0x6E, 0x93, 0x00, 0x11, 0x28, 0xCC, 0x00, 0x14, 0x4A,
    0xCC, 0x00, 0x17, 0x28, 0x94, 0x00, 0x00, 0x04, 0x03, 0x00, 0x09, 0x52, 0x92, 0x00, 0x14, 0xFA,
    0x06, 0x00, 0x15, 0x9C, 0x87, 0x00, 0x01, 0x02, 0x0A, 0xFA, 0x06, 0x00, 0x00, 0x02, 0x02, 0x01,
    0x01, 0x01, 0x14, 0xFA, 0x06, 0x00, 0x00, 0x04, 0x02, 0x00, 0x10, 0xFA, 0x06, 0x00, 0x12, 0x8C,
    0x87, 0x00, 0x02, 0x00, 0x03, 0xAE, 0x93, 0x00, 0x11, 0x98, 0xCC, 0x00, 0x04, 0x00, 0x04, 0xFA,
    0x06, 0x00, 0x06, 0xBC, 0x02, 0x00, 0x15, 0x44, 0x92, 0x00, 0x16, 0x2A, 0xB2, 0x00, 0x01, 0x00,
    0x03, 0x00, 0xA9, 0x00, 0x01, 0x01, 0x0F, 0x52, 0x9D, 0x00, 0x01, 0x02, 0x02, 0x01, 0x0B, 0xA0,
    0x06, 0x00, 0x1B, 0x28, 0x11, 0x00, 0x02, 0x01, 0x02, 0x00, 0x10, 0x1A, 0x90, 0x00, 0x15, 0x28,
    0x11, 0x00, 0x02, 0x02, 0x03, 0x06, 0xA9, 0x00, 0x07, 0xD8, 0xCC, 0x00, 0x00, 0x04, 0x02, 0x01,
    0x01, 0x00, 0x03, 0x6A, 0xB1, 0x00, 0x05, 0x00, 0x03, 0x50, 0x47, 0x00, 0x07, 0xD4, 0x06, 0x00,
    0x0B, 0xD4, 0x06, 0x00, 0x0E, 0x8C, 0x8C, 0x00, 0x14, 0xF0, 0xCC, 0x00, 0x01, 0x01, 0x15, 0x52,
    0x92, 0x00, 0x01, 0x02, 0x0F, 0x00, 0x02, 0x96, 0x07, 0x00, 0x03, 0x78, 0xCC, 0x00, 0x05, 0x86,
    0xCC, 0x00, 0x07, 0x90, 0xCC, 0x00, 0x08, 0x1A, 0x0E, 0x00, 0x0A, 0xA2, 0xCC, 0x00, 0x0B, 0xAC,
    0xCC, 0x00, 0x0D, 0x3C, 0x94, 0x00, 0x0E, 0xBE, 0xCC, 0x00, 0x0F, 0x54, 0xB4, 0x00, 0x11, 0xC4,
    0xCC, 0x00, 0x12, 0xCC, 0xCC, 0x00, 0x15, 0xE2, 0xCC, 0x00, 0x16, 0xF6, 0xCC, 0x00, 0x17, 0x0C,
    0xCD, 0x00, 0x00, 0x02, 0x00, 0x04, 0x03, 0x05, 0x06, 0x00, 0x02, 0xA4, 0x29, 0x00, 0x04, 0x1C,
    0x88, 0x00, 0x09, 0x26, 0x1A, 0x00, 0x0F, 0x52, 0xCD, 0x00, 0x10, 0xC6, 0x06, 0x00, 0x16, 0xC6,
    0x06, 0x00, 0x02, 0x00, 0x03, 0xFA, 0x06, 0x00, 0x0B, 0x44, 0x92, 0x00, 0x01, 0x00, 0x03, 0xF6,
    0x06, 0x00, 0x01, 0x00, 0x0F, 0x7C, 0xCD, 0x00, 0x01, 0x01, 0x0B, 0x82, 0xCD, 0x00, 0x02, 0x04,
    0x02, 0x01, 0x14, 0x72, 0xCD, 0x00, 0x15, 0x88, 0xCD, 0x00, 0x00, 0x02, 0x01, 0x00, 0x0E, 0x10,
    0x8C, 0x00, 0x01, 0x01, 0x0B, 0x9C, 0xCD, 0x00, 0x00, 0x02, 0x02, 0x02, 0x03, 0xFA, 0x06, 0x00,
    0x0D, 0x40, 0x95, 0x00, 0x00, 0x04, 0x01, 0x02, 0x00, 0x02, 0x04, 0x05, 0x06, 0x05, 0x01, 0x00,
    0x14, 0xB8, 0xCD, 0x00, 0x01, 0x00, 0x03, 0xBE, 0xCD, 0x00, 0x01, 0x00, 0x14, 0xC4, 0xCD, 0x00,
    0x01, 0x00, 0x07, 0xCA, 0xCD, 0x00, 0x01, 0x01, 0x0F, 0x26, 0x1A, 0x00, 0x00, 0x04, 0x08, 0x01,
    0x03, 0xA4, 0x29, 0x00, 0x05, 0xAA, 0xCD, 0x00, 0x09, 0xFA, 0x06, 0x00, 0x0E, 0x28, 0x94, 0x00,
    0x0F, 0x0C, 0x07, 0x00, 0x10, 0xD0, 0xCD, 0x00, 0x11, 0x96, 0x07, 0x00, 0x15, 0xD6, 0xCD, 0x00,
    0x01, 0x01, 0x00, 0x03, 0x01, 0x02, 0x02, 0x05, 0x03, 0x05, 0x02, 0x00, 0x0F, 0x02, 0xCE, 0x00,
    0x10, 0xA4, 0x29, 0x00, 0x02, 0x00, 0x03, 0xB8, 0xAF, 0x00, 0x1B, 0x52, 0x92, 0x00, 0x03, 0x00,
    0x03, 0x88, 0x98, 0x00, 0x06, 0x44, 0x92, 0x00, 0x0E, 0xFA, 0x06, 0x00, 0x09, 0x00, 0x03, 0x58,
    0xCD, 0x00, 0x07, 0x90, 0xCD, 0x00, 0x0A, 0xA2, 0xCD, 0x00, 0x0B, 0xDE, 0xCD, 0x00, 0x11, 0x0A,
    0xCE, 0x00, 0x14, 0x14, 0xCE, 0x00, 0x16, 0xA4, 0x29, 0x00, 0x17, 0x1E, 0xCE, 0x00, 0x1C, 0x40,
    0xA9, 0x00, 0x02, 0x00, 0x02, 0x1C, 0x26, 0x00, 0x15, 0x40, 0xB1, 0x00, 0x03, 0x00, 0x0E, 0xB6,
    0x92, 0x00, 0x10, 0x9A, 0x34, 0x00, 0x14, 0x52, 0xCE, 0x00, 0x03, 0x00, 0x0E, 0x74, 0x93, 0x00,
    0x11, 0x52, 0x92, 0x00, 0x16, 0xD4, 0x06, 0x00, 0x02, 0x00, 0x07, 0x44, 0x92, 0x00, 0x11, 0xAC,
    0x96, 0x00, 0x02, 0x00, 0x14, 0x78, 0xCE, 0x00, 0x16, 0x1C, 0x26, 0x00, 0x03, 0x01, 0x07, 0x5C,
    0xCE, 0x00, 0x0B, 0x6A, 0xCE, 0x00, 0x11, 0x82, 0xCE, 0x00, 0x00, 0x02, 0x01, 0x00, 0x16, 0x4E,
    0x95, 0x00, 0x01, 0x00, 0x10, 0x9C, 0xCE, 0x00, 0x03, 0x00, 0x03, 0x58, 0xA4, 0x00, 0x0B, 0xBC,
    0x02, 0x00, 0x11, 0xA2, 0xCE, 0x00, 0x1A, 0x00, 0x03, 0x48, 0xC6, 0x00, 0x04, 0xA0, 0xC6, 0x00,
    0x05, 0x38, 0xC7, 0x00, 0x06, 0xB6, 0xC7, 0x00, 0x07, 0x02, 0xC8, 0x00, 0x08, 0x50, 0xC8, 0x00,
    0x09, 0xCA, 0xC8, 0x00, 0x0A, 0xC6, 0x06, 0x00, 0x0B, 0xF2, 0xC8, 0x00, 0x0C, 0xFA, 0xC8, 0x00,
    0x0D, 0xA4, 0x29, 0x00, 0x0E, 0x4C, 0xC9, 0x00, 0x0F, 0xD2, 0xC9, 0x00, 0x10, 0xEC, 0xCA, 0x00,
    0x11, 0x5A, 0xCB, 0x00, 0x12, 0xA6, 0xCB, 0x00, 0x13, 0xDC, 0xCB, 0x00, 0x14, 0x50, 0xCC, 0x00,
    0x15, 0x14, 0xCD, 0x00, 0x16, 0x2C, 0xCE, 0x00, 0x17, 0xF6, 0x06, 0x00, 0x18, 0x8C, 0xCE, 0x00,
    0x19, 0xF6, 0x64, 0x00, 0x1A, 0x24, 0x97, 0x00, 0x1B, 0xA4, 0x29, 0x00, 0x1C, 0xA8, 0xCE, 0x00,
    0x01, 0x00, 0x13, 0xBC, 0x02, 0x00, 0x01, 0x00, 0x03, 0x48, 0x01, 0x00, 0x01, 0x00, 0x17, 0x26,
    0xCF, 0x00, 0x01, 0x00, 0x07, 0x3A, 0xCA, 0x00, 0x01, 0x00, 0x10, 0x32, 0xCF, 0x00, 0x01, 0x01,
    0x03, 0x38, 0xCF, 0x00, 0x02, 0x04, 0x03, 0x01, 0x05, 0x20, 0xCF, 0x00, 0x10, 0x2C, 0xCF, 0x00,
    0x12, 0x3E, 0xCF, 0x00, 0x00, 0x05, 0x00, 0x02, 0x02, 0x01, 0x04, 0x01, 0x01, 0x00, 0x0F, 0x56,
    0xCF, 0x00, 0x02, 0x00, 0x07, 0x5C, 0xCF, 0x00, 0x15, 0x8C, 0x87, 0x00, 0x02, 0x00, 0x0B, 0xA2,
    0xBB, 0x00, 0x1B, 0xA4, 0x29, 0x00, 0x01, 0x00, 0x16, 0x6C, 0xCF, 0x00, 0x03, 0x01, 0x14, 0x62,
    0xCF, 0x00, 0x15, 0x76, 0xCF, 0x00, 0x19, 0x5A, 0x02, 0x00, 0x00, 0x01, 0x01, 0x00, 0x12, 0x28,
    0x11, 0x00, 0x01, 0x00, 0x09, 0x4E, 0x95, 0x00, 0x01, 0x00, 0x06, 0x92, 0xCF, 0x00, 0x04, 0x00,
    0x03, 0x46, 0xCF, 0x00, 0x07, 0x7C, 0xCF, 0x00, 0x11, 0x8C, 0xCF, 0x00, 0x17, 0x98, 0xCF, 0x00,
    0x05, 0x00, 0x02, 0x1A, 0x0E, 0x00, 0x04, 0xC6, 0x06, 0x00, 0x09, 0x44, 0x92, 0x00, 0x0B, 0x5C,
    0x96, 0x00, 0x0E, 0xBC, 0x02, 0x00, 0x00, 0x02, 0x00, 0x01, 0x02, 0x06, 0x01, 0x00, 0x09, 0xC6,
    0xCF, 0x00, 0x01, 0x01, 0x10, 0xCC, 0xCF, 0x00, 0x02, 0x05, 0x01, 0x00, 0x0B, 0xD2, 0xCF, 0x00,
    0x01, 0x00, 0x06, 0x9E, 0xAA, 0x00, 0x01, 0x01, 0x16, 0x98, 0x94, 0x00, 0x03, 0x04, 0x08, 0x00,
    0x06, 0x0C, 0x07, 0x00, 0x07, 0xE6, 0x08, 0x00, 0x09, 0x28, 0x11, 0x00, 0x0E, 0xDA, 0xCF, 0x00,
    0x10, 0xE0, 0xCF, 0x00, 0x14, 0xF6, 0x06, 0x00, 0x15, 0xE6, 0xCF, 0x00, 0x16, 0x8E, 0x9C, 0x00,
    0x00, 0x02, 0x00, 0x05, 0x01, 0x02, 0x02, 0x00, 0x0E, 0x26, 0x1A, 0x00, 0x11, 0x9C, 0x87, 0x00,
    0x00, 0x02, 0x00, 0x01, 0x02, 0x05, 0x01, 0x00, 0x05, 0x20, 0xD0, 0x00, 0x01, 0x00, 0x0B, 0x26,
    0xD0, 0x00, 0x02, 0x00, 0x15, 0x2A, 0x99, 0x00, 0x16, 0x2C, 0xD0, 0x00, 0x04, 0x00, 0x02, 0x26,
    0x1A, 0x00, 0x06, 0xCE, 0x87, 0x00, 0x07, 0x32, 0xD0, 0x00, 0x09, 0xBC, 0x02, 0x00, 0x01, 0x01,
    0x0A, 0x44, 0x92, 0x00, 0x03, 0x04, 0x07, 0x01, 0x02, 0x4E, 0x95, 0x00, 0x05, 0x10, 0xD0, 0x00,
    0x0E, 0x16, 0xD0, 0x00, 0x0F, 0x26, 0x1A, 0x00, 0x10, 0x3C, 0xD0, 0x00, 0x12, 0x28, 0x11, 0x00,
    0x15, 0x4E, 0xD0, 0x00, 0x01, 0x01, 0x01, 0x00, 0x1B, 0xA4, 0x29, 0x00, 0x02, 0x01, 0x07, 0x76,
    0xD0, 0x00, 0x1B, 0xA4, 0x29, 0x00, 0x01, 0x01, 0x02, 0x00, 0x07, 0x2A, 0x99, 0x00, 0x11, 0x22,
    0x0F, 0x00, 0x01, 0x00, 0x10, 0xE6, 0x08, 0x00, 0x01, 0x00, 0x03, 0x92, 0xD0, 0x00, 0x01, 0x00,
    0x0B, 0x98, 0xD0, 0x00, 0x04, 0x00, 0x14, 0x52, 0x92, 0x00, 0x15, 0x68, 0x87, 0x00, 0x17, 0xC6,
    0x06, 0x00, 0x18, 0x9E, 0xD0, 0x00, 0x01, 0x00, 0x11, 0xF4, 0x8B, 0x00, 0x01, 0x00, 0x03, 0xC6,
    0x06, 0x00, 0x04, 0x03, 0x05, 0x26, 0x1A, 0x00, 0x0A, 0xBC, 0xD0, 0x00, 0x0E, 0x28, 0x11, 0x00,
    0x1B, 0x26, 0x1A, 0x00, 0x00, 0x04, 0x01, 0x01, 0x02, 0x02, 0x0F, 0x00, 0x03, 0xB0, 0xCF, 0x00,
    0x04, 0xF6, 0x06, 0x00, 0x07, 0xEE, 0xCF, 0x00, 0x08, 0xC6, 0x06, 0x00, 0x0A, 0x28, 0x11, 0x00,
    0x0B, 0x56, 0xD0, 0x00, 0x0D, 0x28, 0x11, 0x00, 0x0E, 0x7C, 0xD0, 0x00, 0x0F, 0xF6, 0x06, 0x00,
    0x10, 0x88, 0xD0, 0x00, 0x11, 0xA4, 0xD0, 0x00, 0x14, 0xB6, 0xD0, 0x00, 0x15, 0xC2, 0xD0, 0x00,
    0x16, 0x44, 0x92, 0x00, 0x19, 0xF6, 0x06, 0x00, 0x02, 0x00, 0x0B, 0xF8, 0x9F, 0x00, 0x11, 0x26,
    0x1A, 0x00, 0x00, 0x03, 0x02, 0x04, 0x03, 0x03, 0x04, 0x05, 0x01, 0x01, 0x07, 0x22, 0xD1, 0x00,
    0x04, 0x04, 0x01, 0x00, 0x0B, 0x2A, 0xD1, 0x00, 0x02, 0x00, 0x07, 0x26, 0x1A, 0x00, 0x1B, 0xFA,
    0x06, 0x00, 0x01, 0x00, 0x15, 0xEA, 0x8D, 0x00, 0x01, 0x00, 0x15, 0x42, 0xD1, 0x00, 0x01, 0x00,
    0x07, 0x48, 0xD1, 0x00, 0x01, 0x00, 0x10, 0x4E, 0xD1, 0x00, 0x03, 0x00, 0x06, 0x26, 0xBF, 0x00,
    0x07, 0x90, 0x87, 0x00, 0x16, 0xCE, 0x87, 0x00, 0x01, 0x00, 0x10, 0x16, 0x8B, 0x00, 0x01, 0x00,
    0x07, 0x68, 0xD1, 0x00, 0x03, 0x00, 0x05, 0x6E, 0xD1, 0x00, 0x09, 0xBC, 0x02, 0x00, 0x0B, 0x5A,
    0x02, 0x00, 0x01, 0x00, 0x0E, 0xEA, 0x94, 0x00, 0x03, 0x00, 0x03, 0xAE, 0x93, 0x00, 0x07, 0x82,
    0xD1, 0x00, 0x0B, 0x7E, 0xA2, 0x00, 0x01, 0x01, 0x03, 0x98, 0xB7, 0x00, 0x00, 0x04, 0x0B, 0x00,
    0x04, 0x18, 0xD1, 0x00, 0x05, 0x32, 0xD1, 0x00, 0x06, 0x38, 0xD1, 0x00, 0x09, 0x14, 0xB2, 0x00,
    0x0B, 0x54, 0xD1, 0x00, 0x0F, 0xB0, 0x8D, 0x00, 0x10, 0x5A, 0xD1, 0x00, 0x14, 0x74, 0xD1, 0x00,
    0x15, 0xCE, 0x87, 0x00, 0x16, 0x88, 0xD1, 0x00, 0x18, 0x96, 0xD1, 0x00, 0x01, 0x02, 0x0B, 0x22,
    0x88, 0x00, 0x00, 0x02, 0x01, 0x01, 0x00, 0x03, 0x01, 0x03, 0x05, 0x06, 0x06, 0x01, 0x01, 0x00,
    0x06, 0xD6, 0xD1, 0x00, 0x01, 0x00, 0x0E, 0xDE, 0xD1, 0x00, 0x02, 0x00, 0x03, 0x44, 0x96, 0x00,
    0x0B, 0xE4, 0xD1, 0x00, 0x03, 0x03, 0x07, 0xBC, 0x02, 0x00, 0x0A, 0xEA, 0xD1, 0x00, 0x0B, 0xC6,
    0x06, 0x00, 0x00, 0x04, 0x01, 0x01, 0x02, 0x02, 0x02, 0x00, 0x07, 0x28, 0x11, 0x00, 0x0B, 0x28,
    0x11, 0x00, 0x01, 0x01, 0x14, 0x08, 0xD2, 0x00, 0x01, 0x02, 0x01, 0x01, 0x15, 0x52, 0x92, 0x00,
    0x03, 0x04, 0x01, 0x01, 0x0B, 0x26, 0x1A, 0x00, 0x01, 0x03, 0x03, 0x01, 0x07, 0x12, 0xD2, 0x00,
    0x0B, 0x1A, 0xD2, 0x00, 0x14, 0x22, 0xD2, 0x00, 0x00, 0x02, 0x01, 0x00, 0x02, 0x26, 0x96, 0x00,
    0x01, 0x00, 0x14, 0x3A, 0xD2, 0x00, 0x01, 0x00, 0x07, 0x40, 0xD2, 0x00, 0x00, 0x02, 0x03, 0x04,
    0x04, 0x01, 0x01, 0x00, 0x03, 0x4C, 0xD2, 0x00, 0x02, 0x01, 0x06, 0x46, 0xD2, 0x00, 0x15, 0x52,
    0xD2, 0x00, 0x02, 0x02, 0x00, 0x03, 0x00, 0x01, 0x03, 0x03, 0x05, 0x06, 0x01, 0x00, 0x04, 0x64,
    0xD2, 0x00, 0x01, 0x00, 0x03, 0x6C, 0xD2, 0x00, 0x01, 0x00, 0x16, 0x72, 0xD2, 0x00, 0x00, 0x03,
    0x02, 0x03, 0x03, 0x06, 0x05, 0x02, 0x01, 0x00, 0x07, 0x7E, 0xD2, 0x00, 0x01, 0x00, 0x14, 0x86,
    0xD2, 0x00, 0x01, 0x00, 0x06, 0x8C, 0xD2, 0x00, 0x01, 0x00, 0x10, 0x92, 0xD2, 0x00, 0x03, 0x00,
    0x02, 0x4E, 0x95, 0x00, 0x07, 0x98, 0xD2, 0x00, 0x09, 0x4E, 0x95, 0x00, 0x01, 0x00, 0x05, 0x8C,
    0x87, 0x00, 0x01, 0x01, 0x0B, 0xAC, 0xD2, 0x00, 0x02, 0x04, 0x01, 0x00, 0x16, 0xB2, 0xD2, 0x00,
    0x01, 0x00, 0x03, 0xBA, 0xD2, 0x00, 0x01, 0x00, 0x06, 0x1E, 0x16, 0x00, 0x01, 0x00, 0x0B, 0xC6,
    0xD2, 0x00, 0x05, 0x00, 0x02, 0xA4, 0x29, 0x00, 0x05, 0x1A, 0x0E, 0x00, 0x07, 0x5E, 0xA4, 0x00,
    0x11, 0xCC, 0xD2, 0x00, 0x16, 0xE6, 0x08, 0x00, 0x02, 0x00, 0x0A, 0xFA, 0x06, 0x00, 0x14, 0x28,
    0x11, 0x00, 0x01, 0x00, 0x04, 0x9C, 0x87, 0x00, 0x05, 0x00, 0x03, 0xF2, 0xD2, 0x00, 0x07, 0xBC,
    0x02, 0x00, 0x09, 0x1A, 0x0E, 0x00, 0x0B, 0x0C, 0xBF, 0x00, 0x11, 0x26, 0x1A, 0x00, 0x01, 0x01,
    0x02, 0x4E, 0x95, 0x00, 0x00, 0x03, 0x03, 0x01, 0x05, 0xF6, 0x97, 0x00, 0x13, 0x4E, 0x95, 0x00,
    0x15, 0x0E, 0xD3, 0x00, 0x03, 0x02, 0x03, 0x00, 0x02, 0xBC, 0x02, 0x00, 0x03, 0xBC, 0x02, 0x00,
    0x15, 0xBC, 0x02, 0x00, 0x01, 0x00, 0x14, 0x26, 0xD3, 0x00, 0x02, 0x00, 0x03, 0xC6, 0x06, 0x00,
    0x07, 0x34, 0xD3, 0x00, 0x01, 0x01, 0x07, 0xA4, 0x29, 0x00, 0x00, 0x03, 0x0C, 0x00, 0x03, 0x58,
    0xD2, 0x00, 0x04, 0xF2, 0x96, 0x00, 0x05, 0x78, 0xD2, 0x00, 0x08, 0x8C, 0x8F, 0x00, 0x09, 0x9E,
    0xD2, 0x00, 0x0F, 0xC0, 0xD2, 0x00, 0x10, 0xD2, 0xD2, 0x00, 0x12, 0xE8, 0xD2, 0x00, 0x14, 0xF8,
    0xD2, 0x00, 0x15, 0x16, 0xD3, 0x00, 0x18, 0x3A, 0xD3, 0x00, 0x1B, 0x44, 0xD3, 0x00, 0x01, 0x01,
    0x14, 0x44, 0x92, 0x00, 0x00, 0x02, 0x01, 0x01, 0x14, 0x48, 0x01, 0x00, 0x01, 0x05, 0x03, 0x03,
    0x03, 0x86, 0xD3, 0x00, 0x07, 0x8C, 0x95, 0x00, 0x11, 0x5A, 0x02, 0x00, 0x00, 0x04, 0x01, 0x01,
    0x02, 0x04, 0x05, 0x00, 0x09, 0x28, 0x11, 0x00, 0x0F, 0xA0, 0x06, 0x00, 0x14, 0xF6, 0xA9, 0x00,
    0x15, 0x28, 0x11, 0x00, 0x16, 0x24, 0x97, 0x00, 0x06, 0x00, 0x0B, 0x7E, 0xCA, 0x00, 0x11, 0x32,
    0x97, 0x00, 0x15, 0xA4, 0x29, 0x00, 0x16, 0x40, 0xA9, 0x00, 0x17, 0x26, 0x1A, 0x00, 0x1B, 0xC6,
    0x06, 0x00, 0x03, 0x00, 0x03, 0xC6, 0x06, 0x00, 0x07, 0x34, 0x8C, 0x00, 0x0B, 0x1A, 0x0E, 0x00,
    0x03, 0x00, 0x07, 0xA8, 0x8B, 0x00, 0x08, 0x26, 0x1A, 0x00, 0x0E, 0x28, 0x11, 0x00, 0x01, 0x00,
    0x07, 0x4E, 0x95, 0x00, 0x01, 0x00, 0x16, 0xEE, 0xD3, 0x00, 0x03, 0x00, 0x03, 0xF4, 0xD3, 0x00,
    0x0A, 0x1A, 0x0E, 0x00, 0x14, 0xE8, 0xA0, 0x00, 0x00, 0x03, 0x00, 0x04, 0x01, 0x04, 0x02, 0x04,
    0x04, 0x00, 0x04, 0x5E, 0x8E, 0x00, 0x0B, 0x5A, 0x02, 0x00, 0x11, 0x28, 0x11, 0x00, 0x12, 0xBA,
    0xB4, 0x00, 0x01, 0x02, 0x03, 0x5A, 0x02, 0x00, 0x00, 0x01, 0x01, 0x04, 0x04, 0x00, 0x03, 0x26,
    0x1A, 0x00, 0x07, 0x22, 0xD4, 0x00, 0x0B, 0x5A, 0x02, 0x00, 0x0D, 0x34, 0x89, 0x00, 0x00, 0x02,
    0x00, 0x04, 0x01, 0x04, 0x01, 0x00, 0x09, 0xAA, 0xAC, 0x00, 0x01, 0x00, 0x11, 0x44, 0xD4, 0x00,
    0x02, 0x00, 0x03, 0x4E, 0x95, 0x00, 0x15, 0x0C, 0xC2, 0x00, 0x01, 0x00, 0x05, 0x50, 0xD4, 0x00,
    0x03, 0x01, 0x02, 0x0C, 0x07, 0x00, 0x0A, 0x4A, 0xD4, 0x00, 0x0B, 0x5A, 0xD4, 0x00, 0x01, 0x01,
    0x10, 0x00, 0x03, 0xA2, 0xD3, 0x00, 0x04, 0x06, 0xCC, 0x00, 0x05, 0xB8, 0xD3, 0x00, 0x06, 0xD2,
    0xD3, 0x00, 0x08, 0xE0, 0xD3, 0x00, 0x09, 0xFA, 0xD3, 0x00, 0x0D, 0x1A, 0x0E, 0x00, 0x0E, 0x08,
    0xD4, 0x00, 0x0F, 0x10, 0xD4, 0x00, 0x10, 0x2C, 0xD4, 0x00, 0x11, 0xA8, 0x92, 0x00, 0x13, 0x3E,
    0xD4, 0x00, 0x15, 0x32, 0xAC, 0x00, 0x16, 0x60, 0xD4, 0x00, 0x18, 0x8A, 0xAE, 0x00, 0x1C, 0xF6,
    0x06, 0x00, 0x02, 0x01, 0x0E, 0xC6, 0x06, 0x00, 0x16, 0xBC, 0x02, 0x00, 0x03, 0x03, 0x01, 0x00,
    0x03, 0xB2, 0xD4, 0x00, 0x01, 0x00, 0x19, 0x26, 0x1A, 0x00, 0x06, 0x01, 0x03, 0x44, 0x92, 0x00,
    0x05, 0xC6, 0x06, 0x00, 0x09, 0xC6, 0x06, 0x00, 0x0E, 0xC6, 0x06, 0x00, 0x10, 0x9E, 0xAA, 0x00,
    0x16, 0x9E, 0xAA, 0x00, 0x01, 0x02, 0x01, 0x00, 0x0E, 0xD4, 0x06, 0x00, 0x01, 0x02, 0x03, 0x44,
    0x92, 0x00, 0x01, 0x02, 0x04, 0x04, 0x01, 0x00, 0x0A, 0x16, 0x1C, 0x00, 0x02, 0x01, 0x10, 0xEC,
    0xD4, 0x00, 0x15, 0xF6, 0xD4, 0x00, 0x02, 0x02, 0x01, 0x00, 0x17, 0x06, 0x89, 0x00, 0x03, 0x01,
    0x13, 0x08, 0xD5, 0x00, 0x17, 0x80, 0x92, 0x00, 0x19, 0x44, 0x92, 0x00, 0x02, 0x04, 0x05, 0x01,
    0x03, 0xC4, 0xD4, 0x00, 0x07, 0xCA, 0xD4, 0x00, 0x08, 0xE6, 0xD4, 0x00, 0x0B, 0xFC, 0xD4, 0x00,
    0x11, 0x0E, 0xD5, 0x00, 0x01, 0x01, 0x01, 0x00, 0x10, 0x08, 0xBA, 0x00, 0x00, 0x02, 0x01, 0x05,
    0x03, 0x03, 0x01, 0x00, 0x0E, 0x3C, 0xD5, 0x00, 0x01, 0x00, 0x0E, 0x42, 0xD5, 0x00, 0x01, 0x01,
    0x07, 0x48, 0xD5, 0x00, 0x04, 0x04, 0x02, 0x00, 0x06, 0x26, 0x1A, 0x00, 0x10, 0x4E, 0xD5, 0x00,
    0x03, 0x01, 0x07, 0x0A, 0x93, 0x00, 0x0B, 0x36, 0xD5, 0x00, 0x11, 0x56, 0xD5, 0x00, 0x00, 0x02,
    0x01, 0x00, 0x02, 0x48, 0x5A, 0x00, 0x02, 0x00, 0x06, 0x70, 0xD5, 0x00, 0x14, 0x3A, 0xD2, 0x00,
    0x01, 0x00, 0x07, 0x76, 0xD5, 0x00, 0x01, 0x00, 0x06, 0x80, 0xD5, 0x00, 0x00, 0x03, 0x02, 0x01,
    0x05, 0x01, 0x06, 0x01, 0x01, 0x00, 0x11, 0x8C, 0xD5, 0x00, 0x01, 0x00, 0x16, 0x94, 0xD5, 0x00,
    0x02, 0x00, 0x03, 0x92, 0xA2, 0x00, 0x11, 0x9A, 0xD5, 0x00, 0x01, 0x00, 0x15, 0x74, 0xAD, 0x00,
    0x01, 0x00, 0x05, 0x1A, 0x0E, 0x00, 0x04, 0x00, 0x07, 0xAA, 0xD5, 0x00, 0x0B, 0xB0, 0xD5, 0x00,
    0x11, 0x44, 0x92, 0x00, 0x17, 0x1A, 0x0E, 0x00, 0x00, 0x02, 0x01, 0x03, 0x02, 0x03, 0x01, 0x01,
    0x1C, 0xC8, 0xD5, 0x00, 0x03, 0x04, 0x02, 0x00, 0x09, 0x4E, 0x95, 0x00, 0x0B, 0xCE, 0xD5, 0x00,
    0x03, 0x00, 0x07, 0x5E, 0xA4, 0x00, 0x0B, 0x5A, 0x02, 0x00, 0x0F, 0xC6, 0x06, 0x00, 0x01, 0x01,
    0x16, 0x24, 0x97, 0x00, 0x04, 0x04, 0x03, 0x00, 0x03, 0xEE, 0xD5, 0x00, 0x0B, 0x14, 0x99, 0x00,
    0x11, 0x6C, 0xC0, 0x00, 0x02, 0x00, 0x0B, 0xFE, 0x96, 0x00, 0x1B, 0x4E, 0x95, 0x00, 0x01, 0x00,
    0x0A, 0x04, 0xD6, 0x00, 0x01, 0x00, 0x12, 0x0E, 0xD6, 0x00, 0x04, 0x00, 0x02, 0x4E, 0x95, 0x00,
    0x07, 0x90, 0x87, 0x00, 0x11, 0x14, 0xD6, 0x00, 0x16, 0xBC, 0x02, 0x00, 0x02, 0x00, 0x10, 0x92,
    0x8F, 0x00, 0x16, 0x96, 0x07, 0x00, 0x0F, 0x00, 0x02, 0x1A, 0x0E, 0x00, 0x03, 0x86, 0xD5, 0x00,
    0x04, 0xA0, 0xD5, 0x00, 0x05, 0xF2, 0x96, 0x00, 0x08, 0xA4, 0x29, 0x00, 0x09, 0xB6, 0xD5, 0x00,
    0x0F, 0x8A, 0xAE, 0x00, 0x10, 0xD6, 0xD5, 0x00, 0x11, 0x92, 0x8F, 0x00, 0x12, 0xE0, 0xD5, 0x00,
    0x14, 0xF6, 0xD5, 0x00, 0x15, 0x1A, 0xD6, 0x00, 0x16, 0xE8, 0xA0, 0x00, 0x17, 0x2C, 0xD6, 0x00,
    0x18, 0xA4, 0x29, 0x00, 0x02, 0x00, 0x03, 0xC6, 0x06, 0x00, 0x0B, 0x44, 0x92, 0x00, 0x02, 0x00,
    0x10, 0xA8, 0x92, 0x00, 0x16, 0xC6, 0x06, 0x00, 0x05, 0x01, 0x03, 0x6E, 0xC8, 0x00, 0x0A, 0x74,
    0xD6, 0x00, 0x0B, 0x7E, 0xD6, 0x00, 0x0E, 0x26, 0x1A, 0x00, 0x14, 0x44, 0x92, 0x00, 0x00, 0x02,
    0x03, 0x03, 0x05, 0x26, 0x1A, 0x00, 0x07, 0x0C, 0x07, 0x00, 0x0B, 0xC8, 0xAF, 0x00, 0x00, 0x02,
    0x01, 0x01, 0x02, 0x02, 0x01, 0x00, 0x07, 0xA6, 0x87, 0x00, 0x02, 0x00, 0x09, 0x52, 0x92, 0x00,
    0x10, 0xB4, 0xD6, 0x00, 0x03, 0x01, 0x03, 0xC6, 0x06, 0x00, 0x10, 0x48, 0x5A, 0x00, 0x14, 0x30,
    0xB2, 0x00, 0x01, 0x01, 0x01, 0x00, 0x1B, 0x10, 0x8C, 0x00, 0x01, 0x01, 0x0E, 0xD4, 0xD6, 0x00,
    0x03, 0x03, 0x01, 0x00, 0x0B, 0xDA, 0xD6, 0x00, 0x01, 0x00, 0x15, 0x34, 0x95, 0x00, 0x02, 0x00,
    0x07, 0xE8, 0xD6, 0x00, 0x15, 0x48, 0x5A, 0x00, 0x01, 0x01, 0x14, 0x26, 0xCF, 0x00, 0x03, 0x02,
    0x06, 0x01, 0x03, 0xBA, 0xD6, 0x00, 0x07, 0xC4, 0xD6, 0x00, 0x0A, 0xE2, 0xD6, 0x00, 0x0B, 0xEE,
    0xD6, 0x00, 0x14, 0xF6, 0x06, 0x00, 0x17, 0xF8, 0xD6, 0x00, 0x00, 0x04, 0x02, 0x00, 0x0A, 0x48,
    0x5A, 0x00, 0x0B, 0xFA, 0x06, 0x00, 0x02, 0x00, 0x10, 0xFA, 0x06, 0x00, 0x12, 0x24, 0x01, 0x00,
    0x00, 0x02, 0x00, 0x01, 0x03, 0x05, 0x01, 0x00, 0x02, 0x30, 0xD7, 0x00, 0x01, 0x00, 0x03, 0x36,
    0xD7, 0x00, 0x01, 0x00, 0x0B, 0x3C, 0xD7, 0x00, 0x02, 0x00, 0x02, 0x44, 0x92, 0x00, 0x0B, 0xE4,
    0xBE, 0x00, 0x04, 0x00, 0x03, 0x28, 0x11, 0x00, 0x04, 0x42, 0xD7, 0x00, 0x0B, 0x4E, 0x95, 0x00,
    0x10, 0x48, 0xD7, 0x00, 0x00, 0x02, 0x00, 0x01, 0x04, 0x03, 0x01, 0x00, 0x14, 0x64, 0xD7, 0x00,
    0x01, 0x00, 0x07, 0x6A, 0xD7, 0x00, 0x01, 0x00, 0x0D, 0x70, 0xD7, 0x00, 0x01, 0x01, 0x14, 0x5A,
    0x02, 0x00, 0x02, 0x03, 0x02, 0x00, 0x15, 0x48, 0x5A, 0x00, 0x16, 0x54, 0x91, 0x00, 0x0C, 0x00,
    0x03, 0x52, 0x92, 0x00, 0x04, 0xFE, 0x9E, 0x00, 0x05, 0x1C, 0xD7, 0x00, 0x07, 0x26, 0xD7, 0x00,
    0x08, 0xBC, 0x02, 0x00, 0x0B, 0x56, 0x92, 0x00, 0x0F, 0x52, 0xD7, 0x00, 0x10, 0x76, 0xD7, 0x00,
    0x11, 0x7C, 0xD7, 0x00, 0x12, 0xA4, 0x29, 0x00, 0x15, 0x84, 0xD7, 0x00, 0x16, 0xE6, 0x08, 0x00,
    0x00, 0x02, 0x01, 0x05, 0x04, 0x04, 0x02, 0x00, 0x10, 0x44, 0x92, 0x00, 0x16, 0xC0, 0xD7, 0x00,
    0x01, 0x00, 0x07, 0xC6, 0xD7, 0x00, 0x00, 0x03, 0x00, 0x03, 0x03, 0x01, 0x04, 0x01, 0x01, 0x00,
    0x0B, 0xD6, 0xD7, 0x00, 0x01, 0x00, 0x0F, 0xDE, 0xD7, 0x00, 0x01, 0x00, 0x03, 0xE4, 0xD7, 0x00,
    0x01, 0x00, 0x1B, 0x4A, 0x9E, 0x00, 0x02, 0x02, 0x07, 0x44, 0x92, 0x00, 0x16, 0xF0, 0xD7, 0x00,
    0x00, 0x02, 0x03, 0x04, 0x06, 0x01, 0x03, 0xA4, 0x29, 0x00, 0x04, 0xA4, 0x29, 0x00, 0x09, 0xEA,
    0xD7, 0x00, 0x0F, 0x14, 0x99, 0x00, 0x10, 0x88, 0x9A, 0x00, 0x15, 0xF6, 0xD7, 0x00, 0x00, 0x01,
    0x17, 0x00, 0x03, 0x9E, 0xD1, 0x00, 0x04, 0xCC, 0xD1, 0x00, 0x05, 0xF4, 0xD1, 0x00, 0x06, 0x2A,
    0xD2, 0x00, 0x07, 0x4C, 0xD3, 0x00, 0x08, 0x7E, 0xD3, 0x00, 0x09, 0x8E, 0xD3, 0x00, 0x0A, 0x56,
    0x0F, 0x00, 0x0B, 0x70, 0xD4, 0x00, 0x0C, 0xA4, 0x29, 0x00, 0x0D, 0xBE, 0xD4, 0x00, 0x0E, 0x1E,
    0xD5, 0x00, 0x0F, 0x60, 0xD5, 0x00, 0x10, 0x1A, 0x1D, 0x00, 0x11, 0x36, 0xD6, 0x00, 0x12, 0x88,
    0xD6, 0x00, 0x14, 0x02, 0x9E, 0x00, 0x15, 0xA0, 0xD6, 0x00, 0x16, 0x00, 0xD7, 0x00, 0x17, 0x8E,
    0xD7, 0x00, 0x18, 0xD0, 0xD7, 0x00, 0x19, 0x4A, 0x10, 0x00, 0x1B, 0x04, 0xD8, 0x00, 0x01, 0x00,
    0x0B, 0x1A, 0x99, 0x00, 0x03, 0x00, 0x03, 0xA0, 0x06, 0x00, 0x0A, 0x7E, 0xD8, 0x00, 0x0E, 0x28,
    0x11, 0x00, 0x02, 0x00, 0x0B, 0xF4, 0x8B, 0x00, 0x10, 0x4E, 0x95, 0x00, 0x01, 0x00, 0x12, 0x56,
    0xCF, 0x00, 0x02, 0x00, 0x09, 0xFA, 0x06, 0x00, 0x10, 0x52, 0x92, 0x00, 0x05, 0x00, 0x03, 0x9C,
    0xD8, 0x00, 0x06, 0xA4, 0x29, 0x00, 0x0B, 0xA2, 0xD8, 0x00, 0x0E, 0x1C, 0x88, 0x00, 0x16, 0x8C,
    0x8C, 0x00, 0x03, 0x00, 0x03, 0x4E, 0x95, 0x00, 0x15, 0x8C, 0x87, 0x00, 0x1C, 0x5A, 0x02, 0x00,
    0x00, 0x02, 0x03, 0x03, 0x04, 0x01, 0x01, 0x00, 0x05, 0xD0, 0xD8, 0x00, 0x01, 0x00, 0x15, 0xD6,
    0xD8, 0x00, 0x03, 0x00, 0x02, 0x0C, 0x07, 0x00, 0x0B, 0xC2, 0xD8, 0x00, 0x17, 0xDC, 0xD8, 0x00,
    0x00, 0x03, 0x00, 0x05, 0x04, 0x01, 0x06, 0x01, 0x01, 0x00, 0x11, 0xF0, 0xD8, 0x00, 0x01, 0x00,
    0x14, 0xF8, 0xD8, 0x00, 0x01, 0x01, 0x0A, 0xFE, 0xD8, 0x00, 0x00, 0x04, 0x00, 0x02, 0x03, 0x01,
    0x06, 0x01, 0x01, 0x00, 0x10, 0x0C, 0xD9, 0x00, 0x01, 0x00, 0x0B, 0x12, 0xD9, 0x00, 0x01, 0x00,
    0x07, 0x74, 0x93, 0x00, 0x02, 0x00, 0x10, 0x1E, 0xD9, 0x00, 0x1C, 0x52, 0x92, 0x00, 0x04, 0x00,
    0x09, 0x18, 0xD9, 0x00, 0x0B, 0x24, 0xD9, 0x00, 0x0E, 0x8C, 0x8C, 0x00, 0x18, 0x5A, 0x02, 0x00,
    0x03, 0x00, 0x05, 0x14, 0x99, 0x00, 0x07, 0xBC, 0x02, 0x00, 0x16, 0x24, 0x01, 0x00, 0x02, 0x00,
    0x15, 0xFA, 0x06, 0x00, 0x1C, 0x36, 0xBD, 0x00, 0x03, 0x00, 0x07, 0x4E, 0x95, 0x00, 0x0A, 0x48,
    0x01, 0x00, 0x0B, 0x4E, 0xD9, 0x00, 0x0B, 0x01, 0x04, 0x96, 0x07, 0x00, 0x05, 0x84, 0xD8, 0x00,
    0x09, 0x92, 0xD8, 0x00, 0x0A, 0x96, 0x07, 0x00, 0x0B, 0x92, 0x8F, 0x00, 0x0E, 0xAC, 0xD8, 0x00,
    0x10, 0xE2, 0xD8, 0x00, 0x12, 0x04, 0xD9, 0x00, 0x14, 0x2E, 0xD9, 0x00, 0x15, 0x40, 0xD9, 0x00,
    0x16, 0x58, 0xD9, 0x00, 0x00, 0x01, 0x00, 0x02, 0x03, 0x04, 0x04, 0x05, 0x01, 0x00, 0x16, 0x96,
    0xD9, 0x00, 0x03, 0x00, 0x0E, 0x44, 0x92, 0x00, 0x10, 0x84, 0xB2, 0x00, 0x18, 0xBC, 0x02, 0x00,
    0x02, 0x02, 0x03, 0x9C, 0xD9, 0x00, 0x0B, 0xA2, 0xD9, 0x00, 0x00, 0x04, 0x01, 0x01, 0x01, 0x00,
    0x10, 0x70, 0xA4, 0x00, 0x01, 0x01, 0x0B, 0xBE, 0xD9, 0x00, 0x04, 0x02, 0x00, 0x02, 0x05, 0x06,
    0x06, 0x01, 0x01, 0x00, 0x05, 0xCC, 0xD9, 0x00, 0x04, 0x00, 0x03, 0x4E, 0x95, 0x00, 0x05, 0xC4,
    0xD9, 0x00, 0x07, 0xFA, 0x06, 0x00, 0x11, 0xD2, 0xD9, 0x00, 0x03, 0x01, 0x02, 0xA4, 0x29, 0x00,
    0x0B, 0xD8, 0xD9, 0x00, 0x1B, 0x0C, 0xC2, 0x00, 0x00, 0x02, 0x00, 0x02, 0x02, 0x03, 0x06, 0x03,
    0x01, 0x00, 0x10, 0xFA, 0xD9, 0x00, 0x01, 0x00, 0x03, 0x00, 0xDA, 0x00, 0x01, 0x01, 0x14, 0x06,
    0xDA, 0x00, 0x02, 0x02, 0x02, 0x00, 0x11, 0xF4, 0x8B, 0x00, 0x16, 0xBC, 0x02, 0x00, 0x00, 0x02,
    0x03, 0x01, 0x04, 0x03, 0x01, 0x01, 0x11, 0x1E, 0xDA, 0x00, 0x02, 0x02, 0x01, 0x01, 0x05, 0x8C,
    0x87, 0x00, 0x03, 0x04, 0x01, 0x01, 0x17, 0xA6, 0x87, 0x00, 0x04, 0x04, 0x01, 0x01, 0x07, 0xBC,
    0x02, 0x00, 0x00, 0x03, 0x07, 0x01, 0x02, 0x0C, 0x07, 0x00, 0x03, 0x2C, 0xDA, 0x00, 0x06, 0xCE,
    0x87, 0x00, 0x07, 0xA4, 0x29, 0x00, 0x0B, 0xBC, 0x02, 0x00, 0x15, 0x34, 0xDA, 0x00, 0x16, 0x3C,
    0xDA, 0x00, 0x00, 0x01, 0x01, 0x00, 0x03, 0x44, 0x92, 0x00, 0x01, 0x00, 0x15, 0x64, 0xDA, 0x00,
    0x01, 0x01, 0x16, 0xB0, 0xA3, 0x00, 0x00, 0x02, 0x01, 0x01, 0x0E, 0x5A, 0x02, 0x00, 0x02, 0x04,
    0x02, 0x00, 0x05, 0x4E, 0x95, 0x00, 0x07, 0x52, 0x92, 0x00, 0x02, 0x01, 0x0B, 0x80, 0xDA, 0x00,
    0x1B, 0xFA, 0x06, 0x00, 0x01, 0x04, 0x04, 0x00, 0x03, 0x78, 0xDA, 0x00, 0x07, 0xD4, 0x06, 0x00,
    0x0A, 0x06, 0xCC, 0x00, 0x14, 0x8A, 0xDA, 0x00, 0x0B, 0x00, 0x02, 0xA4, 0x29, 0x00, 0x06, 0xEA,
    0xD9, 0x00, 0x09, 0x0C, 0xDA, 0x00, 0x0E, 0x14, 0xDA, 0x00, 0x0F, 0x24, 0xDA, 0x00, 0x10, 0x44,
    0xDA, 0x00, 0x11, 0xAE, 0x93, 0x00, 0x14, 0x6A, 0xDA, 0x00, 0x15, 0x70, 0xDA, 0x00, 0x16, 0x96,
    0xDA, 0x00, 0x18, 0x28, 0x11, 0x00, 0x00, 0x03, 0x00, 0x03, 0x02, 0x03, 0x04, 0x05, 0x01, 0x01,
    0x04, 0xD6, 0xDA, 0x00, 0x03, 0x04, 0x02, 0x00, 0x03, 0xDE, 0xDA, 0x00, 0x09, 0xBC, 0x02, 0x00,
    0x01, 0x00, 0x03, 0x1A, 0x0E, 0x00, 0x03, 0x00, 0x03, 0x1A, 0x0E, 0x00, 0x07, 0x0C, 0xC2, 0x00,
    0x16, 0xF0, 0xDA, 0x00, 0x01, 0x00, 0x09, 0x40, 0x03, 0x00, 0x01, 0x00, 0x0B, 0x30, 0x8A, 0x00,
    0x01, 0x00, 0x0E, 0x0A, 0xDB, 0x00, 0x02, 0x01, 0x03, 0x04, 0xDB, 0x00, 0x0B, 0x10, 0xDB, 0x00,
    0x01, 0x04, 0x02, 0x00, 0x0B, 0xF6, 0xDA, 0x00, 0x0E, 0x16, 0xDB, 0x00, 0x02, 0x01, 0x0B, 0x8C,
    0x87, 0x00, 0x1B, 0x44, 0x92, 0x00, 0x01, 0x04, 0x01, 0x00, 0x0E, 0x2C, 0xDB, 0x00, 0x00, 0x02,
    0x02, 0x06, 0x03, 0x03, 0x01, 0x00, 0x02, 0x3E, 0xDB, 0x00, 0x01, 0x00, 0x15, 0x44, 0xDB, 0x00,
    0x00, 0x03, 0x02, 0x01, 0x03, 0x02, 0x05, 0x01, 0x01, 0x00, 0x16, 0x50, 0xDB, 0x00, 0x02, 0x00,
    0x14, 0x50, 0xDB, 0x00, 0x15, 0x58, 0xDB, 0x00, 0x01, 0x00, 0x07, 0x5E, 0xDB, 0x00, 0x01, 0x01,
    0x16, 0x68, 0xDB, 0x00, 0x01, 0x04, 0x07, 0x00, 0x03, 0xBC, 0x02, 0x00, 0x06, 0x1A, 0x0E, 0x00,
    0x07, 0xBC, 0x96, 0x00, 0x09, 0x38, 0xDB, 0x00, 0x0B, 0x4A, 0xDB, 0x00, 0x16, 0xBC, 0x02, 0x00,
    0x17, 0x6E, 0xDB, 0x00, 0x01, 0x00, 0x02, 0xBC, 0x02, 0x00, 0x01, 0x00, 0x14, 0x94, 0xDB, 0x00,
    0x01, 0x00, 0x1B, 0x44, 0x92, 0x00, 0x02, 0x00, 0x0B, 0xBC, 0x02, 0x00, 0x14, 0xA0, 0xDB, 0x00,
    0x03, 0x01, 0x07, 0x9A, 0xDB, 0x00, 0x0E, 0x8C, 0x87, 0x00, 0x16, 0xA6, 0xDB, 0x00, 0x01, 0x02,
    0x01, 0x00, 0x0A, 0xA4, 0x29, 0x00, 0x0A, 0x00, 0x02, 0x4E, 0x95, 0x00, 0x03, 0xFA, 0x06, 0x00,
    0x06, 0xE6, 0xDA, 0x00, 0x09, 0xBC, 0x02, 0x00, 0x0E, 0x22, 0xDB, 0x00, 0x10, 0x76, 0xDB, 0x00,
    0x11, 0x10, 0x8F, 0x00, 0x15, 0xB0, 0xDB, 0x00, 0x16, 0xC0, 0xDB, 0x00, 0x1C, 0x0C, 0x07, 0x00,
    0x02, 0x00, 0x04, 0x5E, 0x55, 0x00, 0x14, 0x7E, 0xC9, 0x00, 0x01, 0x01, 0x03, 0xF0, 0xDB, 0x00,
    0x01, 0x01, 0x01, 0x00, 0x10, 0x26, 0x1A, 0x00, 0x03, 0x02, 0x03, 0x28, 0x11, 0x00, 0x0B, 0x02,
    0xDC, 0x00, 0x11, 0x28, 0x11, 0x00, 0x00, 0x04, 0x01, 0x01, 0x01, 0x03, 0x0B, 0xFE, 0x96, 0x00,
    0x00, 0x05, 0x03, 0x01, 0x05, 0x01, 0x01, 0x00, 0x16, 0x1A, 0xDC, 0x00, 0x01, 0x01, 0x03, 0x26,
    0xDC, 0x00, 0x00, 0x04, 0x01, 0x00, 0x14, 0x2C, 0xDC, 0x00, 0x01, 0x00, 0x15, 0xAC, 0x9E, 0x00,
    0x01, 0x00, 0x03, 0x3A, 0xDC, 0x00, 0x01, 0x00, 0x0E, 0x40, 0xDC, 0x00, 0x01, 0x01, 0x07, 0x8C,
    0x87, 0x00, 0x04, 0x02, 0x01, 0x00, 0x15, 0x4C, 0xDC, 0x00, 0x00, 0x02, 0x03, 0x01, 0x04, 0x05,
    0x02, 0x00, 0x05, 0x5A, 0xDC, 0x00, 0x15, 0x80, 0x92, 0x00, 0x01, 0x00, 0x07, 0x60, 0xDC, 0x00,
    0x02, 0x00, 0x16, 0x8C, 0x87, 0x00, 0x1B, 0x3C, 0x8D, 0x00, 0x03, 0x00, 0x03, 0x48, 0x01, 0x00,
    0x15, 0xD2, 0xC1, 0x00, 0x1C, 0xFA, 0x06, 0x00, 0x00, 0x02, 0x02, 0x04, 0x04, 0x01, 0x01, 0x00,
    0x10, 0x88, 0xDC, 0x00, 0x00, 0x02, 0x04, 0x01, 0x05, 0x06, 0x04, 0x00, 0x05, 0x6C, 0x8E, 0x00,
    0x07, 0x8E, 0xDC, 0x00, 0x0E, 0x1A, 0x90, 0x00, 0x15, 0x94, 0xDC, 0x00, 0x05, 0x00, 0x07, 0x70,
    0xDC, 0x00, 0x09, 0x3A, 0x8E, 0x00, 0x0B, 0x7A, 0xDC, 0x00, 0x11, 0x9A, 0xDC, 0x00, 0x1B, 0x9A,
    0x34, 0x00, 0x00, 0x02, 0x04, 0x06, 0x05, 0x05, 0x01, 0x00, 0x15, 0xC2, 0xDC, 0x00, 0x01, 0x00,
    0x0B, 0xC8, 0xDC, 0x00, 0x01, 0x00, 0x10, 0xCE, 0xDC, 0x00, 0x02, 0x01, 0x03, 0x40, 0xA9, 0x00,
    0x11, 0xD4, 0xDC, 0x00, 0x02, 0x02, 0x02, 0x01, 0x07, 0x9E, 0x94, 0x00, 0x12, 0xFA, 0x06, 0x00,
    0x03, 0x02, 0x00, 0x02, 0x04, 0x04, 0x06, 0x02, 0x01, 0x00, 0x16, 0xF2, 0xDC, 0x00, 0x01, 0x01,
    0x07, 0xF8, 0xDC, 0x00, 0x04, 0x03, 0x01, 0x00, 0x0A, 0xFE, 0xDC, 0x00, 0x01, 0x00, 0x10, 0x0A,
    0xBC, 0x00, 0x01, 0x01, 0x0B, 0x0C, 0xDD, 0x00, 0x00, 0x03, 0x02, 0x00, 0x08, 0x44, 0x92, 0x00,
    0x15, 0x12, 0xDD, 0x00, 0x0E, 0x01, 0x05, 0x34, 0xDC, 0x00, 0x06, 0x7E, 0x08, 0x00, 0x07, 0x46,
    0xDC, 0x00, 0x09, 0x24, 0x97, 0x00, 0x0B, 0x54, 0xDC, 0x00, 0x0D, 0xA4, 0x29, 0x00, 0x0E, 0x6A,
    0xDC, 0x00, 0x0F, 0x20, 0x96, 0x00, 0x10, 0xAC, 0xDC, 0x00, 0x14, 0xDA, 0xDC, 0x00, 0x15, 0xE6,
    0xDC, 0x00, 0x16, 0x06, 0xDD, 0x00, 0x17, 0x1A, 0xDD, 0x00, 0x18, 0xA0, 0x06, 0x00, 0x00, 0x01,
    0x01, 0x01, 0x04, 0x8C, 0x87, 0x00, 0x05, 0x05, 0x02, 0x00, 0x03, 0x60, 0xDD, 0x00, 0x0B, 0x9C,
    0x87, 0x00, 0x01, 0x00, 0x14, 0x68, 0xDD, 0x00, 0x01, 0x00, 0x15, 0x1A, 0x90, 0x00, 0x01, 0x00,
    0x03, 0x78, 0xDD, 0x00, 0x05, 0x01, 0x03, 0xBC, 0x02, 0x00, 0x07, 0x8E, 0x98, 0x00, 0x10, 0x32,
    0x27, 0x00, 0x14, 0x44, 0x92, 0x00, 0x15, 0x52, 0x92, 0x00, 0x01, 0x02, 0x01, 0x00, 0x16, 0x96,
    0x8A, 0x00, 0x01, 0x00, 0x0B, 0x9C, 0xDD, 0x00, 0x04, 0x00, 0x14, 0x0A, 0x8C, 0x00, 0x15, 0xA2,
    0xDD, 0x00, 0x17, 0x8C, 0x95, 0x00, 0x18, 0x9C, 0x87, 0x00, 0x07, 0x02, 0x03, 0x72, 0xDD, 0x00,
    0x07, 0x56, 0x99, 0x00, 0x0A, 0x7E, 0xDD, 0x00, 0x0B, 0x84, 0xDD, 0x00, 0x11, 0xA8, 0xDD, 0x00,
    0x16, 0x32, 0x97, 0x00, 0x1B, 0x0C, 0x07, 0x00, 0x00, 0x04, 0x01, 0x01, 0x00, 0x02, 0x01, 0x05,
    0x06, 0x02, 0x01, 0x00, 0x0D, 0xDC, 0xDD, 0x00, 0x01, 0x00, 0x05, 0xE2, 0xDD, 0x00, 0x01, 0x01,
    0x03, 0xE8, 0xDD, 0x00, 0x01, 0x04, 0x02, 0x03, 0x0A, 0xEE, 0xDD, 0x00, 0x0B, 0x44, 0x92, 0x00,
    0x00, 0x04, 0x01, 0x01, 0x02, 0x02, 0x01, 0x00, 0x11, 0xA0, 0x06, 0x00, 0x01, 0x00, 0x14, 0x06,
    0xDE, 0x00, 0x00, 0x02, 0x03, 0x02, 0x05, 0x05, 0x01, 0x01, 0x17, 0x12, 0xDE, 0x00, 0x05, 0x03,
    0x01, 0x01, 0x0B, 0x18, 0xDE, 0x00, 0x00, 0x05, 0x02, 0x00, 0x03, 0xEA, 0x9E, 0x00, 0x16, 0x20,
    0xDE, 0x00, 0x06, 0x01, 0x06, 0x0C, 0xDE, 0x00, 0x0E, 0x28, 0xDE, 0x00, 0x0F, 0x1A, 0x0E, 0x00,
    0x10, 0x44, 0x01, 0x00, 0x12, 0xA4, 0x29, 0x00, 0x17, 0x28, 0x11, 0x00, 0x00, 0x01, 0x12, 0x00,
    0x03, 0x66, 0xD9, 0x00, 0x04, 0xB0, 0xD9, 0x00, 0x05, 0xF6, 0x64, 0x00, 0x07, 0xA8, 0xDA, 0x00,
    0x08, 0x02, 0x9E, 0x00, 0x0A, 0x96, 0x07, 0x00, 0x0B, 0xC6, 0xDB, 0x00, 0x0D, 0xA4, 0x29, 0x00,
    0x0E, 0x02, 0x9E, 0x00, 0x0F, 0xFA, 0xDB, 0x00, 0x10, 0x08, 0xDC, 0x00, 0x11, 0x24, 0xDD, 0x00,
    0x12, 0xBA, 0xDD, 0x00, 0x14, 0x70, 0x14, 0x00, 0x15, 0xF6, 0xDD, 0x00, 0x16, 0xA4, 0x29, 0x00,
    0x17, 0x32, 0xDE, 0x00, 0x19, 0xA4, 0x29, 0x00, 0x01, 0x03, 0x17, 0x26, 0x1A, 0x00, 0x00, 0x02,
    0x01, 0x01, 0x02, 0x02, 0x03, 0x00, 0x02, 0xA4, 0x29, 0x00, 0x03, 0x28, 0x11, 0x00, 0x16, 0x44,
    0x92, 0x00, 0x01, 0x00, 0x14, 0x2E, 0xBC, 0x00, 0x01, 0x00, 0x07, 0xB2, 0xDE, 0x00, 0x01, 0x01,
    0x03, 0x52, 0x92, 0x00, 0x02, 0x04, 0x02, 0x00, 0x0B, 0xBE, 0xDE, 0x00, 0x16, 0xA4, 0x29, 0x00,
    0x01, 0x00, 0x0B, 0x80, 0x92, 0x00, 0x01, 0x00, 0x0B, 0x1A, 0x90, 0x00, 0x03, 0x01, 0x05, 0xD6,
    0xDE, 0x00, 0x0B, 0xB2, 0x89, 0x00, 0x0D, 0x48, 0x5A, 0x00, 0x01, 0x02, 0x01, 0x00, 0x02, 0x9E,
    0xAA, 0x00, 0x01, 0x00, 0x15, 0xEC, 0xDE, 0x00, 0x01, 0x01, 0x0A, 0xF2, 0xDE, 0x00, 0x03, 0x03,
    0x05, 0x00, 0x05, 0xF8, 0xDE, 0x00, 0x07, 0xA4, 0x29, 0x00, 0x0B, 0x5A, 0x02, 0x00, 0x0E, 0xBC,
    0x02, 0x00, 0x0F, 0x44, 0x92, 0x00, 0x02, 0x01, 0x05, 0xBC, 0x02, 0x00, 0x16, 0xC4, 0x9C, 0x00,
    0x01, 0x04, 0x01, 0x00, 0x0F, 0xF6, 0xA9, 0x00, 0x02, 0x01, 0x03, 0xB6, 0x92, 0x00, 0x11, 0x22,
    0xDF, 0x00, 0x01, 0x02, 0x02, 0x01, 0x15, 0x54, 0x91, 0x00, 0x16, 0x1A, 0x0E, 0x00, 0x01, 0x02,
    0x0C, 0x01, 0x04, 0x98, 0xDE, 0x00, 0x05, 0xA4, 0xDE, 0x00, 0x09, 0xB8, 0xDE, 0x00, 0x0D, 0xBC,
    0x02, 0x00, 0x0E, 0xC6, 0xDE, 0x00, 0x0F, 0xD0, 0xDE, 0x00, 0x10, 0xDC, 0xDE, 0x00, 0x14, 0x00,
    0xDF, 0x00, 0x15, 0x16, 0xDF, 0x00, 0x16, 0x28, 0xDF, 0x00, 0x17, 0x34, 0xDF, 0x00, 0x18, 0xCE,
    0x87, 0x00, 0x00, 0x01, 0x01, 0x00, 0x15, 0x40, 0xB1, 0x00, 0x00, 0x03, 0x01, 0x03, 0x03, 0x02,
    0x05, 0x01, 0x01, 0x00, 0x16, 0x7A, 0xDF, 0x00, 0x02, 0x00, 0x11, 0x44, 0x92, 0x00, 0x15, 0x82,
    0xDF, 0x00, 0x02, 0x00, 0x0E, 0x44, 0x92, 0x00, 0x15, 0xC6, 0x06, 0x00, 0x03, 0x00, 0x03, 0xC6,
    0x06, 0x00, 0x07, 0x88, 0xDF, 0x00, 0x0B, 0x92, 0xDF, 0x00, 0x02, 0x00, 0x10, 0xD4, 0x06, 0x00,
    0x16, 0x28, 0x11, 0x00, 0x01, 0x00, 0x17, 0xC2, 0xCA, 0x00, 0x07, 0x00, 0x03, 0x20, 0x89, 0x00,
    0x07, 0x74, 0xDF, 0x00, 0x0A, 0x9C, 0xDF, 0x00, 0x0B, 0xAA, 0xDF, 0x00, 0x11, 0xB4, 0xDF, 0x00,
    0x14, 0xF6, 0x06, 0x00, 0x17, 0xF6, 0x06, 0x00, 0x02, 0x00, 0x0B, 0x26, 0x1A, 0x00, 0x10, 0x44,
    0x92, 0x00, 0x01, 0x01, 0x15, 0x82, 0x96, 0x00, 0x01, 0x01, 0x01, 0x00, 0x0D, 0xF6, 0x06, 0x00,
    0x01, 0x00, 0x05, 0xEA, 0xDF, 0x00, 0x05, 0x00, 0x04, 0xBC, 0x02, 0x00, 0x07, 0xF0, 0xDF, 0x00,
    0x08, 0xB6, 0xAB, 0x00, 0x16, 0xF6, 0x06, 0x00, 0x1C, 0xC6, 0x06, 0x00, 0x01, 0x00, 0x0A, 0xFE,
    0x9E, 0x00, 0x02, 0x00, 0x05, 0x44, 0x92, 0x00, 0x14, 0xBC, 0x02, 0x00, 0x06, 0x00, 0x03, 0xD8,
    0xDF, 0x00, 0x07, 0xE2, 0xDF, 0x00, 0x0B, 0xF6, 0xDF, 0x00, 0x16, 0x0C, 0xE0, 0x00, 0x17, 0x12,
    0xE0, 0x00, 0x19, 0x92, 0x99, 0x00, 0x01, 0x00, 0x0D, 0xFA, 0x06, 0x00, 0x01, 0x00, 0x05, 0x36,
    0xE0, 0x00, 0x02, 0x01, 0x03, 0x3C, 0xE0, 0x00, 0x17, 0x5A, 0x02, 0x00, 0x02, 0x02, 0x01, 0x01,
    0x0D, 0x4E, 0x95, 0x00, 0x02, 0x02, 0x01, 0x00, 0x18, 0x8C, 0x87, 0x00, 0x01, 0x01, 0x0B, 0x56,
    0xE0, 0x00, 0x02, 0x04, 0x01, 0x00, 0x16, 0x5C, 0xE0, 0x00, 0x02, 0x00, 0x03, 0x64, 0xE0, 0x00,
    0x07, 0x4E, 0x95, 0x00, 0x02, 0x00, 0x03, 0x28, 0x11, 0x00, 0x0B, 0x5E, 0x9E, 0x00, 0x02, 0x00,
    0x0B, 0x52, 0x92, 0x00, 0x11, 0x28, 0x11, 0x00, 0x01, 0x01, 0x07, 0xA4, 0x29, 0x00, 0x00, 0x01,
    0x02, 0x00, 0x04, 0x9C, 0x87, 0x00, 0x14, 0x26, 0x1A, 0x00, 0x04, 0x01, 0x03, 0x90, 0xE0, 0x00,
    0x07, 0x0C, 0x07, 0x00, 0x0B, 0xDE, 0x97, 0x00, 0x14, 0xBC, 0x02, 0x00, 0x01, 0x01, 0x01, 0x00,
    0x0B, 0x64, 0x0B, 0x00, 0x05, 0x01, 0x02, 0x96, 0x07, 0x00, 0x0D, 0xAE, 0xE0, 0x00, 0x12, 0xA4,
    0x29, 0x00, 0x16, 0x96, 0x07, 0x00, 0x19, 0xA4, 0x29, 0x00, 0x00, 0x01, 0x01, 0x00, 0x0B, 0xB0,
    0xD5, 0x00, 0x01, 0x01, 0x07, 0x44, 0x92, 0x00, 0x02, 0x04, 0x11, 0x00, 0x02, 0x96, 0x07, 0x00,
    0x03, 0x06, 0x98, 0x00, 0x04, 0x42, 0xE0, 0x00, 0x05, 0x4E, 0xE0, 0x00, 0x06, 0x96, 0x07, 0x00,
    0x09, 0x6A, 0xE0, 0x00, 0x0E, 0x74, 0xE0, 0x00, 0x0F, 0x7E, 0xE0, 0x00, 0x10, 0x88, 0xE0, 0x00,
    0x11, 0x1A, 0x0E, 0x00, 0x12, 0x24, 0x97, 0x00, 0x13, 0xA0, 0x06, 0x00, 0x14, 0x9A, 0xE0, 0x00,
    0x15, 0xB4, 0xE0, 0x00, 0x16, 0xCC, 0xE0, 0x00, 0x18, 0xD2, 0xE0, 0x00, 0x19, 0x28, 0x11, 0x00,
    0x01, 0x00, 0x07, 0x42, 0xD1, 0x00, 0x01, 0x00, 0x16, 0x20, 0xE1, 0x00, 0x01, 0x00, 0x0B, 0x26,
    0xE1, 0x00, 0x01, 0x00, 0x10, 0x2C, 0xE1, 0x00, 0x01, 0x01, 0x0B, 0x32, 0xE1, 0x00, 0x01, 0x03,
    0x01, 0x00, 0x04, 0x26, 0x1A, 0x00, 0x01, 0x02, 0x15, 0x8C, 0x87, 0x00, 0x03, 0x04, 0x04, 0x04,
    0x01, 0x00, 0x07, 0x46, 0xE1, 0x00, 0x02, 0x00, 0x07, 0x44, 0x92, 0x00, 0x0B, 0xC6, 0x06, 0x00,
    0x03, 0x00, 0x0E, 0xC6, 0x06, 0x00, 0x10, 0x50, 0xE1, 0x00, 0x14, 0x56, 0xE1, 0x00, 0x02, 0x00,
    0x03, 0x52, 0x92, 0x00, 0x11, 0xD4, 0x06, 0x00, 0x03, 0x00, 0x04, 0xC6, 0x06, 0x00, 0x10, 0xD4,
    0x06, 0x00, 0x16, 0x44, 0x92, 0x00, 0x01, 0x00, 0x18, 0x48, 0x5A, 0x00, 0x01, 0x00, 0x14, 0xD4,
    0x06, 0x00, 0x02, 0x00, 0x0A, 0x52, 0x92, 0x00, 0x12, 0x8C, 0xE1, 0x00, 0x01, 0x01, 0x0F, 0x26,
    0x1A, 0x00, 0x01, 0x01, 0x09, 0x00, 0x03, 0x40, 0xE1, 0x00, 0x07, 0x60, 0xE1, 0x00, 0x0A, 0x6E,
    0xE1, 0x00, 0x0B, 0x78, 0xE1, 0x00, 0x0E, 0x5C, 0xB7, 0x00, 0x11, 0x86, 0xE1, 0x00, 0x15, 0x92,
    0xE1, 0x00, 0x17, 0x9C, 0xE1, 0x00, 0x1B, 0x0C, 0x07, 0x00, 0x01, 0x01, 0x04, 0x48, 0x01, 0x00,
    0x03, 0x04, 0x02, 0x03, 0x03, 0xCA, 0xE1, 0x00, 0x07, 0xBC, 0x02, 0x00, 0x00, 0x04, 0x01, 0x01,
    0x02, 0x04, 0x01, 0x01, 0x02, 0xF2, 0xC8, 0x00, 0x02, 0x03, 0x02, 0x02, 0x10, 0xE2, 0xE1, 0x00,
    0x12, 0x28, 0x11, 0x00, 0x00, 0x03, 0x01, 0x04, 0x02, 0x00, 0x03, 0xFA, 0x06, 0x00, 0x0E, 0x28,
    0x11, 0x00, 0x01, 0x01, 0x0B, 0x52, 0x92, 0x00, 0x02, 0x04, 0x01, 0x01, 0x05, 0x86, 0x92, 0x00,
    0x02, 0x02, 0x01, 0x00, 0x0B, 0x0A, 0xE2, 0x00, 0x01, 0x01, 0x0B, 0xCC, 0x9E, 0x00, 0x01, 0x01,
    0x02, 0x01, 0x07, 0x5E, 0xA4, 0x00, 0x09, 0xBC, 0x02, 0x00, 0x01, 0x01, 0x02, 0x00, 0x02, 0x4E,
    0x95, 0x00, 0x16, 0xFA, 0x88, 0x00, 0x04, 0x01, 0x0A, 0x26, 0x1A, 0x00, 0x0B, 0x38, 0xA1, 0x00,
    0x11, 0x06, 0x98, 0x00, 0x14, 0xFA, 0x06, 0x00, 0x01, 0x02, 0x0C, 0x00, 0x03, 0xEA, 0xE1, 0x00,
    0x04, 0xF8, 0xE1, 0x00, 0x06, 0x02, 0xE2, 0x00, 0x07, 0x32, 0x97, 0x00, 0x08, 0x12, 0xE2, 0x00,
    0x09, 0x54, 0x94, 0x00, 0x0D, 0xBC, 0x02, 0x00, 0x0F, 0x18, 0xE2, 0x00, 0x10, 0x20, 0xE2, 0x00,
    0x11, 0x28, 0x11, 0x00, 0x15, 0x2C, 0xE2, 0x00, 0x16, 0x36, 0xE2, 0x00, 0x02, 0x00, 0x14, 0x26,
    0xA5, 0x00, 0x16, 0xC6, 0x06, 0x00, 0x01, 0x00, 0x17, 0xA6, 0xB4, 0x00, 0x04, 0x02, 0x07, 0x7C,
    0xE2, 0x00, 0x0B, 0x28, 0x9A, 0x00, 0x0E, 0xF6, 0x06, 0x00, 0x14, 0x86, 0xE2, 0x00, 0x00, 0x04,
    0x02, 0x02, 0x01, 0x02, 0x07, 0x82, 0xBC, 0x00, 0x00, 0x04, 0x01, 0x01, 0x01, 0x01, 0x16, 0x48,
    0x5A, 0x00, 0x03, 0x04, 0x01, 0x01, 0x07, 0xAC, 0xE2, 0x00, 0x01, 0x05, 0x02, 0x00, 0x03, 0x46,
    0xAA, 0x00, 0x18, 0xBC, 0x02, 0x00, 0x02, 0x03, 0x07, 0xBC, 0x02, 0x00, 0x0B, 0xBC, 0xE2, 0x00,
    0x00, 0x04, 0x01, 0x01, 0x02, 0x02, 0x01, 0x01, 0x07, 0xFA, 0x06, 0x00, 0x03, 0x04, 0x01, 0x00,
    0x0E, 0xD6, 0xE2, 0x00, 0x00, 0x03, 0x00, 0x05, 0x03, 0x03, 0x05, 0x01, 0x01, 0x00, 0x15, 0xE4,
    0xE2, 0x00, 0x01, 0x00, 0x11, 0xEC, 0xE2, 0x00, 0x01, 0x00, 0x14, 0xF2, 0xE2, 0x00, 0x02, 0x00,
    0x07, 0xF8, 0xE2, 0x00, 0x0E, 0x44, 0x92, 0x00, 0x01, 0x01, 0x07, 0x48, 0x5A, 0x00, 0x00, 0x04,
    0x01, 0x00, 0x15, 0x18, 0x8D, 0x00, 0x00, 0x02, 0x02, 0x05, 0x03, 0x04, 0x01, 0x00, 0x15, 0x4E,
    0x95, 0x00, 0x01, 0x00, 0x0B, 0x1C, 0xE3, 0x00, 0x01, 0x00, 0x09, 0x22, 0xE3, 0x00, 0x02, 0x00,
    0x0B, 0x16, 0xE3, 0x00, 0x11, 0x28, 0xE3, 0x00, 0x01, 0x00, 0x11, 0xEC, 0xA1, 0x00, 0x01, 0x00,
    0x10, 0x38, 0xE3, 0x00, 0x00, 0x02, 0x01, 0x01, 0x02, 0x01, 0x01, 0x00, 0x16, 0x44, 0xE3, 0x00,
    0x03, 0x00, 0x05, 0x1A, 0x0E, 0x00, 0x15, 0x4A, 0xE3, 0x00, 0x1C, 0x0C, 0xC2, 0x00, 0x05, 0x00,
    0x03, 0x70, 0xBC, 0x00, 0x07, 0x3E, 0xE3, 0x00, 0x0B, 0x50, 0xE3, 0x00, 0x11, 0x28, 0x11, 0x00,
    0x1B, 0xFA, 0x06, 0x00, 0x01, 0x00, 0x09, 0xBC, 0x02, 0x00, 0x01, 0x00, 0x13, 0x24, 0x01, 0x00,
    0x01, 0x00, 0x11, 0x7C, 0x26, 0x00, 0x02, 0x01, 0x15, 0x80, 0xE3, 0x00, 0x1C, 0x44, 0x92, 0x00,
    0x03, 0x05, 0x03, 0x01, 0x03, 0x74, 0xE3, 0x00, 0x07, 0x7A, 0xE3, 0x00, 0x0B, 0x86, 0xE3, 0x00,
    0x02, 0x04, 0x00, 0x03, 0x00, 0x05, 0x03, 0x05, 0x04, 0x05, 0x00, 0x02, 0x00, 0x05, 0x03, 0x01,
    0x01, 0x00, 0x02, 0xAA, 0xE3, 0x00, 0x02, 0x00, 0x0B, 0xA2, 0xE3, 0x00, 0x1B, 0xB0, 0xE3, 0x00,
    0x01, 0x00, 0x0E, 0xB6, 0xE3, 0x00, 0x01, 0x01, 0x11, 0xC0, 0xE3, 0x00, 0x00, 0x04, 0x02, 0x00,
    0x04, 0x8C, 0x87, 0x00, 0x14, 0x8E, 0x9C, 0x00, 0x01, 0x00, 0x03, 0xCE, 0xE3, 0x00, 0x03, 0x00,
    0x05, 0xA4, 0x29, 0x00, 0x07, 0xBC, 0x02, 0x00, 0x16, 0x8C, 0x87, 0x00, 0x01, 0x01, 0x10, 0x1A,
    0x0E, 0x00, 0x00, 0x01, 0x00, 0x02, 0x03, 0x03, 0x05, 0x03, 0x01, 0x00, 0x04, 0xD4, 0x06, 0x00,
    0x02, 0x00, 0x0E, 0xF4, 0xE3, 0x00, 0x0F, 0xFA, 0xE3, 0x00, 0x01, 0x00, 0x07, 0x00, 0xE4, 0x00,
    0x01, 0x00, 0x0E, 0x48, 0x01, 0x00, 0x10, 0x00, 0x04, 0xDE, 0xE2, 0x00, 0x05, 0xFE, 0xE2, 0x00,
    0x06, 0xE4, 0xA6, 0x00, 0x07, 0x1A, 0x0E, 0x00, 0x09, 0x08, 0xE3, 0x00, 0x0B, 0x10, 0xE3, 0x00,
    0x0E, 0x2E, 0xE3, 0x00, 0x0F, 0x5E, 0xE3, 0x00, 0x10, 0x92, 0xE3, 0x00, 0x12, 0xC6, 0xE3, 0x00,
    0x14, 0xD8, 0xE3, 0x00, 0x15, 0xDE, 0xE3, 0x00, 0x16, 0xD4, 0x95, 0x00, 0x17, 0xEC, 0xE3, 0x00,
    0x18, 0x0A, 0xE4, 0x00, 0x19, 0x10, 0xE4, 0x00, 0x01, 0x00, 0x07, 0x7E, 0x89, 0x00, 0x02, 0x02,
    0x0B, 0xBC, 0x02, 0x00, 0x14, 0x58, 0xE4, 0x00, 0x01, 0x01, 0x02, 0x04, 0x01, 0x01, 0x17, 0xBC,
    0x02, 0x00, 0x01, 0x01, 0x02, 0x00, 0x04, 0x52, 0x92, 0x00, 0x16, 0xD6, 0xDE, 0x00, 0x01, 0x01,
    0x07, 0x2A, 0xB2, 0x00, 0x02, 0x04, 0x01, 0x01, 0x15, 0x1C, 0x26, 0x00, 0x01, 0x02, 0x02, 0x00,
    0x06, 0x6C, 0x01, 0x00, 0x09, 0x48, 0x5A, 0x00, 0x01, 0x01, 0x11, 0x24, 0x97, 0x00, 0x02, 0x03,
    0x01, 0x00, 0x03, 0x54, 0x90, 0x00, 0x09, 0x03, 0x03, 0x74, 0xE4, 0x00, 0x05, 0x7E, 0xE4, 0x00,
    0x07, 0x86, 0xE4, 0x00, 0x0B, 0x8E, 0xE4, 0x00, 0x0E, 0x0C, 0x07, 0x00, 0x0F, 0x98, 0xE4, 0x00,
    0x11, 0x16, 0x9A, 0x00, 0x12, 0xB2, 0x96, 0x00, 0x16, 0xA0, 0xE4, 0x00, 0x00, 0x02, 0x01, 0x01,
    0x02, 0x02, 0x01, 0x00, 0x14, 0xD2, 0x8A, 0x00, 0x02, 0x00, 0x07, 0xC6, 0x06, 0x00, 0x09, 0x1C,
    0x26, 0x00, 0x05, 0x01, 0x04, 0x44, 0x92, 0x00, 0x07, 0x6E, 0x87, 0x00, 0x08, 0x44, 0x01, 0x00,
    0x10, 0xD8, 0xE4, 0x00, 0x12, 0xBC, 0x02, 0x00, 0x02, 0x02, 0x01, 0x00, 0x12, 0x6C, 0x01, 0x00,
    0x01, 0x00, 0x0E, 0x52, 0x8B, 0x00, 0x01, 0x00, 0x0E, 0x00, 0xE5, 0x00, 0x02, 0x00, 0x07, 0xFA,
    0xE4, 0x00, 0x11, 0x06, 0xE5, 0x00, 0x01, 0x00, 0x0F, 0x54, 0x91, 0x00, 0x06, 0x01, 0x03, 0x98,
    0xB8, 0x00, 0x07, 0xD2, 0xE4, 0x00, 0x0B, 0xE2, 0xE4, 0x00, 0x14, 0x0C, 0xE5, 0x00, 0x15, 0x28,
    0x11, 0x00, 0x17, 0x16, 0xE5, 0x00, 0x01, 0x01, 0x01, 0x00, 0x08, 0xCE, 0x87, 0x00, 0x02, 0x00,
    0x10, 0xC6, 0x06, 0x00, 0x16, 0x20, 0x9F, 0x00, 0x02, 0x01, 0x07, 0xD4, 0x06, 0x00, 0x0B, 0x44,
    0x92, 0x00, 0x01, 0x04, 0x00, 0x02, 0x00, 0x03, 0x02, 0x04, 0x09, 0x00, 0x03, 0xD4, 0x06, 0x00,
    0x06, 0x28, 0x11, 0x00, 0x07, 0xAE, 0x93, 0x00, 0x08, 0x38, 0xE5, 0x00, 0x0B, 0x3E, 0xE5, 0x00,
    0x0F, 0x48, 0xE5, 0x00, 0x10, 0x54, 0xE5, 0x00, 0x11, 0xC6, 0x06, 0x00, 0x16, 0xFE, 0x9E, 0x00,
    0x02, 0x00, 0x0F, 0xBC, 0x02, 0x00, 0x12, 0xBC, 0x02, 0x00, 0x01, 0x01, 0x03, 0xC6, 0x06, 0x00,
    0x00, 0x04, 0x19, 0x00, 0x03, 0x40, 0xDF, 0x00, 0x04, 0x06, 0xAC, 0x00, 0x05, 0xBA, 0xDF, 0x00,
    0x06, 0x1C, 0xE0, 0x00, 0x07, 0xDA, 0xE0, 0x00, 0x08, 0x38, 0xE1, 0x00, 0x09, 0xA4, 0xE1, 0x00,
    0x0A, 0xD2, 0xE1, 0x00, 0x0B, 0x4A, 0xE2, 0x00, 0x0C, 0xF6, 0x06, 0x00, 0x0D, 0x8C, 0xE2, 0x00,
    0x0E, 0xA2, 0xE2, 0x00, 0x0F, 0xB4, 0xE2, 0x00, 0x10, 0xC6, 0xE2, 0x00, 0x11, 0x16, 0xE4, 0x00,
    0x12, 0x5E, 0xE4, 0x00, 0x13, 0xF6, 0x06, 0x00, 0x14, 0x6C, 0xE4, 0x00, 0x15, 0xA6, 0xE4, 0x00,
    0x16, 0x1C, 0xE5, 0x00, 0x17, 0x5A, 0xE5, 0x00, 0x18, 0x9A, 0x1D, 0x00, 0x19, 0x74, 0x27, 0x00,
    0x1B, 0x80, 0xE5, 0x00, 0x1C, 0x8A, 0xE5, 0x00, 0x01, 0x00, 0x15, 0x0C, 0xC2, 0x00, 0x01, 0x00,
    0x07, 0xF8, 0xE5, 0x00, 0x02, 0x00, 0x07, 0xBC, 0x02, 0x00, 0x16, 0x96, 0x8A, 0x00, 0x05, 0x01,
    0x06, 0x5A, 0x02, 0x00, 0x0E, 0xFE, 0xE5, 0x00, 0x14, 0xD8, 0xC3, 0x00, 0x15, 0x04, 0xE6, 0x00,
    0x16, 0xC4, 0x9C, 0x00, 0x00, 0x04, 0x02, 0x00, 0x04, 0xAC, 0x96, 0x00, 0x14, 0x44, 0x92, 0x00,
    0x01, 0x01, 0x09, 0x52, 0x92, 0x00, 0x01, 0x02, 0x01, 0x01, 0x10, 0x30, 0xE6, 0x00, 0x01, 0x01,
    0x01, 0x00, 0x09, 0x74, 0x34, 0x00, 0x01, 0x00, 0x0B, 0x40, 0xE6, 0x00, 0x06, 0x00, 0x03, 0x26,
    0xE6, 0x00, 0x07, 0x5E, 0x8E, 0x00, 0x0B, 0x38, 0xE6, 0x00, 0x0E, 0x46, 0xE6, 0x00, 0x14, 0xC6,
    0x06, 0x00, 0x17, 0xB6, 0x92, 0x00, 0x02, 0x01, 0x03, 0xA6, 0x96, 0x00, 0x07, 0x56, 0x99, 0x00,
    0x03, 0x04, 0x02, 0x00, 0x08, 0x48, 0x01, 0x00, 0x0E, 0x26, 0x1A, 0x00, 0x01, 0x00, 0x03, 0xB8,
    0xAF, 0x00, 0x01, 0x00, 0x06, 0x26, 0x1A, 0x00, 0x01, 0x00, 0x0B, 0x42, 0x9B, 0x00, 0x02, 0x00,
    0x05, 0xFA, 0x06, 0x00, 0x16, 0x88, 0xE6, 0x00, 0x03, 0x00, 0x03, 0x8E, 0xE6, 0x00, 0x07, 0x48,
    0x01, 0x00, 0x0B, 0x9C, 0xCE, 0x00, 0x01, 0x00, 0x11, 0xC2, 0xCA, 0x00, 0x02, 0x00, 0x0E, 0x80,
    0x93, 0x00, 0x14, 0xBC, 0x96, 0x00, 0x08, 0x00, 0x07, 0xF6, 0x06, 0x00, 0x0A, 0x66, 0xE6, 0x00,
    0x0B, 0x72, 0xE6, 0x00, 0x0E, 0x7C, 0xE6, 0x00, 0x11, 0x82, 0xE6, 0x00, 0x14, 0x98, 0xE6, 0x00,
    0x16, 0xA6, 0xE6, 0x00, 0x17, 0xAC, 0xE6, 0x00, 0x01, 0x00, 0x07, 0x56, 0x92, 0x00, 0x01, 0x00,
    0x0E, 0xF6, 0x89, 0x00, 0x01, 0x00, 0x0E, 0xDE, 0xE6, 0x00, 0x01, 0x00, 0x05, 0x6C, 0x01, 0x00,
    0x01, 0x00, 0x0B, 0xEA, 0xE6, 0x00, 0x03, 0x00, 0x05, 0xFA, 0x06, 0x00, 0x11, 0x5A, 0x02, 0x00,
    0x16, 0xF0, 0xE6, 0x00, 0x01, 0x02, 0x14, 0x48, 0x01, 0x00, 0x01, 0x02, 0x03, 0x04, 0x02, 0x00,
    0x02, 0x52, 0x92, 0x00, 0x15, 0x52, 0x92, 0x00, 0x01, 0x00, 0x16, 0x0E, 0xE7, 0x00, 0x01, 0x00,
    0x05, 0x18, 0xE7, 0x00, 0x05, 0x00, 0x06, 0xD8, 0xE6, 0x00, 0x07, 0xE4, 0xE6, 0x00, 0x0B, 0xF6,
    0xE6, 0x00, 0x11, 0x04, 0xE7, 0x00, 0x17, 0x1E, 0xE7, 0x00, 0x01, 0x00, 0x09, 0x44, 0x92, 0x00,
    0x01, 0x00, 0x16, 0xA8, 0x04, 0x00, 0x01, 0x01, 0x15, 0x40, 0xE7, 0x00, 0x01, 0x03, 0x05, 0x00,
    0x0E, 0x26, 0x1A, 0x00, 0x10, 0x3A, 0xE7, 0x00, 0x14, 0x46, 0xE7, 0x00, 0x16, 0xE8, 0xA0, 0x00,
    0x18, 0xC6, 0x06, 0x00, 0x02, 0x00, 0x07, 0x52, 0x92, 0x00, 0x16, 0x48, 0x5A, 0x00, 0x01, 0x01,
    0x16, 0x64, 0xE7, 0x00, 0x01, 0x02, 0x01, 0x00, 0x0B, 0x6E, 0xE7, 0x00, 0x02, 0x00, 0x0B, 0x1E,
    0x95, 0x00, 0x11, 0x26, 0x1A, 0x00, 0x02, 0x00, 0x14, 0x02, 0xCE, 0x00, 0x16, 0x7C, 0xE7, 0x00,
    0x03, 0x01, 0x10, 0xBC, 0x96, 0x00, 0x11, 0x44, 0x92, 0x00, 0x14, 0x26, 0x1A, 0x00, 0x01, 0x01,
    0x00, 0x02, 0x00, 0x01, 0x01, 0x01, 0x03, 0x00, 0x07, 0xC6, 0x06, 0x00, 0x15, 0xA0, 0xE7, 0x00,
    0x16, 0xFA, 0x06, 0x00, 0x01, 0x01, 0x1B, 0xB6, 0xAB, 0x00, 0x01, 0x04, 0x01, 0x00, 0x1C, 0x1A,
    0x0E, 0x00, 0x01, 0x00, 0x0B, 0xBC, 0xE7, 0x00, 0x01, 0x00, 0x11, 0x26, 0x1A, 0x00, 0x01, 0x01,
    0x10, 0x96, 0x07, 0x00, 0x00, 0x01, 0x08, 0x00, 0x03, 0x86, 0xE7, 0x00, 0x07, 0x90, 0xE7, 0x00,
    0x0B, 0xA6, 0xE7, 0x00, 0x0E, 0xB4, 0xE7, 0x00, 0x10, 0xC2, 0xE7, 0x00, 0x14, 0xC8, 0xE7, 0x00,
    0x17, 0xC4, 0x9C, 0x00, 0x1B, 0xCE, 0xE7, 0x00, 0x01, 0x02, 0x03, 0xF2, 0xD2, 0x00, 0x01, 0x01,
    0x02, 0x02, 0x01, 0x00, 0x15, 0x5A, 0x02, 0x00, 0x01, 0x00, 0x07, 0x02, 0xE8, 0x00, 0x01, 0x00,
    0x07, 0xFE, 0x9E, 0x00, 0x01, 0x00, 0x07, 0x80, 0x92, 0x00, 0x02, 0x00, 0x09, 0xC6, 0x06, 0x00,
    0x16, 0x34, 0x89, 0x00, 0x03, 0x00, 0x0F, 0x44, 0x92, 0x00, 0x11, 0xAE, 0x93, 0x00, 0x16, 0x5E,
    0xC2, 0x00, 0x08, 0x01, 0x05, 0x08, 0xE8, 0x00, 0x06, 0x0E, 0xE8, 0x00, 0x08, 0x04, 0xC1, 0x00,
    0x09, 0xBC, 0x02, 0x00, 0x0E, 0x14, 0xE8, 0x00, 0x10, 0x1A, 0xE8, 0x00, 0x15, 0x24, 0xE8, 0x00,
    0x16, 0x0E, 0xE8, 0x00, 0x02, 0x02, 0x02, 0x00, 0x10, 0xC6, 0x06, 0x00, 0x15, 0x80, 0x87, 0x00,
    0x02, 0x01, 0x07, 0x56, 0xE8, 0x00, 0x0B, 0x14, 0x99, 0x00, 0x00, 0x02, 0x02, 0x01, 0x10, 0x26,
    0x1A, 0x00, 0x15, 0x78, 0xDD, 0x00, 0x01, 0x01, 0x01, 0x01, 0x07, 0x24, 0x01, 0x00, 0x02, 0x02,
    0x01, 0x00, 0x14, 0x9E, 0xB2, 0x00, 0x01, 0x00, 0x07, 0x80, 0xE8, 0x00, 0x02, 0x00, 0x05, 0xC6,
    0x06, 0x00, 0x16, 0x86, 0xE8, 0x00, 0x03, 0x00, 0x14, 0xFA, 0x06, 0x00, 0x15, 0x8C, 0xE8, 0x00,
    0x16, 0xC6, 0x06, 0x00, 0x00, 0x03, 0x03, 0x03, 0x06, 0x01, 0x07, 0x01, 0x01, 0x00, 0x11, 0xA4,
    0xE8, 0x00, 0x01, 0x00, 0x12, 0xAC, 0xE8, 0x00, 0x01, 0x00, 0x11, 0xB2, 0xE8, 0x00, 0x02, 0x00,
    0x02, 0x44, 0x92, 0x00, 0x0A, 0xFA, 0x06, 0x00, 0x02, 0x00, 0x07, 0x44, 0x92, 0x00, 0x0B, 0x26,
    0xA5, 0x00, 0x0B, 0x01, 0x03, 0xC6, 0x06, 0x00, 0x05, 0x9E, 0xAD, 0x00, 0x06, 0x74, 0x93, 0x00,
    0x08, 0x9E, 0xAA, 0x00, 0x09, 0xB8, 0xE8, 0x00, 0x0E, 0x44, 0x92, 0x00, 0x10, 0x08, 0xBA, 0x00,
    0x11, 0x44, 0x92, 0x00, 0x15, 0xBE, 0xE8, 0x00, 0x16, 0xC8, 0xE8, 0x00, 0x18, 0x44, 0x92, 0x00,
    0x02, 0x02, 0x01, 0x00, 0x0B, 0x60, 0x88, 0x00, 0x00, 0x03, 0x01, 0x01, 0x03, 0x03, 0x04, 0x04,
    0x01, 0x00, 0x0F, 0x08, 0xE9, 0x00, 0x01, 0x00, 0x11, 0x10, 0xE9, 0x00, 0x03, 0x00, 0x09, 0x88,
    0xE6, 0x00, 0x10, 0x16, 0xE9, 0x00, 0x14, 0xBC, 0x02, 0x00, 0x04, 0x00, 0x04, 0xFA, 0x06, 0x00,
    0x0F, 0x20, 0x96, 0x00, 0x10, 0xFA, 0x06, 0x00, 0x15, 0x44, 0x92, 0x00, 0x0C, 0x00, 0x03, 0x6C,
    0xE8, 0x00, 0x06, 0x78, 0xE8, 0x00, 0x07, 0x96, 0xE8, 0x00, 0x08, 0xF2, 0x96, 0x00, 0x0B, 0xD2,
    0xE8, 0x00, 0x0E, 0x02, 0xE9, 0x00, 0x11, 0x1C, 0xE9, 0x00, 0x12, 0x28, 0x94, 0x00, 0x16, 0xA0,
    0x06, 0x00, 0x17, 0x2A, 0xE9, 0x00, 0x18, 0xA0, 0x06, 0x00, 0x1B, 0x0C, 0x07, 0x00, 0x03, 0x00,
    0x0A, 0x52, 0x92, 0x00, 0x0E, 0x8C, 0x87, 0x00, 0x16, 0x88, 0xE6, 0x00, 0x02, 0x00, 0x07, 0xA0,
    0x06, 0x00, 0x0E, 0x28, 0x11, 0x00, 0x00, 0x02, 0x01, 0x03, 0x06, 0x06, 0x01, 0x00, 0x03, 0x86,
    0xE9, 0x00, 0x01, 0x00, 0x0A, 0x8C, 0xE9, 0x00, 0x01, 0x00, 0x15, 0x14, 0x99, 0x00, 0x01, 0x01,
    0x14, 0x9E, 0x94, 0x00, 0x01, 0x04, 0x04, 0x01, 0x05, 0x92, 0xE9, 0x00, 0x10, 0x80, 0x93, 0x00,
    0x14, 0x98, 0xE9, 0x00, 0x16, 0x9E, 0xE9, 0x00, 0x01, 0x02, 0x02, 0x00, 0x02, 0xFA, 0x06, 0x00,
    0x03, 0xFA, 0x06, 0x00, 0x01, 0x01, 0x0B, 0x44, 0x92, 0x00, 0x02, 0x01, 0x04, 0x00, 0x03, 0xC6,
    0x06, 0x00, 0x05, 0xBA, 0xE9, 0x00, 0x06, 0x44, 0x92, 0x00, 0x10, 0xC4, 0xE9, 0x00, 0x01, 0x00,
    0x06, 0x4E, 0x95, 0x00, 0x01, 0x00, 0x10, 0xDE, 0xE9, 0x00, 0x01, 0x00, 0x07, 0xE4, 0xE9, 0x00,
    0x02, 0x00, 0x09, 0xCE, 0x87, 0x00, 0x10, 0x26, 0x1A, 0x00, 0x02, 0x00, 0x0B, 0xFA, 0x06, 0x00,
    0x14, 0x80, 0xB3, 0x00, 0x07, 0x00, 0x03, 0x6E, 0xE9, 0x00, 0x04, 0x7C, 0xE9, 0x00, 0x07, 0xA6,
    0xE9, 0x00, 0x0B, 0xCC, 0xE9, 0x00, 0x0F, 0xEA, 0xE9, 0x00, 0x11, 0xF0, 0xE9, 0x00, 0x12, 0xFA,
    0xE9, 0x00, 0x02, 0x01, 0x05, 0x28, 0x11, 0x00, 0x10, 0xC6, 0x06, 0x00, 0x02, 0x01, 0x01, 0x00,
    0x0E, 0x1A, 0x0E, 0x00, 0x01, 0x01, 0x0B, 0x2E, 0xEA, 0x00, 0x02, 0x01, 0x01, 0x01, 0x11, 0x52,
    0x92, 0x00, 0x00, 0x02, 0x02, 0x00, 0x10, 0xC6, 0x06, 0x00, 0x15, 0x80, 0x92, 0x00, 0x04, 0x00,
    0x05, 0xD4, 0x06, 0x00, 0x11, 0xC6, 0x06, 0x00, 0x15, 0xD4, 0x06, 0x00, 0x17, 0x44, 0x92, 0x00,
    0x01, 0x00, 0x1B, 0xFA, 0x06, 0x00, 0x01, 0x00, 0x07, 0x60, 0xEA, 0x00, 0x02, 0x00, 0x0B, 0xEA,
    0xE6, 0x00, 0x1B, 0xFA, 0x06, 0x00, 0x01, 0x00, 0x0F, 0xBC, 0xD0, 0x00, 0x00, 0x04, 0x01, 0x03,
    0x03, 0x02, 0x04, 0x01, 0x05, 0x03, 0x01, 0x00, 0x10, 0x7C, 0xEA, 0x00, 0x01, 0x00, 0x11, 0x86,
    0xEA, 0x00, 0x05, 0x00, 0x06, 0xF2, 0x96, 0x00, 0x0F, 0x6C, 0xEA, 0x00, 0x14, 0x76, 0xEA, 0x00,
    0x16, 0x8C, 0xEA, 0x00, 0x17, 0xC6, 0x06, 0x00, 0x01, 0x01, 0x14, 0x16, 0x8F, 0x00, 0x05, 0x04,
    0x01, 0x00, 0x0B, 0xA8, 0xEA, 0x00, 0x02, 0x01, 0x12, 0xB0, 0xEA, 0x00, 0x17, 0x48, 0x5A, 0x00,
    0x02, 0x03, 0x01, 0x02, 0x08, 0xA6, 0x87, 0x00, 0x02, 0x03, 0x03, 0x04, 0x02, 0x00, 0x07, 0x00,
    0xA9, 0x00, 0x0B, 0xC2, 0xEA, 0x00, 0x0C, 0x01, 0x03, 0x22, 0xEA, 0x00, 0x05, 0x34, 0xEA, 0x00,
    0x06, 0x3C, 0xEA, 0x00, 0x07, 0x44, 0xEA, 0x00, 0x09, 0xBA, 0x93, 0x00, 0x0B, 0x4E, 0xEA, 0x00,
    0x0D, 0x66, 0xEA, 0x00, 0x11, 0x92, 0xEA, 0x00, 0x15, 0xB6, 0xEA, 0x00, 0x16, 0xCC, 0xEA, 0x00,
    0x17, 0x2A, 0xA3, 0x00, 0x18, 0x12, 0x8D, 0x00, 0x01, 0x02, 0x02, 0x00, 0x07, 0x8C, 0x87, 0x00,
    0x0B, 0x8C, 0x87, 0x00, 0x01, 0x00, 0x06, 0xC6, 0x06, 0x00, 0x05, 0x01, 0x06, 0x0A, 0xEB, 0x00,
    0x0D, 0x28, 0x11, 0x00, 0x12, 0x0A, 0x8C, 0x00, 0x14, 0x14, 0xEB, 0x00, 0x15, 0x8C, 0x8F, 0x00,
    0x02, 0x02, 0x01, 0x01, 0x09, 0xA4, 0x29, 0x00, 0x00, 0x03, 0x01, 0x01, 0x03, 0x32, 0xEB, 0x00,
    0x02, 0x01, 0x02, 0x00, 0x06, 0x8C, 0x87, 0x00, 0x14, 0x3A, 0xEB, 0x00, 0x02, 0x01, 0x03, 0xC4,
    0xB7, 0x00, 0x07, 0x54, 0x94, 0x00, 0x00, 0x02, 0x01, 0x00, 0x0F, 0x18, 0x71, 0x00, 0x03, 0x00,
    0x10, 0x08, 0xBA, 0x00, 0x15, 0x58, 0xEB, 0x00, 0x16, 0xC6, 0x06, 0x00, 0x02, 0x00, 0x10, 0x44,
    0x92, 0x00, 0x15, 0xF0, 0x94, 0x00, 0x08, 0x00, 0x03, 0x0C, 0x07, 0x00, 0x07, 0x42, 0xEB, 0x00,
    0x0A, 0x4C, 0xEB, 0x00, 0x0B, 0x5E, 0xEB, 0x00, 0x11, 0x6C, 0xEB, 0x00, 0x14, 0xF6, 0x06, 0x00,
    0x17, 0xD4, 0x06, 0x00, 0x1B, 0x8C, 0x87, 0x00, 0x01, 0x00, 0x09, 0x14, 0x99, 0x00, 0x04, 0x01,
    0x02, 0x44, 0x92, 0x00, 0x09, 0x1C, 0x26, 0x00, 0x0E, 0x88, 0xE6, 0x00, 0x10, 0x98, 0xEB, 0x00,
    0x01, 0x01, 0x01, 0x01, 0x0E, 0x44, 0x92, 0x00, 0x03, 0x05, 0x02, 0x00, 0x0A, 0x8C, 0x87, 0x00,
    0x16, 0x74, 0x93, 0x00, 0x04, 0x00, 0x03, 0xB2, 0xEB, 0x00, 0x0B, 0xFA, 0x06, 0x00, 0x15, 0xBA,
    0xEB, 0x00, 0x19, 0x48, 0x5A, 0x00, 0x07, 0x00, 0x03, 0xF6, 0x64, 0x00, 0x05, 0x80, 0x93, 0x00,
    0x0E, 0x44, 0x92, 0x00, 0x10, 0xD4, 0x06, 0x00, 0x11, 0xF6, 0x06, 0x00, 0x16, 0x60, 0xEA, 0x00,
    0x17, 0xC6, 0x06, 0x00, 0x01, 0x00, 0x07, 0x44, 0x01, 0x00, 0x02, 0x00, 0x08, 0x44, 0x92, 0x00,
    0x17, 0x08, 0xBA, 0x00, 0x01, 0x00, 0x0A, 0x1A, 0x0E, 0x00, 0x01, 0x01, 0x10, 0x8C, 0x87, 0x00,
    0x02, 0x04, 0x02, 0x00, 0x07, 0x0A, 0xEC, 0x00, 0x16, 0x48, 0x5A, 0x00, 0x00, 0x03, 0x02, 0x04,
    0x05, 0x03, 0x07, 0x04, 0x01, 0x00, 0x16, 0x1C, 0xEC, 0x00, 0x01, 0x00, 0x0B, 0x24, 0xEC, 0x00,
    0x01, 0x00, 0x10, 0x2A, 0xEC, 0x00, 0x01, 0x00, 0x0B, 0x6C, 0x01, 0x00, 0x04, 0x00, 0x0B, 0xFA,
    0x06, 0x00, 0x11, 0x30, 0xEC, 0x00, 0x14, 0x36, 0xEC, 0x00, 0x1B, 0xFA, 0x06, 0x00, 0x01, 0x00,
    0x0E, 0x9E, 0x94, 0x00, 0x01, 0x00, 0x07, 0x4E, 0xEC, 0x00, 0x01, 0x00, 0x18, 0x54, 0xEC, 0x00,
    0x03, 0x00, 0x0A, 0x3C, 0xEC, 0x00, 0x0B, 0x5A, 0xEC, 0x00, 0x1B, 0x28, 0x11, 0x00, 0x01, 0x00,
    0x0F, 0x44, 0x92, 0x00, 0x0D, 0x00, 0x03, 0x9E, 0xEB, 0x00, 0x07, 0xC4, 0xEB, 0x00, 0x09, 0xBA,
    0x93, 0x00, 0x0B, 0xD6, 0xEB, 0x00, 0x0F, 0x78, 0x99, 0x00, 0x10, 0xF4, 0xEB, 0x00, 0x11, 0xFA,
    0xEB, 0x00, 0x12, 0x14, 0x99, 0x00, 0x14, 0x04, 0xEC, 0x00, 0x15, 0x12, 0xEC, 0x00, 0x16, 0x60,
    0xEC, 0x00, 0x17, 0x6E, 0xEC, 0x00, 0x1B, 0xF6, 0x06, 0x00, 0x01, 0x01, 0x0B, 0xA4, 0x29, 0x00,
    0x01, 0x03, 0x01, 0x00, 0x12, 0xAA, 0xEC, 0x00, 0x03, 0x01, 0x07, 0x28, 0x11, 0x00, 0x11, 0xB2,
    0xEC, 0x00, 0x14, 0x44, 0x92, 0x00, 0x02, 0x02, 0x03, 0x00, 0x0B, 0x1E, 0x95, 0x00, 0x11, 0xFA,
    0x06, 0x00, 0x1B, 0xFA, 0x06, 0x00, 0x03, 0x00, 0x07, 0x98, 0xB7, 0x00, 0x16, 0xC8, 0xEC, 0x00,
    0x17, 0xBC, 0x02, 0x00, 0x01, 0x00, 0x14, 0x1C, 0x26, 0x00, 0x01, 0x00, 0x07, 0xE4, 0xEC, 0x00,
    0x03, 0x00, 0x03, 0x28, 0x11, 0x00, 0x0A, 0xEA, 0xEC, 0x00, 0x11, 0x28, 0x11, 0x00, 0x01, 0x01,
    0x16, 0x7E, 0x99, 0x00, 0x02, 0x02, 0x02, 0x00, 0x0E, 0x52, 0x92, 0x00, 0x16, 0x52, 0x92, 0x00,
    0x02, 0x00, 0x03, 0xFE, 0xEC, 0x00, 0x0B, 0x06, 0xED, 0x00, 0x07, 0x00, 0x03, 0xB6, 0x92, 0x00,
    0x05, 0xB8, 0xEC, 0x00, 0x0B, 0xD6, 0xEC, 0x00, 0x0E, 0x28, 0x11, 0x00, 0x11, 0x0C, 0x07, 0x00,
    0x12, 0xF0, 0xEC, 0x00, 0x16, 0x10, 0xED, 0x00, 0x01, 0x00, 0x07, 0x1E, 0x90, 0x00, 0x02, 0x00,
    0x02, 0xFA, 0x06, 0x00, 0x15, 0x52, 0x92, 0x00, 0x00, 0x02, 0x01, 0x05, 0x05, 0x01, 0x01, 0x00,
    0x14, 0x48, 0xED, 0x00, 0x00, 0x02, 0x01, 0x05, 0x04, 0x03, 0x01, 0x00, 0x14, 0x54, 0xED, 0x00,
    0x02, 0x00, 0x07, 0x4E, 0xED, 0x00, 0x11, 0x5A, 0xED, 0x00, 0x01, 0x01, 0x16, 0x60, 0xED, 0x00,
    0x01, 0x04, 0x03, 0x00, 0x0E, 0x38, 0xED, 0x00, 0x14, 0x3E, 0xED, 0x00, 0x15, 0x6A, 0xED, 0x00,
    0x00, 0x03, 0x03, 0x03, 0x04, 0x01, 0x05, 0x01, 0x01, 0x00, 0x15, 0x80, 0xED, 0x00, 0x02, 0x00,
    0x11, 0x88, 0xED, 0x00, 0x15, 0xC4, 0x9C, 0x00, 0x02, 0x01, 0x07, 0x8E, 0xED, 0x00, 0x0B, 0x6C,
    0xC5, 0x00, 0x00, 0x04, 0x03, 0x00, 0x02, 0xFA, 0x06, 0x00, 0x03, 0x52, 0x92, 0x00, 0x07, 0xC6,
    0x06, 0x00, 0x03, 0x00, 0x05, 0xA4, 0xED, 0x00, 0x08, 0xC6, 0x06, 0x00, 0x15, 0xC6, 0x06, 0x00,
    0x05, 0x00, 0x03, 0x02, 0xDC, 0x00, 0x07, 0x72, 0xED, 0x00, 0x0A, 0x98, 0xED, 0x00, 0x0B, 0xB2,
    0xED, 0x00, 0x11, 0x54, 0x98, 0x00, 0x01, 0x00, 0x11, 0xBE, 0xCB, 0x00, 0x01, 0x00, 0x06, 0xD6,
    0xED, 0x00, 0x02, 0x00, 0x03, 0xDC, 0xED, 0x00, 0x0E, 0xFA, 0x06, 0x00, 0x01, 0x00, 0x0A, 0x18,
    0x8D, 0x00, 0x02, 0x00, 0x05, 0x34, 0x89, 0x00, 0x06, 0x44, 0x01, 0x00, 0x06, 0x01, 0x04, 0xE2,
    0xED, 0x00, 0x05, 0xEC, 0xED, 0x00, 0x07, 0x80, 0x92, 0x00, 0x0E, 0x28, 0x11, 0x00, 0x10, 0xF2,
    0xED, 0x00, 0x18, 0x52, 0x92, 0x00, 0x02, 0x02, 0x03, 0x00, 0x10, 0x60, 0x88, 0x00, 0x15, 0x48,
    0x01, 0x00, 0x16, 0x28, 0x11, 0x00, 0x02, 0x00, 0x10, 0x28, 0x11, 0x00, 0x14, 0x18, 0xEE, 0x00,
    0x00, 0x03, 0x01, 0x06, 0x02, 0x03, 0x03, 0x04, 0x01, 0x00, 0x02, 0x30, 0xEE, 0x00, 0x01, 0x00,
    0x10, 0x38, 0xEE, 0x00, 0x03, 0x00, 0x03, 0x3E, 0xEE, 0x00, 0x15, 0xC6, 0x06, 0x00, 0x16, 0xD6,
    0xDE, 0x00, 0x01, 0x00, 0x0E, 0x52, 0xA3, 0x00, 0x03, 0x00, 0x07, 0x26, 0xEE, 0x00, 0x0B, 0x44,
    0xEE, 0x00, 0x11, 0x52, 0xEE, 0x00, 0x02, 0x00, 0x0E, 0xFA, 0x06, 0x00, 0x15, 0x80, 0x92, 0x00,
    0x05, 0x00, 0x06, 0x0E, 0xE8, 0x00, 0x07, 0x66, 0xEE, 0x00, 0x0B, 0xD4, 0x06, 0x00, 0x10, 0xC4,
    0x9C, 0x00, 0x11, 0x26, 0x1A, 0x00, 0x00, 0x02, 0x03, 0x06, 0x04, 0x01, 0x01, 0x00, 0x05, 0x86,
    0xEE, 0x00, 0x01, 0x00, 0x0B, 0x8C, 0xEE, 0x00, 0x01, 0x00, 0x06, 0x92, 0xEE, 0x00, 0x01, 0x00,
    0x0B, 0x98, 0xEE, 0x00, 0x01, 0x00, 0x03, 0xD4, 0x06, 0x00, 0x19, 0x00, 0x03, 0x0E, 0xE6, 0x00,
    0x04, 0x4C, 0xE6, 0x00, 0x05, 0xB6, 0xE6, 0x00, 0x06, 0x24, 0xE7, 0x00, 0x07, 0x4E, 0xE7, 0x00,
    0x08, 0x76, 0xE7, 0x00, 0x09, 0xD6, 0xE7, 0x00, 0x0A, 0xF8, 0xE7, 0x00, 0x0B, 0x32, 0xE8, 0x00,
    0x0C, 0x44, 0x92, 0x00, 0x0D, 0x60, 0xE8, 0x00, 0x0E, 0x3C, 0xE9, 0x00, 0x0F, 0x04, 0xEA, 0x00,
    0x10, 0xD6, 0xEA, 0x00, 0x11, 0x1A, 0xEB, 0x00, 0x12, 0x76, 0xEB, 0x00, 0x13, 0xF6, 0x06, 0x00,
    0x14, 0x74, 0xEC, 0x00, 0x15, 0x1A, 0xED, 0x00, 0x16, 0xC0, 0xED, 0x00, 0x17, 0xFC, 0xED, 0x00,
    0x18, 0x58, 0xEE, 0x00, 0x19, 0x70, 0xEE, 0x00, 0x1A, 0x9E, 0xEE, 0x00, 0x1B, 0xA4, 0xEE, 0x00,
    0x03, 0x00, 0x03, 0x28, 0x11, 0x00, 0x07, 0x28, 0x11, 0x00, 0x16, 0xBC, 0x02, 0x00, 0x02, 0x00,
    0x10, 0x4E, 0x95, 0x00, 0x16, 0xC6, 0x06, 0x00, 0x01, 0x00, 0x03, 0x1E, 0xEF, 0x00, 0x01, 0x01,
    0x10, 0x48, 0x5A, 0x00, 0x01, 0x04, 0x01, 0x00, 0x16, 0xAA, 0x8C, 0x00, 0x01, 0x00, 0x03, 0x36,
    0xEF, 0x00, 0x01, 0x01, 0x0F, 0x3C, 0xEF, 0x00, 0x01, 0x04, 0x04, 0x00, 0x03, 0xBC, 0x02, 0x00,
    0x07, 0x46, 0xAA, 0x00, 0x16, 0x8C, 0x8C, 0x00, 0x1B, 0xFA, 0x06, 0x00, 0x01, 0x01, 0x17, 0x28,
    0x11, 0x00, 0x02, 0x01, 0x00, 0x02, 0x05, 0x06, 0x07, 0x04, 0x01, 0x00, 0x03, 0x64, 0xEF, 0x00,
    0x02, 0x00, 0x07, 0x8C, 0x87, 0x00, 0x14, 0x6A, 0xEF, 0x00, 0x01, 0x00, 0x07, 0x4C, 0xD2, 0x00,
    0x01, 0x01, 0x07, 0x48, 0x01, 0x00, 0x05, 0x04, 0x04, 0x00, 0x04, 0xD8, 0x88, 0x00, 0x09, 0x70,
    0xEF, 0x00, 0x0E, 0x7A, 0xEF, 0x00, 0x0F, 0x80, 0xEF, 0x00, 0x01, 0x01, 0x0E, 0x8C, 0x87, 0x00,
    0x00, 0x03, 0x01, 0x02, 0x15, 0xBC, 0x02, 0x00, 0x01, 0x04, 0x02, 0x04, 0x04, 0x00, 0x03, 0x88,
    0xEF, 0x00, 0x06, 0xC4, 0x9C, 0x00, 0x07, 0x9A, 0xEF, 0x00, 0x0B, 0xA2, 0xEF, 0x00, 0x01, 0x01,
    0x14, 0x52, 0x92, 0x00, 0x02, 0x02, 0x02, 0x00, 0x0B, 0x40, 0xA6, 0x00, 0x1B, 0x52, 0x92, 0x00,
    0x03, 0x00, 0x07, 0xBE, 0xEF, 0x00, 0x0A, 0xC6, 0xEF, 0x00, 0x14, 0x34, 0xC6, 0x00, 0x0B, 0x01,
    0x05, 0x10, 0xEF, 0x00, 0x06, 0x26, 0x1A, 0x00, 0x09, 0x28, 0xEF, 0x00, 0x0B, 0x2E, 0xEF, 0x00,
    0x0E, 0x42, 0xEF, 0x00, 0x10, 0x4A, 0xEF, 0x00, 0x12, 0x5C, 0xEF, 0x00, 0x14, 0xAC, 0xEF, 0x00,
    0x16, 0xD0, 0xEF, 0x00, 0x18, 0xBC, 0x02, 0x00, 0x1B, 0x1A, 0x0E, 0x00, 0x00, 0x01, 0x01, 0x02,
    0x14, 0xD6, 0x9B, 0x00, 0x00, 0x03, 0x02, 0x04, 0x02, 0x01, 0x03, 0x1A, 0x90, 0x00, 0x05, 0xBC,
    0x02, 0x00, 0x00, 0x03, 0x02, 0x02, 0x07, 0x1A, 0x0E, 0x00, 0x0B, 0x18, 0xF0, 0x00, 0x00, 0x02,
    0x01, 0x02, 0x02, 0x01, 0x06, 0xBC, 0x02, 0x00, 0x18, 0x40, 0x03, 0x00, 0x01, 0x04, 0x02, 0x00,
    0x03, 0x28, 0x11, 0x00, 0x0B, 0x60, 0x88, 0x00, 0x01, 0x00, 0x0A, 0xBC, 0x02, 0x00, 0x03, 0x00,
    0x03, 0x68, 0x93, 0x00, 0x05, 0x26, 0x1A, 0x00, 0x16, 0x48, 0xF0, 0x00, 0x03, 0x00, 0x02, 0x26,
    0x1A, 0x00, 0x04, 0xD8, 0x88, 0x00, 0x09, 0x26, 0x1A, 0x00, 0x01, 0x01, 0x15, 0x8C, 0x8F, 0x00,
    0x01, 0x04, 0x02, 0x00, 0x03, 0x5E, 0x8E, 0x00, 0x07, 0xA6, 0x87, 0x00, 0x08, 0x00, 0x03, 0x5C,
    0xF0, 0x00, 0x0B, 0x6A, 0xF0, 0x00, 0x0F, 0x72, 0xF0, 0x00, 0x10, 0x26, 0x1A, 0x00, 0x11, 0x5A,
    0x02, 0x00, 0x16, 0x0A, 0x8C, 0x00, 0x17, 0x52, 0x92, 0x00, 0x18, 0x24, 0x01, 0x00, 0x02, 0x01,
    0x07, 0xAE, 0x93, 0x00, 0x0B, 0x42, 0x9B, 0x00, 0x02, 0x02, 0x0B, 0x00, 0x02, 0xA4, 0x29, 0x00,
    0x03, 0x0E, 0xF0, 0x00, 0x05, 0xA0, 0x06, 0x00, 0x06, 0x24, 0xF0, 0x00, 0x07, 0x32, 0xF0, 0x00,
    0x0D, 0xBC, 0x02, 0x00, 0x0E, 0x3E, 0xF0, 0x00, 0x10, 0x4E, 0xF0, 0x00, 0x11, 0xAE, 0x93, 0x00,
    0x14, 0x7C, 0xF0, 0x00, 0x16, 0x9E, 0xF0, 0x00, 0x01, 0x00, 0x14, 0x18, 0x8D, 0x00, 0x03, 0x00,
    0x10, 0xB0, 0x8D, 0x00, 0x14, 0x28, 0x11, 0x00, 0x15, 0x50, 0x47, 0x00, 0x01, 0x00, 0x16, 0xD0,
    0x01, 0x00, 0x00, 0x03, 0x03, 0x05, 0x06, 0x01, 0x07, 0x03, 0x01, 0x00, 0x0E, 0xF2, 0xF0, 0x00,
    0x01, 0x00, 0x07, 0xFA, 0xF0, 0x00, 0x02, 0x00, 0x10, 0xEC, 0xF0, 0x00, 0x16, 0x00, 0xF1, 0x00,
    0x01, 0x00, 0x03, 0x06, 0xF1, 0x00, 0x01, 0x00, 0x16, 0x22, 0xAD, 0x00, 0x06, 0x00, 0x05, 0xD4,
    0x06, 0x00, 0x07, 0x4E, 0x95, 0x00, 0x0E, 0x10, 0xF1, 0x00, 0x10, 0xA8, 0x92, 0x00, 0x15, 0x16,
    0xF1, 0x00, 0x1C, 0x1A, 0x0E, 0x00, 0x02, 0x00, 0x07, 0x1A, 0x0E, 0x00, 0x0B, 0x4E, 0x95, 0x00,
    0x03, 0x00, 0x04, 0x1A, 0x0E, 0x00, 0x10, 0x36, 0xF1, 0x00, 0x14, 0xBC, 0x02, 0x00, 0x0A, 0x00,
    0x02, 0xA4, 0x29, 0x00, 0x03, 0xD8, 0xF0, 0x00, 0x07, 0xDE, 0xF0, 0x00, 0x0B, 0x1C, 0xF1, 0x00,
    0x0E, 0xA0, 0x06, 0x00, 0x11, 0x40, 0xF1, 0x00, 0x15, 0xA4, 0x29, 0x00, 0x16, 0xFA, 0x06, 0x00,
    0x17, 0x4E, 0x95, 0x00, 0x1B, 0xE6, 0x08, 0x00, 0x01, 0x01, 0x10, 0x48, 0x5A, 0x00, 0x02, 0x03,
    0x00, 0x03, 0x02, 0x02, 0x03, 0x01, 0x04, 0x03, 0x01, 0x00, 0x06, 0x80, 0xF1, 0x00, 0x03, 0x00,
    0x03, 0x88, 0xF1, 0x00, 0x0B, 0xA2, 0x93, 0x00, 0x1B, 0x28, 0x11, 0x00, 0x03, 0x01, 0x03, 0x44,
    0x92, 0x00, 0x07, 0xFA, 0x06, 0x00, 0x0B, 0x4E, 0x95, 0x00, 0x01, 0x04, 0x02, 0x00, 0x05, 0x1A,
    0x0E, 0x00, 0x10, 0xFA, 0x06, 0x00, 0x01, 0x00, 0x03, 0x8C, 0xCF, 0x00, 0x01, 0x00, 0x14, 0xB6,
    0xF1, 0x00, 0x03, 0x01, 0x02, 0x26, 0x1A, 0x00, 0x06, 0x48, 0x5A, 0x00, 0x11, 0x26, 0x1A, 0x00,
    0x02, 0x02, 0x01, 0x02, 0x10, 0x48, 0x5A, 0x00, 0x00, 0x03, 0x02, 0x01, 0x01, 0x01, 0x03, 0x52,
    0x92, 0x00, 0x01, 0x03, 0x02, 0x00, 0x0A, 0xDC, 0xF1, 0x00, 0x17, 0xA0, 0x06, 0x00, 0x09, 0x00,
    0x03, 0x78, 0xF1, 0x00, 0x05, 0x8E, 0xF1, 0x00, 0x06, 0x9C, 0xF1, 0x00, 0x07, 0xAC, 0xF1, 0x00,
    0x09, 0xBC, 0xF1, 0x00, 0x0E, 0x88, 0x9A, 0x00, 0x10, 0xC2, 0xF1, 0x00, 0x11, 0xD2, 0xF1, 0x00,
    0x16, 0xE4, 0xF1, 0x00, 0x02, 0x00, 0x10, 0x1A, 0x0E, 0x00, 0x15, 0x8C, 0x8F, 0x00, 0x01, 0x00,
    0x04, 0x40, 0x03, 0x00, 0x01, 0x00, 0x03, 0x1E, 0xF2, 0x00, 0x01, 0x01, 0x03, 0x34, 0x8C, 0x00,
    0x03, 0x04, 0x05, 0x00, 0x03, 0x5A, 0x02, 0x00, 0x05, 0x24, 0xF2, 0x00, 0x07, 0x34, 0x8C, 0x00,
    0x09, 0xA4, 0x29, 0x00, 0x10, 0x2A, 0xF2, 0x00, 0x01, 0x01, 0x04, 0x48, 0x5A, 0x00, 0x03, 0x04,
    0x01, 0x00, 0x0F, 0x48, 0xF2, 0x00, 0x04, 0x03, 0x03, 0x14, 0xF2, 0x00, 0x0B, 0x32, 0xF2, 0x00,
    0x11, 0x9C, 0x88, 0x00, 0x17, 0x50, 0xF2, 0x00, 0x00, 0x01, 0x01, 0x02, 0x02, 0x02, 0x00, 0x02,
    0x02, 0x03, 0x04, 0x05, 0x02, 0x00, 0x0F, 0x52, 0x92, 0x00, 0x16, 0x6E, 0xF2, 0x00, 0x00, 0x02,
    0x00, 0x05, 0x02, 0x04, 0x02, 0x01, 0x05, 0x26, 0xCF, 0x00, 0x16, 0x4E, 0x95, 0x00, 0x04, 0x02,
    0x01, 0x00, 0x10, 0x84, 0xF2, 0x00, 0x00, 0x02, 0x02, 0x03, 0x06, 0x01, 0x01, 0x00, 0x11, 0x96,
    0xF2, 0x00, 0x01, 0x00, 0x10, 0x9C, 0xF2, 0x00, 0x01, 0x00, 0x11, 0xA2, 0xF2, 0x00, 0x01, 0x00,
    0x0A, 0xA8, 0xF2, 0x00, 0x03, 0x00, 0x07, 0x6C, 0x01, 0x00, 0x12, 0xAE, 0xF2, 0x00, 0x16, 0x9C,
    0x87, 0x00, 0x02, 0x00, 0x07, 0xE0, 0x12, 0x00, 0x1B, 0xB4, 0xF2, 0x00, 0x01, 0x02, 0x1B, 0x28,
    0x11, 0x00, 0x00, 0x01, 0x01, 0x04, 0x01, 0x01, 0x15, 0x24, 0x01, 0x00, 0x00, 0x01, 0x01, 0x01,
    0x03, 0x28, 0x11, 0x00, 0x01, 0x04, 0x01, 0x00, 0x10, 0x4E, 0x95, 0x00, 0x0C, 0x00, 0x05, 0x28,
    0x11, 0x00, 0x06, 0x5E, 0xA4, 0x00, 0x07, 0x74, 0xF2, 0x00, 0x09, 0x7E, 0xF2, 0x00, 0x0B, 0x90,
    0xF2, 0x00, 0x0E, 0xC2, 0xF2, 0x00, 0x10, 0xF2, 0x96, 0x00, 0x12, 0x28, 0x11, 0x00, 0x14, 0xCC,
    0xF2, 0x00, 0x15, 0xD6, 0xF2, 0x00, 0x16, 0xDE, 0xF2, 0x00, 0x17, 0xE6, 0xF2, 0x00, 0x05, 0x01,
    0x06, 0x26, 0x1A, 0x00, 0x0E, 0x44, 0x92, 0x00, 0x10, 0xC6, 0x06, 0x00, 0x14, 0xC6, 0x06, 0x00,
    0x16, 0xC6, 0x06, 0x00, 0x01, 0x02, 0x01, 0x00, 0x0B, 0x40, 0x8E, 0x00, 0x01, 0x00, 0x15, 0x36,
    0xF3, 0x00, 0x03, 0x02, 0x03, 0xEC, 0xAA, 0x00, 0x07, 0x1E, 0xF3, 0x00, 0x11, 0x3C, 0xF3, 0x00,
    0x00, 0x04, 0x01, 0x01, 0x01, 0x00, 0x1B, 0x60, 0x88, 0x00, 0x02, 0x00, 0x0B, 0x4E, 0x95, 0x00,
    0x11, 0x8C, 0x87, 0x00, 0x01, 0x00, 0x03, 0xC6, 0x88, 0x00, 0x00, 0x02, 0x00, 0x01, 0x05, 0x03,
    0x01, 0x00, 0x05, 0x6A, 0xF3, 0x00, 0x01, 0x00, 0x03, 0x70, 0xF3, 0x00, 0x01, 0x00, 0x17, 0x24,
    0x01, 0x00, 0x01, 0x00, 0x07, 0x7C, 0xF3, 0x00, 0x01, 0x00, 0x0E, 0x96, 0x88, 0x00, 0x03, 0x00,
    0x07, 0xC6, 0x06, 0x00, 0x12, 0x88, 0xF3, 0x00, 0x15, 0x1A, 0x0E, 0x00, 0x0A, 0x00, 0x05, 0x5A,
    0xF3, 0x00, 0x07, 0x0C, 0x8A, 0x00, 0x08, 0x64, 0xF3, 0x00, 0x0E, 0xFA, 0x88, 0x00, 0x0F, 0x76,
    0xF3, 0x00, 0x10, 0x82, 0xF3, 0x00, 0x14, 0x5A, 0x02, 0x00, 0x15, 0x8E, 0xF3, 0x00, 0x16, 0xB2,
    0x94, 0x00, 0x18, 0x5A, 0x02, 0x00, 0x01, 0x00, 0x16, 0x38, 0x71, 0x00, 0x01, 0x01, 0x11, 0x48,
    0x01, 0x00, 0x03, 0x04, 0x03, 0x00, 0x07, 0x3E, 0xA0, 0x00, 0x10, 0xC6, 0xF3, 0x00, 0x15, 0xCC,
    0xF3, 0x00, 0x01, 0x00, 0x15, 0x44, 0x01, 0x00, 0x01, 0x00, 0x15, 0xE2, 0xF3, 0x00, 0x00, 0x02,
    0x04, 0x03, 0x05, 0x03, 0x01, 0x00, 0x02, 0xEE, 0xF3, 0x00, 0x01, 0x00, 0x1B, 0xF4, 0xF3, 0x00,
    0x01, 0x00, 0x16, 0xFA, 0xF3, 0x00, 0x03, 0x00, 0x03, 0xC6, 0x06, 0x00, 0x07, 0xE8, 0xF3, 0x00,
    0x0B, 0x00, 0xF4, 0x00, 0x01, 0x00, 0x0B, 0x8C, 0x8F, 0x00, 0x01, 0x00, 0x07, 0x40, 0x03, 0x00,
    0x06, 0x00, 0x05, 0x06, 0xF4, 0x00, 0x08, 0x14, 0xF4, 0x00, 0x09, 0x1A, 0xF4, 0x00, 0x0E, 0x5A,
    0x02, 0x00, 0x15, 0xAA, 0x8D, 0x00, 0x16, 0x24, 0x01, 0x00, 0x04, 0x01, 0x03, 0x54, 0xF3, 0x00,
    0x07, 0x9C, 0xF3, 0x00, 0x0B, 0xD4, 0xF3, 0x00, 0x11, 0x20, 0xF4, 0x00, 0x02, 0x02, 0x00, 0x04,
    0x04, 0x03, 0x05, 0x06, 0x06, 0x03, 0x07, 0x02, 0x02, 0x00, 0x06, 0x4E, 0xF4, 0x00, 0x08, 0x4E,
    0xF4, 0x00, 0x01, 0x02, 0x11, 0x58, 0xF4, 0x00, 0x00, 0x03, 0x04, 0x02, 0x01, 0x00, 0x06, 0x62,
    0xF4, 0x00, 0x01, 0x01, 0x17, 0x6C, 0xF4, 0x00, 0x01, 0x02, 0x03, 0x03, 0x07, 0x72, 0xF4, 0x00,
    0x0A, 0x28, 0x11, 0x00, 0x0B, 0x40, 0xE1, 0x00, 0x00, 0x02, 0x01, 0x01, 0x02, 0x02, 0x01, 0x00,
    0x04, 0x16, 0xE3, 0x00, 0x00, 0x02, 0x03, 0x03, 0x06, 0x04, 0x01, 0x00, 0x16, 0x94, 0xF4, 0x00,
    0x01, 0x00, 0x03, 0x9A, 0xF4, 0x00, 0x01, 0x00, 0x0F, 0xA0, 0xF4, 0x00, 0x00, 0x02, 0x01, 0x05,
    0x05, 0x03, 0x01, 0x00, 0x0E, 0xAC, 0xF4, 0x00, 0x01, 0x00, 0x11, 0xB2, 0xF4, 0x00, 0x08, 0x02,
    0x03, 0x8E, 0xF4, 0x00, 0x07, 0x0C, 0x07, 0x00, 0x0A, 0x0C, 0x07, 0x00, 0x0B, 0x0C, 0x8A, 0x00,
    0x11, 0xA6, 0xF4, 0x00, 0x14, 0xB8, 0xF4, 0x00, 0x17, 0x6E, 0x87, 0x00, 0x19, 0x26, 0x1A, 0x00,
    0x00, 0x02, 0x01, 0x01, 0x00, 0x02, 0x02, 0x05, 0x05, 0x05, 0x01, 0x00, 0x05, 0xE4, 0xF4, 0x00,
    0x01, 0x00, 0x15, 0xEA, 0xF4, 0x00, 0x01, 0x01, 0x07, 0xF0, 0xF4, 0x00, 0x03, 0x03, 0x02, 0x00,
    0x07, 0xA6, 0x8F, 0x00, 0x0B, 0x14, 0xB2, 0x00, 0x03, 0x01, 0x07, 0x8C, 0xA5, 0x00, 0x14, 0xFA,
    0x06, 0x00, 0x16, 0xFE, 0xF4, 0x00, 0x02, 0x02, 0x09, 0x00, 0x04, 0xF6, 0xF4, 0x00, 0x07, 0xBC,
    0x02, 0x00, 0x08, 0xBC, 0x02, 0x00, 0x0E, 0xF8, 0x9F, 0x00, 0x0F, 0x28, 0x11, 0x00, 0x10, 0xA0,
    0x06, 0x00, 0x14, 0x6E, 0x87, 0x00, 0x15, 0x4E, 0x95, 0x00, 0x16, 0x08, 0xF5, 0x00, 0x13, 0x00,
    0x03, 0xDE, 0xEF, 0x00, 0x04, 0x02, 0x9E, 0x00, 0x06, 0x28, 0x11, 0x00, 0x07, 0xAA, 0xF0, 0x00,
    0x08, 0xA4, 0x29, 0x00, 0x09, 0xA4, 0x29, 0x00, 0x0A, 0x4E, 0xF1, 0x00, 0x0B, 0xEE, 0xF1, 0x00,
    0x0D, 0xD4, 0x49, 0x00, 0x0E, 0x56, 0xF2, 0x00, 0x0F, 0x02, 0x9E, 0x00, 0x10, 0x56, 0x0F, 0x00,
    0x11, 0xEC, 0xF2, 0x00, 0x12, 0x42, 0xF3, 0x00, 0x14, 0x3A, 0xF4, 0x00, 0x15, 0x7A, 0xF4, 0x00,
    0x16, 0xBE, 0xF4, 0x00, 0x17, 0x18, 0xF5, 0x00, 0x19, 0xC6, 0x06, 0x00, 0x01, 0x00, 0x07, 0xBE,
    0x56, 0x00, 0x01, 0x00, 0x16, 0x8C, 0xF5, 0x00, 0x01, 0x00, 0x10, 0x92, 0xF5, 0x00, 0x02, 0x03,
    0x14, 0xD2, 0x8F, 0x00, 0x15, 0xD2, 0x8F, 0x00, 0x02, 0x06, 0x03, 0x03, 0x05, 0x03, 0x01, 0x00,
    0x0B, 0x9E, 0xF5, 0x00, 0x03, 0x00, 0x0B, 0x98, 0xF5, 0x00, 0x15, 0xAE, 0xF5, 0x00, 0x18, 0x8C,
    0x87, 0x00, 0x03, 0x00, 0x02, 0x96, 0x07, 0x00, 0x14, 0x1A, 0x0E, 0x00, 0x16, 0x1A, 0x0E, 0x00,
    0x00, 0x02, 0x04, 0x05, 0x07, 0x05, 0x01, 0x00, 0x15, 0xD0, 0xF5, 0x00, 0x01, 0x00, 0x15, 0xD6,
    0xF5, 0x00, 0x01, 0x00, 0x07, 0xDC, 0xF5, 0x00, 0x01, 0x00, 0x16, 0xE2, 0xF5, 0x00, 0x01, 0x00,
    0x14, 0x6C, 0xC5, 0x00, 0x01, 0x00, 0x03, 0xEE, 0xF5, 0x00, 0x02, 0x00, 0x10, 0xE8, 0xF5, 0x00,
    0x18, 0xF4, 0xF5, 0x00, 0x03, 0x01, 0x03, 0xB4, 0xF5, 0x00, 0x07, 0xC2, 0xF5, 0x00, 0x0B, 0xFA,
    0xF5, 0x00, 0x02, 0x02, 0x01, 0x00, 0x17, 0x04, 0xF6, 0x00, 0x01, 0x00, 0x05, 0xF6, 0x06, 0x00,
    0x02, 0x00, 0x0B, 0x1A, 0xF6, 0x00, 0x11, 0xDE, 0xD7, 0x00, 0x01, 0x00, 0x0E, 0x20, 0xF6, 0x00,
    0x02, 0x01, 0x0B, 0xFA, 0x06, 0x00, 0x11, 0x2A, 0xF6, 0x00, 0x00, 0x02, 0x02, 0x00, 0x07, 0x48,
    0x5A, 0x00, 0x17, 0xFA, 0x06, 0x00, 0x02, 0x00, 0x0A, 0x3C, 0xF6, 0x00, 0x0E, 0x44, 0x92, 0x00,
    0x01, 0x00, 0x09, 0x94, 0xDC, 0x00, 0x02, 0x00, 0x09, 0xC8, 0xD5, 0x00, 0x11, 0x50, 0xF6, 0x00,
    0x01, 0x00, 0x0B, 0x56, 0xF6, 0x00, 0x02, 0x00, 0x08, 0xC4, 0x9C, 0x00, 0x16, 0xBC, 0x02, 0x00,
    0x00, 0x04, 0x00, 0x03, 0x02, 0x04, 0x03, 0x05, 0x04, 0x01, 0x01, 0x00, 0x1C, 0x70, 0xF6, 0x00,
    0x01, 0x00, 0x0B, 0x7A, 0xF6, 0x00, 0x01, 0x01, 0x14, 0x80, 0xF6, 0x00, 0x03, 0x03, 0x02, 0x00,
    0x10, 0x0C, 0x07, 0x00, 0x16, 0x86, 0xF6, 0x00, 0x03, 0x00, 0x07, 0x8E, 0xF6, 0x00, 0x0B, 0x0C,
    0x07, 0x00, 0x11, 0x1E, 0x9B, 0x00, 0x05, 0x00, 0x07, 0x0C, 0x8D, 0x00, 0x09, 0xCE, 0x87, 0x00,
    0x0A, 0x40, 0xDC, 0x00, 0x0B, 0x26, 0x1A, 0x00, 0x11, 0x52, 0x92, 0x00, 0x02, 0x00, 0x07, 0xA8,
    0x8B, 0x00, 0x0A, 0x88, 0x9C, 0x00, 0x01, 0x01, 0x08, 0x8C, 0x87, 0x00, 0x04, 0x04, 0x03, 0x00,
    0x05, 0x8C, 0x87, 0x00, 0x07, 0xC6, 0xF6, 0x00, 0x0B, 0x6A, 0xB1, 0x00, 0x01, 0x00, 0x10, 0xD6,
    0x8F, 0x00, 0x01, 0x00, 0x11, 0xDC, 0xF6, 0x00, 0x01, 0x00, 0x0B, 0xE2, 0xF6, 0x00, 0x02, 0x00,
    0x03, 0x06, 0xCC, 0x00, 0x07, 0x46, 0xAA, 0x00, 0x01, 0x00, 0x0B, 0x14, 0x99, 0x00, 0x10, 0x00,
    0x04, 0x30, 0xF6, 0x00, 0x05, 0x46, 0xF6, 0x00, 0x06, 0x60, 0xF6, 0x00, 0x08, 0x66, 0xF6, 0x00,
    0x0B, 0x0C, 0x07, 0x00, 0x0E, 0x24, 0x97, 0x00, 0x0F, 0x98, 0xF6, 0x00, 0x10, 0xA6, 0xF6, 0x00,
    0x11, 0x8C, 0xE1, 0x00, 0x12, 0xBC, 0xF6, 0x00, 0x14, 0xCE, 0xF6, 0x00, 0x15, 0x0C, 0x07, 0x00,
    0x16, 0xE8, 0xF6, 0x00, 0x17, 0xB2, 0x89, 0x00, 0x18, 0xEE, 0xF6, 0x00, 0x1C, 0xF8, 0xF6, 0x00,
    0x02, 0x00, 0x04, 0x26, 0x1A, 0x00, 0x09, 0x26, 0x1A, 0x00, 0x00, 0x02, 0x01, 0x03, 0x04, 0x01,
    0x02, 0x00, 0x02, 0x52, 0x92, 0x00, 0x07, 0x4A, 0xF7, 0x00, 0x02, 0x01, 0x07, 0x44, 0x92, 0x00,
    0x09, 0x50, 0xF7, 0x00, 0x01, 0x02, 0x02, 0x01, 0x08, 0xBC, 0x02, 0x00, 0x10, 0x5A, 0xF7, 0x00,
    0x03, 0x02, 0x03, 0x01, 0x03, 0x40, 0xF7, 0x00, 0x0B, 0x66, 0xF7, 0x00, 0x11, 0x28, 0x11, 0x00,
    0x01, 0x01, 0x01, 0x01, 0x10, 0x48, 0x5A, 0x00, 0x01, 0x02, 0x02, 0x00, 0x03, 0xC6, 0x06, 0x00,
    0x07, 0x6E, 0x87, 0x00, 0x02, 0x00, 0x04, 0xBA, 0xB4, 0x00, 0x16, 0x28, 0x11, 0x00, 0x01, 0x00,
    0x0F, 0x48, 0x01, 0x00, 0x04, 0x01, 0x07, 0x82, 0xF7, 0x00, 0x0A, 0x8A, 0xF7, 0x00, 0x0B, 0x94,
    0xF7, 0x00, 0x17, 0x9E, 0xF7, 0x00, 0x01, 0x01, 0x01, 0x00, 0x0E, 0x26, 0x1A, 0x00, 0x01, 0x01,
    0x09, 0xFA, 0x06, 0x00, 0x04, 0x04, 0x03, 0x01, 0x03, 0xBC, 0x02, 0x00, 0x07, 0x6E, 0x87, 0x00,
    0x10, 0xBE, 0xF7, 0x00, 0x02, 0x02, 0x02, 0x00, 0x03, 0xB8, 0xF7, 0x00, 0x0B, 0xC6, 0xF7, 0x00,
    0x05, 0x00, 0x0E, 0xD4, 0x06, 0x00, 0x10, 0xFA, 0x06, 0x00, 0x14, 0x4A, 0x9E, 0x00, 0x18, 0x4E,
    0x95, 0x00, 0x19, 0x28, 0x11, 0x00, 0x01, 0x00, 0x03, 0x0A, 0x93, 0x00, 0x01, 0x00, 0x14, 0xF6,
    0xF7, 0x00, 0x00, 0x03, 0x02, 0x02, 0x03, 0x03, 0x04, 0x01, 0x01, 0x00, 0x14, 0x02, 0xF8, 0x00,
    0x01, 0x00, 0x12, 0x0A, 0xF8, 0x00, 0x01, 0x00, 0x12, 0x3A, 0x8E, 0x00, 0x02, 0x00, 0x0E, 0x92,
    0xA2, 0x00, 0x0F, 0x16, 0xF8, 0x00, 0x00, 0x02, 0x03, 0x05, 0x04, 0x06, 0x01, 0x00, 0x09, 0x26,
    0xF8, 0x00, 0x01, 0x00, 0x10, 0x2C, 0xF8, 0x00, 0x01, 0x00, 0x03, 0x32, 0xF8, 0x00, 0x04, 0x00,
    0x0B, 0x10, 0xF8, 0x00, 0x11, 0x1C, 0xF8, 0x00, 0x14, 0xA2, 0x93, 0x00, 0x16, 0x38, 0xF8, 0x00,
    0x02, 0x00, 0x15, 0xFA, 0x06, 0x00, 0x16, 0x8C, 0x87, 0x00, 0x02, 0x02, 0x07, 0xD4, 0x06, 0x00,
    0x0B, 0x50, 0xF8, 0x00, 0x00, 0x02, 0x01, 0x02, 0x01, 0x01, 0x14, 0x74, 0x93, 0x00, 0x02, 0x02,
    0x04, 0x00, 0x03, 0x2E, 0xC6, 0x00, 0x07, 0x68, 0xF8, 0x00, 0x0B, 0xFA, 0x06, 0x00, 0x1B, 0x28,
    0x11, 0x00, 0x01, 0x00, 0x0B, 0x02, 0xE8, 0x00, 0x02, 0x00, 0x0B, 0xD4, 0x06, 0x00, 0x17, 0x52,
    0x92, 0x00, 0x02, 0x00, 0x03, 0xBA, 0xB4, 0x00, 0x07, 0xBC, 0x02, 0x00, 0x01, 0x00, 0x16, 0x92,
    0xF8, 0x00, 0x01, 0x00, 0x15, 0xF2, 0x96, 0x00, 0x03, 0x00, 0x0B, 0xAE, 0x93, 0x00, 0x11, 0xA2,
    0xF8, 0x00, 0x17, 0xD4, 0x06, 0x00, 0x03, 0x02, 0x0B, 0x26, 0x1A, 0x00, 0x11, 0x48, 0x5A, 0x00,
    0x17, 0x52, 0x92, 0x00, 0x01, 0x01, 0x03, 0x04, 0x01, 0x00, 0x0B, 0xF2, 0xD2, 0x00, 0x02, 0x01,
    0x03, 0x28, 0x94, 0x00, 0x14, 0xFA, 0x06, 0x00, 0x03, 0x02, 0x04, 0x00, 0x02, 0x26, 0x1A, 0x00,
    0x12, 0xF2, 0x96, 0x00, 0x15, 0xC8, 0xF8, 0x00, 0x16, 0xCE, 0xF8, 0x00, 0x01, 0x00, 0x1C, 0x10,
    0xB8, 0x00, 0x01, 0x00, 0x17, 0x26, 0x6A, 0x00, 0x01, 0x01, 0x04, 0xF2, 0xF8, 0x00, 0x02, 0x03,
    0x01, 0x00, 0x0B, 0xF8, 0xF8, 0x00, 0x03, 0x00, 0x07, 0x32, 0x97, 0x00, 0x0B, 0xEC, 0xF8, 0x00,
    0x14, 0x00, 0xF9, 0x00, 0x01, 0x01, 0x16, 0x06, 0xCC, 0x00, 0x03, 0x02, 0x03, 0x00, 0x02, 0x00,
    0x95, 0x00, 0x15, 0x52, 0x92, 0x00, 0x16, 0x52, 0x92, 0x00, 0x02, 0x00, 0x0E, 0x5A, 0x02, 0x00,
    0x14, 0x1C, 0xF9, 0x00, 0x01, 0x00, 0x0E, 0x6C, 0xC0, 0x00, 0x04, 0x01, 0x03, 0x06, 0xA9, 0x00,
    0x07, 0x2A, 0xF9, 0x00, 0x0B, 0x28, 0x94, 0x00, 0x11, 0x34, 0xF9, 0x00, 0x03, 0x02, 0x12, 0x00,
    0x02, 0x96, 0x07, 0x00, 0x03, 0xE0, 0xF7, 0x00, 0x04, 0xFC, 0xF7, 0x00, 0x05, 0x3E, 0xF8, 0x00,
    0x06, 0x5A, 0xF8, 0x00, 0x08, 0x70, 0xF8, 0x00, 0x09, 0x82, 0xF8, 0x00, 0x0B, 0x80, 0x92, 0x00,
    0x0E, 0x88, 0xF8, 0x00, 0x10, 0x9C, 0xF8, 0x00, 0x11, 0xD4, 0x06, 0x00, 0x12, 0xA8, 0xF8, 0x00,
    0x14, 0xB6, 0xF8, 0x00, 0x15, 0xDA, 0xF8, 0x00, 0x16, 0x06, 0xF9, 0x00, 0x17, 0x14, 0xF9, 0x00,
    0x18, 0x3A, 0xF9, 0x00, 0x19, 0x22, 0x9A, 0x00, 0x02, 0x01, 0x17, 0xBC, 0x02, 0x00, 0x1B, 0x26,
    0x1A, 0x00, 0x01, 0x01, 0x02, 0x00, 0x14, 0xFA, 0x06, 0x00, 0x16, 0xC6, 0x06, 0x00, 0x01, 0x01,
    0x09, 0xFA, 0x06, 0x00, 0x03, 0x04, 0x04, 0x00, 0x05, 0xC6, 0x06, 0x00, 0x10, 0xAE, 0xF9, 0x00,
    0x15, 0x44, 0x92, 0x00, 0x16, 0x44, 0x92, 0x00, 0x05, 0x01, 0x07, 0xA4, 0xF9, 0x00, 0x0B, 0xB6,
    0xF9, 0x00, 0x0E, 0xF6, 0x06, 0x00, 0x11, 0x14, 0xB2, 0x00, 0x17, 0xC6, 0x06, 0x00, 0x02, 0x02,
    0x02, 0x01, 0x02, 0xA4, 0x29, 0x00, 0x03, 0x6A, 0xB1, 0x00, 0x02, 0x04, 0x03, 0x01, 0x04, 0xBC,
    0x02, 0x00, 0x09, 0x28, 0x11, 0x00, 0x0E, 0x98, 0x94, 0x00, 0x02, 0x03, 0x01, 0x01, 0x03, 0x5A,
    0x02, 0x00, 0x01, 0x04, 0x02, 0x01, 0x06, 0x4E, 0x95, 0x00, 0x07, 0x28, 0x11, 0x00, 0x00, 0x04,
    0x04, 0x00, 0x03, 0x54, 0x98, 0x00, 0x07, 0x26, 0x1A, 0x00, 0x0B, 0x04, 0xFA, 0x00, 0x11, 0x26,
    0x1A, 0x00, 0x02, 0x00, 0x05, 0xFA, 0x06, 0x00, 0x16, 0xFA, 0x06, 0x00, 0x03, 0x00, 0x10, 0x22,
    0xFA, 0x00, 0x14, 0xD4, 0x06, 0x00, 0x16, 0x52, 0x92, 0x00, 0x02, 0x00, 0x03, 0xF4, 0x8B, 0x00,
    0x0B, 0x4E, 0x95, 0x00, 0x01, 0x00, 0x0B, 0xD2, 0xA4, 0x00, 0x04, 0x00, 0x03, 0xE6, 0xF2, 0x00,
    0x0B, 0x8C, 0x87, 0x00, 0x11, 0x1A, 0x0E, 0x00, 0x12, 0xCE, 0x87, 0x00, 0x01, 0x01, 0x02, 0x4E,
    0x95, 0x00, 0x01, 0x02, 0x04, 0x00, 0x03, 0x5C, 0xFA, 0x00, 0x06, 0xBC, 0x02, 0x00, 0x07, 0xBC,
    0x02, 0x00, 0x09, 0xBC, 0x02, 0x00, 0x01, 0x01, 0x07, 0x9C, 0x87, 0x00, 0x00, 0x05, 0x01, 0x01,
    0x0B, 0xAC, 0xD2, 0x00, 0x02, 0x02, 0x02, 0x00, 0x0A, 0x76, 0xFA, 0x00, 0x0E, 0x7E, 0xFA, 0x00,
    0x04, 0x01, 0x02, 0x26, 0x1A, 0x00, 0x05, 0xBC, 0x02, 0x00, 0x0A, 0xC6, 0x06, 0x00, 0x12, 0xBC,
    0x02, 0x00, 0x01, 0x02, 0x01, 0x00, 0x04, 0xBE, 0xCB, 0x00, 0x02, 0x00, 0x02, 0x8C, 0x87, 0x00,
    0x15, 0x8C, 0x87, 0x00, 0x02, 0x00, 0x06, 0x34, 0x95, 0x00, 0x14, 0xAA, 0xFA, 0x00, 0x01, 0x01,
    0x14, 0x8C, 0x87, 0x00, 0x02, 0x02, 0x04, 0x00, 0x03, 0xA4, 0xFA, 0x00, 0x07, 0xB4, 0xFA, 0x00,
    0x0B, 0xF8, 0x9F, 0x00, 0x17, 0xBE, 0xFA, 0x00, 0x02, 0x00, 0x0E, 0x8C, 0x87, 0x00, 0x16, 0x5A,
    0x02, 0x00, 0x00, 0x02, 0x03, 0x01, 0x04, 0x01, 0x01, 0x00, 0x0E, 0xE2, 0xFA, 0x00, 0x03, 0x00,
    0x07, 0xD8, 0xFA, 0x00, 0x0B, 0x5A, 0x02, 0x00, 0x11, 0xE8, 0xFA, 0x00, 0x0F, 0x00, 0x03, 0xEC,
    0xF9, 0x00, 0x04, 0xFC, 0xF9, 0x00, 0x05, 0x10, 0xFA, 0x00, 0x06, 0x52, 0x9D, 0x00, 0x07, 0x2C,
    0xFA, 0x00, 0x09, 0x3A, 0xFA, 0x00, 0x0E, 0x44, 0xFA, 0x00, 0x0F, 0x4A, 0xFA, 0x00, 0x10, 0x64,
    0xFA, 0x00, 0x11, 0xD4, 0x06, 0x00, 0x12, 0x86, 0xFA, 0x00, 0x13, 0x26, 0x1A, 0x00, 0x15, 0x90,
    0xFA, 0x00, 0x16, 0xC6, 0xFA, 0x00, 0x18, 0xEE, 0xFA, 0x00, 0x01, 0x00, 0x11, 0xD4, 0x06, 0x00,
    0x02, 0x00, 0x07, 0x28, 0x11, 0x00, 0x0B, 0x68, 0x93, 0x00, 0x01, 0x00, 0x17, 0xF6, 0x06, 0x00,
    0x01, 0x00, 0x03, 0x4A, 0xFB, 0x00, 0x06, 0x00, 0x02, 0xF6, 0x2F, 0x00, 0x07, 0x56, 0x99, 0x00,
    0x0A, 0x3A, 0xFB, 0x00, 0x0E, 0x40, 0xFB, 0x00, 0x14, 0x50, 0xFB, 0x00, 0x15, 0x32, 0x76, 0x00,
    0x01, 0x00, 0x17, 0x00, 0x95, 0x00, 0x02, 0x01, 0x06, 0x0C, 0x07, 0x00, 0x13, 0x70, 0xFB, 0x00,
    0x03, 0x04, 0x01, 0x01, 0x0A, 0x52, 0x92, 0x00, 0x01, 0x04, 0x02, 0x00, 0x09, 0x26, 0x1A, 0x00,
    0x15, 0x82, 0xFB, 0x00, 0x03, 0x01, 0x07, 0x76, 0xFB, 0x00, 0x0B, 0x8A, 0xFB, 0x00, 0x11, 0x9E,
    0xAA, 0x00, 0x01, 0x01, 0x02, 0x01, 0x10, 0xC6, 0x06, 0x00, 0x14, 0x8E, 0x98, 0x00, 0x01, 0x02,
    0x01, 0x01, 0x02, 0x26, 0x1A, 0x00, 0x02, 0x03, 0x01, 0x00, 0x09, 0xB0, 0xFB, 0x00, 0x03, 0x00,
    0x10, 0xB8, 0xFB, 0x00, 0x11, 0x26, 0x1A, 0x00, 0x16, 0xC6, 0x06, 0x00, 0x04, 0x01, 0x03, 0xAC,
    0xD2, 0x00, 0x07, 0xA4, 0xFB, 0x00, 0x0B, 0xBE, 0xFB, 0x00, 0x1B, 0x26, 0x1A, 0x00, 0x01, 0x01,
    0x04, 0x00, 0x0E, 0xC6, 0x06, 0x00, 0x14, 0x26, 0x1A, 0x00, 0x16, 0x44, 0x92, 0x00, 0x1B, 0xC6,
    0x06, 0x00, 0x00, 0x02, 0x01, 0x01, 0x04, 0x04, 0x04, 0x00, 0x05, 0x44, 0x92, 0x00, 0x15, 0xF2,
    0xFB, 0x00, 0x16, 0xC6, 0x06, 0x00, 0x18, 0xC6, 0x06, 0x00, 0x01, 0x01, 0x17, 0x26, 0x1A, 0x00,
    0x03, 0x04, 0x05, 0x00, 0x03, 0x3A, 0xC5, 0x00, 0x07, 0xE0, 0xFB, 0x00, 0x0B, 0xF8, 0xFB, 0x00,
    0x11, 0x0A, 0xFC, 0x00, 0x17, 0xC6, 0x06, 0x00, 0x00, 0x02, 0x02, 0x01, 0x05, 0x01, 0x01, 0x00,
    0x16, 0x28, 0xFC, 0x00, 0x02, 0x00, 0x0E, 0x5A, 0x02, 0x00, 0x11, 0x2E, 0xFC, 0x00, 0x01, 0x01,
    0x14, 0xFA, 0x06, 0x00, 0x01, 0x02, 0x00, 0x02, 0x02, 0x05, 0x07, 0x01, 0x01, 0x00, 0x07, 0x46,
    0xFC, 0x00, 0x01, 0x00, 0x06, 0x4C, 0xFC, 0x00, 0x01, 0x00, 0x0B, 0x52, 0xFC, 0x00, 0x02, 0x01,
    0x0E, 0x40, 0xDC, 0x00, 0x12, 0x58, 0xFC, 0x00, 0x02, 0x04, 0x02, 0x00, 0x07, 0xD4, 0x06, 0x00,
    0x0B, 0x28, 0x94, 0x00, 0x01, 0x01, 0x07, 0x4A, 0x9E, 0x00, 0x03, 0x02, 0x01, 0x00, 0x07, 0x5E,
    0xA4, 0x00, 0x02, 0x00, 0x15, 0xC2, 0x96, 0x00, 0x16, 0x3A, 0x8E, 0x00, 0x03, 0x00, 0x07, 0x82,
    0xFC, 0x00, 0x0B, 0xBC, 0x02, 0x00, 0x12, 0xBC, 0x02, 0x00, 0x01, 0x00, 0x15, 0x16, 0xE3, 0x00,
    0x04, 0x00, 0x03, 0x5E, 0x8E, 0x00, 0x07, 0xBC, 0x02, 0x00, 0x0B, 0x9A, 0xFC, 0x00, 0x16, 0xFA,
    0x88, 0x00, 0x02, 0x00, 0x0F, 0xE6, 0x08, 0x00, 0x16, 0x4E, 0x95, 0x00, 0x02, 0x00, 0x07, 0xB6,
    0x92, 0x00, 0x0B, 0xF8, 0x9F, 0x00, 0x02, 0x00, 0x0B, 0x5A, 0x02, 0x00, 0x11, 0x52, 0x92, 0x00,
    0x02, 0x00, 0x12, 0x52, 0x9D, 0x00, 0x15, 0xBC, 0x02, 0x00, 0x01, 0x00, 0x11, 0xD0, 0x94, 0x00,
    0x03, 0x00, 0x0A, 0xA2, 0x93, 0x00, 0x14, 0xDA, 0xFC, 0x00, 0x1B, 0x28, 0x11, 0x00, 0x02, 0x00,
    0x03, 0x28, 0x11, 0x00, 0x07, 0x92, 0xA2, 0x00, 0x0F, 0x00, 0x04, 0x34, 0xFC, 0x00, 0x05, 0x3E,
    0xFC, 0x00, 0x07, 0x5E, 0xFC, 0x00, 0x08, 0x6A, 0xFC, 0x00, 0x0D, 0x74, 0xFC, 0x00, 0x0E, 0x7C,
    0xFC, 0x00, 0x0F, 0x8C, 0xFC, 0x00, 0x10, 0xA0, 0xFC, 0x00, 0x11, 0xB2, 0xFC, 0x00, 0x12, 0xBC,
    0xFC, 0x00, 0x14, 0xC6, 0xFC, 0x00, 0x15, 0xD0, 0xFC, 0x00, 0x16, 0xE0, 0xFC, 0x00, 0x18, 0xEE,
    0xFC, 0x00, 0x1A, 0x8C, 0x87, 0x00, 0x00, 0x02, 0x01, 0x03, 0x04, 0x05, 0x01, 0x00, 0x0B, 0x36,
    0xFD, 0x00, 0x01, 0x00, 0x0E, 0x3C, 0xFD, 0x00, 0x01, 0x00, 0x17, 0x42, 0xFD, 0x00, 0x04, 0x00,
    0x03, 0x26, 0x1A, 0x00, 0x10, 0x0A, 0x93, 0x00, 0x14, 0x74, 0x93, 0x00, 0x16, 0xC6, 0x06, 0x00,
    0x05, 0x01, 0x03, 0x48, 0xFD, 0x00, 0x07, 0x4E, 0xFD, 0x00, 0x0A, 0x98, 0xB7, 0x00, 0x0B, 0x36,
    0xD5, 0x00, 0x11, 0xC6, 0x06, 0x00, 0x01, 0x01, 0x04, 0x00, 0x05, 0xBC, 0x02, 0x00, 0x08, 0xBC,
    0x02, 0x00, 0x11, 0x26, 0x1A, 0x00, 0x15, 0xB2, 0x89, 0x00, 0x02, 0x00, 0x11, 0xBC, 0x02, 0x00,
    0x18, 0xBC, 0x02, 0x00, 0x02, 0x00, 0x10, 0x48, 0x5A, 0x00, 0x15, 0x48, 0x5A, 0x00, 0x04, 0x02,
    0x07, 0x78, 0xFD, 0x00, 0x0B, 0x8A, 0xFD, 0x00, 0x11, 0x94, 0xFD, 0x00, 0x1B, 0x5C, 0x96, 0x00,
    0x01, 0x01, 0x02, 0x04, 0x01, 0x01, 0x16, 0xC4, 0x9C, 0x00, 0x01, 0x01, 0x01, 0x01, 0x14, 0xBC,
    0x02, 0x00, 0x01, 0x03, 0x01, 0x00, 0x0B, 0x0C, 0xD9, 0x00, 0x01, 0x00, 0x06, 0xC4, 0xFD, 0x00,
    0x02, 0x00, 0x02, 0x52, 0x92, 0x00, 0x03, 0xCA, 0xFD, 0x00, 0x04, 0x01, 0x05, 0xBC, 0xFD, 0x00,
    0x14, 0xD0, 0xFD, 0x00, 0x15, 0xFA, 0x06, 0x00, 0x18, 0x10, 0x8C, 0x00, 0x01, 0x02, 0x01, 0x01,
    0x03, 0x44, 0x92, 0x00, 0x01, 0x01, 0x01, 0x01, 0x04, 0xBA, 0xB4, 0x00, 0x01, 0x01, 0x08, 0x02,
    0x03, 0xB4, 0xFD, 0x00, 0x05, 0x28, 0x11, 0x00, 0x07, 0xDA, 0xFD, 0x00, 0x0A, 0xEE, 0xFD, 0x00,
    0x0B, 0xF6, 0xFD, 0x00, 0x11, 0xD6, 0xA5, 0x00, 0x12, 0xF6, 0x06, 0x00, 0x19, 0x44, 0x92, 0x00,
    0x00, 0x04, 0x02, 0x02, 0x01, 0x00, 0x0A, 0x1A, 0x90, 0x00, 0x02, 0x00, 0x05, 0x24, 0xFE, 0x00,
    0x09, 0x26, 0x1A, 0x00, 0x03, 0x00, 0x04, 0xC6, 0x06, 0x00, 0x10, 0x24, 0xB2, 0x00, 0x11, 0x8C,
    0x87, 0x00, 0x01, 0x00, 0x11, 0x4A, 0xFB, 0x00, 0x03, 0x00, 0x0B, 0x48, 0x01, 0x00, 0x0E, 0x48,
    0x5A, 0x00, 0x1B, 0x26, 0x1A, 0x00, 0x07, 0x01, 0x04, 0x52, 0x92, 0x00, 0x06, 0xBC, 0x02, 0x00,
    0x07, 0x3A, 0xC5, 0x00, 0x09, 0xC6, 0x06, 0x00, 0x0E, 0x48, 0xFE, 0x00, 0x15, 0x52, 0xAF, 0x00,
    0x18, 0x26, 0x1A, 0x00, 0x01, 0x01, 0x01, 0x00, 0x0A, 0xD6, 0x8F, 0x00, 0x01, 0x00, 0x12, 0x76,
    0xFE, 0x00, 0x03, 0x00, 0x07, 0x4A, 0xFB, 0x00, 0x0B, 0xC6, 0x06, 0x00, 0x11, 0x7C, 0xFE, 0x00,
    0x06, 0x00, 0x03, 0x2A, 0xFE, 0x00, 0x07, 0x34, 0xFE, 0x00, 0x0A, 0x42, 0xFE, 0x00, 0x0B, 0x56,
    0xFE, 0x00, 0x14, 0x82, 0xFE, 0x00, 0x15, 0x22, 0x9A, 0x00, 0x02, 0x00, 0x0E, 0x56, 0x3F, 0x00,
    0x10, 0xFA, 0x06, 0x00, 0x01, 0x00, 0x12, 0x46, 0xAA, 0x00, 0x02, 0x01, 0x0D, 0x9C, 0x87, 0x00,
    0x16, 0x8C, 0x8C, 0x00, 0x02, 0x02, 0x08, 0x00, 0x03, 0xFA, 0x06, 0x00, 0x07, 0xAA, 0xFE, 0x00,
    0x09, 0x06, 0xA9, 0x00, 0x0B, 0x28, 0x9A, 0x00, 0x0F, 0xB4, 0xFE, 0x00, 0x10, 0xBA, 0xFE, 0x00,
    0x15, 0xE4, 0xB9, 0x00, 0x16, 0xF6, 0xBB, 0x00, 0x01, 0x00, 0x0E, 0xF6, 0x06, 0x00, 0x06, 0x01,
    0x0B, 0xE8, 0xFE, 0x00, 0x0E, 0x9C, 0x88, 0x00, 0x10, 0xC6, 0x06, 0x00, 0x14, 0x74, 0x93, 0x00,
    0x15, 0x0A, 0x93, 0x00, 0x1B, 0xC6, 0x06, 0x00, 0x02, 0x04, 0x02, 0x00, 0x05, 0xC6, 0x06, 0x00,
    0x18, 0xBC, 0x02, 0x00, 0x03, 0x00, 0x07, 0xEE, 0xFE, 0x00, 0x0B, 0x0A, 0xFF, 0x00, 0x11, 0xC6,
    0x06, 0x00, 0x01, 0x00, 0x09, 0xEE, 0xD3, 0x00, 0x03, 0x00, 0x05, 0x28, 0x11, 0x00, 0x10, 0x22,
    0xFF, 0x00, 0x16, 0xFA, 0x06, 0x00, 0x01, 0x00, 0x05, 0xD4, 0x06, 0x00, 0x01, 0x00, 0x15, 0x36,
    0xFF, 0x00, 0x18, 0x00, 0x03, 0xFE, 0xF6, 0x00, 0x04, 0x72, 0xF7, 0x00, 0x05, 0xA4, 0xF7, 0x00,
    0x06, 0xD6, 0xF7, 0x00, 0x07, 0x4E, 0xF9, 0x00, 0x08, 0x98, 0xF9, 0x00, 0x09, 0xC8, 0xF9, 0x00,
    0x0A, 0xE0, 0xF9, 0x00, 0x0B, 0xFC, 0xFA, 0x00, 0x0C, 0xC6, 0x06, 0x00, 0x0D, 0x56, 0xFB, 0x00,
    0x0E, 0x94, 0xFB, 0x00, 0x0F, 0xCC, 0xFB, 0x00, 0x10, 0x12, 0xFC, 0x00, 0x11, 0xF8, 0xFC, 0x00,
    0x12, 0x60, 0xFD, 0x00, 0x14, 0x9E, 0xFD, 0x00, 0x15, 0xFE, 0xFD, 0x00, 0x16, 0x90, 0xFE, 0x00,
    0x17, 0xC6, 0xFE, 0x00, 0x18, 0x14, 0xFF, 0x00, 0x19, 0xF6, 0x06, 0x00, 0x1B, 0x28, 0xFF, 0x00,
    0x1C, 0x3C, 0xFF, 0x00, 0x03, 0x00, 0x0D, 0x4E, 0x95, 0x00, 0x14, 0x0A, 0x8C, 0x00, 0x16, 0xC6,
    0x06, 0x00, 0x02, 0x00, 0x05, 0x74, 0x22, 0x00, 0x19, 0xA6, 0x87, 0x00, 0x01, 0x00, 0x15, 0xB2,
    0xFF, 0x00, 0x05, 0x00, 0x03, 0x8C, 0xC3, 0x00, 0x07, 0xBC, 0xFF, 0x00, 0x0F, 0xBC, 0x02, 0x00,
    0x11, 0x52, 0x92, 0x00, 0x16, 0xBC, 0x02, 0x00, 0x02, 0x00, 0x05, 0x1A, 0x0E, 0x00, 0x06, 0xCE,
    0x87, 0x00, 0x00, 0x03, 0x00, 0x05, 0x02, 0x03, 0x05, 0x05, 0x01, 0x00, 0x0E, 0xE2, 0xFF, 0x00,
    0x01, 0x00, 0x0B, 0xEA, 0xFF, 0x00, 0x01, 0x00, 0x14, 0xF0, 0xFF, 0x00, 0x01, 0x01, 0x03, 0xF6,
    0xFF, 0x00, 0x01, 0x01, 0x01, 0x00, 0x11, 0xE0, 0xAA, 0x00, 0x03, 0x00, 0x03, 0x52, 0x92, 0x00,
    0x0B, 0x04, 0x00, 0x01, 0x17, 0x5A, 0x02, 0x00, 0x01, 0x00, 0x11, 0x4A, 0x9E, 0x00, 0x0A, 0x01,
    0x04, 0x4A, 0x10, 0x00, 0x05, 0xA4, 0xFF, 0x00, 0x0B, 0x4E, 0x95, 0x00, 0x0E, 0xC2, 0xFF, 0x00,
    0x10, 0xD8, 0xFF, 0x00, 0x12, 0xFC, 0xFF, 0x00, 0x16, 0x0A, 0x00, 0x01, 0x17, 0xBC, 0x02, 0x00,
    0x18, 0x18, 0x00, 0x01, 0x19, 0x4E, 0x95, 0x00, 0x02, 0x02, 0x00, 0x02, 0x04, 0x04, 0x05, 0x05,
    0x01, 0x00, 0x16, 0x4A, 0x00, 0x01, 0x01, 0x00, 0x14, 0x86, 0xEE, 0x00, 0x01, 0x01, 0x07, 0x56,
    0x00, 0x01, 0x03, 0x04, 0x01, 0x00, 0x11, 0xCA, 0x91, 0x00, 0x04, 0x00, 0x10, 0x50, 0x00, 0x01,
    0x12, 0x5C, 0x00, 0x01, 0x16, 0x64, 0x00, 0x01, 0x18, 0x9C, 0x87, 0x00, 0x03, 0x00, 0x06, 0x26,
    0x1A, 0x00, 0x0B, 0xA4, 0x29, 0x00, 0x15, 0x26, 0x1A, 0x00, 0x01, 0x00, 0x1C, 0x26, 0x1A, 0x00,
    0x01, 0x00, 0x16, 0x8A, 0x00, 0x01, 0x00, 0x02, 0x05, 0x01, 0x09, 0x01, 0x01, 0x00, 0x09, 0x96,
    0x00, 0x01, 0x01, 0x00, 0x10, 0x9C, 0x00, 0x01, 0x01, 0x00, 0x0B, 0xA2, 0x00, 0x01, 0x01, 0x00,
    0x06, 0xA8, 0x00, 0x01, 0x01, 0x00, 0x11, 0xAE, 0x00, 0x01, 0x03, 0x01, 0x0B, 0x90, 0x00, 0x01,
    0x11, 0x26, 0x1A, 0x00, 0x14, 0xB4, 0x00, 0x01, 0x03, 0x02, 0x00, 0x02, 0x00, 0x05, 0x04, 0x04,
    0x01, 0x00, 0x06, 0xCA, 0x00, 0x01, 0x01, 0x00, 0x16, 0xD0, 0x5D, 0x00, 0x01, 0x00, 0x16, 0xD6,
    0x00, 0x01, 0x03, 0x00, 0x07, 0x0C, 0xBF, 0x00, 0x10, 0xD0, 0x00, 0x01, 0x17, 0xDC, 0x00, 0x01,
    0x02, 0x00, 0x07, 0x9C, 0x87, 0x00, 0x0B, 0x26, 0x1A, 0x00, 0x03, 0x00, 0x08, 0x48, 0x5A, 0x00,
    0x12, 0x76, 0xD0, 0x00, 0x17, 0xC2, 0xCA, 0x00, 0x01, 0x00, 0x02, 0x1A, 0x90, 0x00, 0x01, 0x00,
    0x14, 0x08, 0x01, 0x01, 0x01, 0x00, 0x07, 0x0E, 0x01, 0x01, 0x01, 0x00, 0x12, 0x14, 0x01, 0x01,
    0x01, 0x00, 0x03, 0x1A, 0x01, 0x01, 0x01, 0x00, 0x0A, 0x36, 0x8D, 0x00, 0x01, 0x00, 0x16, 0x26,
    0x01, 0x01, 0x09, 0x00, 0x03, 0x6A, 0x00, 0x01, 0x07, 0x7C, 0x00, 0x01, 0x0A, 0xBA, 0x00, 0x01,
    0x0B, 0xE2, 0x00, 0x01, 0x0E, 0xF0, 0x00, 0x01, 0x11, 0xFA, 0x00, 0x01, 0x14, 0x20, 0x01, 0x01,
    0x17, 0xF6, 0x06, 0x00, 0x1B, 0x2C, 0x01, 0x01, 0x02, 0x01, 0x15, 0x48, 0x5A, 0x00, 0x19, 0x8C,
    0x87, 0x00, 0x02, 0x04, 0x02, 0x00, 0x11, 0xAC, 0x14, 0x00, 0x16, 0x1A, 0x0E, 0x00, 0x02, 0x02,
    0x07, 0x98, 0xB7, 0x00, 0x0E, 0x44, 0x92, 0x00, 0x00, 0x04, 0x01, 0x04, 0x01, 0x01, 0x14, 0x5A,
    0x02, 0x00, 0x02, 0x02, 0x03, 0x00, 0x07, 0xD4, 0x06, 0x00, 0x08, 0x4E, 0x95, 0x00, 0x18, 0x4E,
    0x95, 0x00, 0x01, 0x00, 0x0A, 0xE2, 0xFA, 0x00, 0x01, 0x00, 0x12, 0x92, 0x01, 0x01, 0x00, 0x02,
    0x02, 0x03, 0x05, 0x01, 0x01, 0x00, 0x16, 0x9E, 0x01, 0x01, 0x01, 0x01, 0x15, 0xA4, 0x01, 0x01,
    0x00, 0x04, 0x00, 0x03, 0x02, 0x01, 0x04, 0x06, 0x05, 0x05, 0x01, 0x00, 0x05, 0xB2, 0x01, 0x01,
    0x01, 0x00, 0x0B, 0xBA, 0x01, 0x01, 0x01, 0x00, 0x16, 0xC0, 0x01, 0x01, 0x04, 0x00, 0x03, 0x98,
    0x01, 0x01, 0x07, 0xAA, 0x01, 0x01, 0x0B, 0xC6, 0x01, 0x01, 0x11, 0x06, 0xA9, 0x00, 0x01, 0x00,
    0x06, 0x44, 0x92, 0x00, 0x02, 0x00, 0x06, 0xA4, 0x29, 0x00, 0x0E, 0xA4, 0x29, 0x00, 0x07, 0x00,
    0x03, 0x90, 0x87, 0x00, 0x05, 0xA4, 0x29, 0x00, 0x06, 0xBC, 0x02, 0x00, 0x07, 0xDE, 0x01, 0x01,
    0x09, 0x8C, 0x87, 0x00, 0x0B, 0xC4, 0xB7, 0x00, 0x16, 0xE4, 0x01, 0x01, 0x01, 0x00, 0x04, 0x5A,
    0x02, 0x00, 0x01, 0x00, 0x0F, 0x0C, 0x02, 0x01, 0x01, 0x00, 0x07, 0x12, 0x02, 0x01, 0x02, 0x00,
    0x03, 0x70, 0xA4, 0x00, 0x16, 0x18, 0x02, 0x01, 0x04, 0x00, 0x02, 0x02, 0x9E, 0x00, 0x0E, 0x26,
    0x1A, 0x00, 0x11, 0xBC, 0x02, 0x00, 0x18, 0xE2, 0xC6, 0x00, 0x02, 0x02, 0x0A, 0x52, 0x92, 0x00,
    0x16, 0x8C, 0x87, 0x00, 0x01, 0x01, 0x02, 0x04, 0x01, 0x00, 0x0F, 0xDA, 0xC7, 0x00, 0x01, 0x01,
    0x07, 0xDC, 0xA1, 0x00, 0x00, 0x05, 0x10, 0x00, 0x02, 0xA4, 0x29, 0x00, 0x03, 0x58, 0x01, 0x01,
    0x05, 0x64, 0x01, 0x01, 0x06, 0x6E, 0x01, 0x01, 0x09, 0x7C, 0x01, 0x01, 0x0B, 0x4E, 0x95, 0x00,
    0x0E, 0x84, 0x01, 0x01, 0x0F, 0xCC, 0x01, 0x01, 0x10, 0xEE, 0x01, 0x01, 0x12, 0x1E, 0x02, 0x01,
    0x14, 0x28, 0x02, 0x01, 0x15, 0x3A, 0x02, 0x01, 0x17, 0x48, 0x02, 0x01, 0x18, 0x4E, 0x02, 0x01,
    0x19, 0x1C, 0x88, 0x00, 0x1A, 0x4E, 0x95, 0x00, 0x02, 0x00, 0x14, 0xD4, 0x06, 0x00, 0x18, 0x4E,
    0x95, 0x00, 0x04, 0x00, 0x10, 0xD4, 0x06, 0x00, 0x11, 0xFA, 0x06, 0x00, 0x12, 0x1A, 0x0E, 0x00,
    0x18, 0x9C, 0x87, 0x00, 0x01, 0x00, 0x15, 0x24, 0xC8, 0x00, 0x01, 0x01, 0x16, 0xA6, 0x87, 0x00,
    0x04, 0x04, 0x04, 0x01, 0x07, 0xB4, 0x02, 0x01, 0x0E, 0x56, 0x92, 0x00, 0x10, 0x48, 0x01, 0x00,
    0x14, 0xBA, 0x02, 0x01, 0x03, 0x04, 0x05, 0x01, 0x02, 0x96, 0x07, 0x00, 0x07, 0x98, 0x02, 0x01,
    0x0B, 0xA2, 0x02, 0x01, 0x11, 0xC2, 0x02, 0x01, 0x19, 0xA4, 0x29, 0x00, 0x01, 0x02, 0x02, 0x01,
    0x16, 0x9C, 0x87, 0x00, 0x19, 0x9C, 0x87, 0x00, 0x00, 0x05, 0x03, 0x00, 0x02, 0x1A, 0x0E, 0x00,
    0x06, 0x2C, 0xA1, 0x00, 0x15, 0xEE, 0x02, 0x01, 0x02, 0x00, 0x07, 0xFA, 0x02, 0x01, 0x0B, 0x24,
    0xAB, 0x00, 0x01, 0x00, 0x10, 0x36, 0xBD, 0x00, 0x02, 0x00, 0x07, 0xBC, 0x02, 0x00, 0x1B, 0xA4,
    0x29, 0x00, 0x03, 0x02, 0x03, 0x0C, 0x07, 0x00, 0x07, 0x5E, 0xA4, 0x00, 0x09, 0xC6, 0x06, 0x00,
    0x00, 0x02, 0x01, 0x01, 0x01, 0x01, 0x03, 0x9C, 0x87, 0x00, 0x00, 0x05, 0x01, 0x01, 0x10, 0x34,
    0x03, 0x01, 0x00, 0x01, 0x01, 0x00, 0x0B, 0x56, 0x92, 0x00, 0x01, 0x00, 0x15, 0x44, 0x03, 0x01,
    0x02, 0x01, 0x03, 0x8C, 0x87, 0x00, 0x07, 0x4A, 0x03, 0x01, 0x02, 0x02, 0x01, 0x00, 0x0B, 0x38,
    0xA1, 0x00, 0x0D, 0x00, 0x04, 0xD4, 0x06, 0x00, 0x05, 0xE4, 0xB9, 0x00, 0x06, 0x08, 0x03, 0x01,
    0x09, 0x12, 0x03, 0x01, 0x0E, 0x18, 0x03, 0x01, 0x10, 0x22, 0x03, 0x01, 0x11, 0x3C, 0x03, 0x01,
    0x14, 0x50, 0x03, 0x01, 0x15, 0xE6, 0x08, 0x00, 0x16, 0x5C, 0x03, 0x01, 0x17, 0x4E, 0x95, 0x00,
    0x18, 0xE6, 0x08, 0x00, 0x1C, 0x4E, 0x95, 0x00, 0x01, 0x01, 0x16, 0xC6, 0x06, 0x00, 0x00, 0x04,
    0x02, 0x00, 0x07, 0x52, 0x92, 0x00, 0x09, 0x52, 0x92, 0x00, 0x01, 0x00, 0x10, 0xA0, 0x03, 0x01,
    0x01, 0x00, 0x05, 0x24, 0x01, 0x00, 0x01, 0x00, 0x15, 0xB0, 0x03, 0x01, 0x03, 0x01, 0x07, 0x98,
    0x03, 0x01, 0x0B, 0xAA, 0x03, 0x01, 0x1B, 0xB6, 0x03, 0x01, 0x02, 0x02, 0x01, 0x00, 0x16, 0x84,
    0x9F, 0x00, 0x00, 0x02, 0x00, 0x03, 0x05, 0x01, 0x01, 0x00, 0x03, 0xD2, 0x03, 0x01, 0x01, 0x00,
    0x0B, 0xD8, 0x03, 0x01, 0x01, 0x00, 0x0D, 0xDE, 0x03, 0x01, 0x01, 0x00, 0x03, 0xE4, 0x03, 0x01,
    0x01, 0x00, 0x18, 0xEA, 0x03, 0x01, 0x04, 0x02, 0x03, 0x56, 0x99, 0x00, 0x07, 0x0C, 0x07, 0x00,
    0x0B, 0xCC, 0x03, 0x01, 0x11, 0xF0, 0x03, 0x01, 0x01, 0x01, 0x02, 0x02, 0x02, 0x01, 0x0E, 0xE4,
    0x8B, 0x00, 0x10, 0x48, 0x01, 0x00, 0x01, 0x03, 0x02, 0x00, 0x0E, 0x48, 0x5A, 0x00, 0x10, 0x44,
    0x92, 0x00, 0x01, 0x00, 0x0A, 0x4E, 0x95, 0x00, 0x01, 0x00, 0x16, 0x22, 0x04, 0x01, 0x01, 0x00,
    0x06, 0xB8, 0x89, 0x00, 0x01, 0x00, 0x0E, 0x2E, 0x04, 0x01, 0x04, 0x02, 0x03, 0x0C, 0x04, 0x01,
    0x07, 0x18, 0x04, 0x01, 0x0B, 0x28, 0x04, 0x01, 0x11, 0x34, 0x04, 0x01, 0x00, 0x02, 0x01, 0x01,
    0x00, 0x04, 0x00, 0x03, 0x01, 0x02, 0x03, 0x01, 0x04, 0x01, 0x01, 0x00, 0x1B, 0x50, 0x04, 0x01,
    0x01, 0x00, 0x0F, 0x5A, 0x04, 0x01, 0x01, 0x00, 0x03, 0x60, 0x04, 0x01, 0x01, 0x00, 0x04, 0x28,
    0x11, 0x00, 0x01, 0x00, 0x16, 0x92, 0x99, 0x00, 0x05, 0x00, 0x03, 0x6C, 0x04, 0x01, 0x06, 0xDC,
    0x01, 0x00, 0x0B, 0x7E, 0xA5, 0x00, 0x17, 0x72, 0x04, 0x01, 0x18, 0x4E, 0x95, 0x00, 0x03, 0x00,
    0x02, 0x0C, 0xBF, 0x00, 0x03, 0x48, 0x5A, 0x00, 0x09, 0xBC, 0x02, 0x00, 0x02, 0x00, 0x05, 0x4E,
    0x95, 0x00, 0x1C, 0x44, 0x92, 0x00, 0x02, 0x00, 0x0B, 0x9C, 0x04, 0x01, 0x1B, 0x44, 0x92, 0x00,
    0x01, 0x01, 0x0A, 0xA6, 0x04, 0x01, 0x01, 0x04, 0x02, 0x00, 0x05, 0x8C, 0x87, 0x00, 0x06, 0x8C,
    0x87, 0x00, 0x01, 0x01, 0x0B, 0x52, 0x92, 0x00, 0x00, 0x04, 0x09, 0x01, 0x05, 0xA2, 0x93, 0x00,
    0x08, 0x72, 0x8E, 0x00, 0x09, 0x66, 0x04, 0x01, 0x0E, 0x78, 0x04, 0x01, 0x0F, 0x1A, 0x0E, 0x00,
    0x10, 0x8E, 0x04, 0x01, 0x12, 0xB0, 0x04, 0x01, 0x14, 0xB8, 0x04, 0x01, 0x18, 0xC2, 0x04, 0x01,
    0x00, 0x01, 0x01, 0x00, 0x10, 0x22, 0x0F, 0x00, 0x02, 0x00, 0x07, 0xEE, 0x13, 0x00, 0x0B, 0xF2,
    0x04, 0x01, 0x03, 0x01, 0x05, 0xF8, 0x04, 0x01, 0x0B, 0x4E, 0x95, 0x00, 0x10, 0xBC, 0x02, 0x00,
    0x00, 0x02, 0x01, 0x00, 0x0B, 0xB0, 0x8D, 0x00, 0x04, 0x00, 0x05, 0x12, 0x05, 0x01, 0x10, 0x24,
    0xB2, 0x00, 0x11, 0x08, 0xA2, 0x00, 0x14, 0x96, 0x07, 0x00, 0x01, 0x01, 0x11, 0x06, 0x03, 0x00,
    0x00, 0x03, 0x01, 0x01, 0x14, 0x2A, 0x05, 0x01, 0x01, 0x02, 0x02, 0x00, 0x07, 0x32, 0x05, 0x01,
    0x11, 0x9C, 0x87, 0x00, 0x01, 0x00, 0x0B, 0xCA, 0x91, 0x00, 0x04, 0x00, 0x05, 0x44, 0x05, 0x01,
    0x0E, 0x48, 0x5A, 0x00, 0x10, 0xA8, 0x92, 0x00, 0x11, 0xA4, 0x29, 0x00, 0x01, 0x00, 0x19, 0xE8,
    0x87, 0x00, 0x01, 0x00, 0x15, 0x5C, 0x05, 0x01, 0x01, 0x00, 0x07, 0x62, 0x05, 0x01, 0x00, 0x01,
    0x06, 0x03, 0x02, 0x00, 0x05, 0x6E, 0x05, 0x01, 0x19, 0x6E, 0x05, 0x01, 0x01, 0x00, 0x15, 0x72,
    0x05, 0x01, 0x01, 0x01, 0x16, 0x7C, 0x05, 0x01, 0x04, 0x04, 0x04, 0x00, 0x0D, 0x68, 0x05, 0x01,
    0x10, 0x26, 0x1A, 0x00, 0x14, 0x82, 0x05, 0x01, 0x16, 0xA4, 0x29, 0x00, 0x06, 0x00, 0x03, 0x02,
    0x05, 0x01, 0x07, 0x18, 0x05, 0x01, 0x0A, 0x3A, 0x05, 0x01, 0x0B, 0x4A, 0x05, 0x01, 0x0E, 0x86,
    0xBB, 0x00, 0x11, 0x8A, 0x05, 0x01, 0x01, 0x00, 0x0E, 0x5A, 0x97, 0x00, 0x01, 0x00, 0x11, 0x9E,
    0xB2, 0x00, 0x01, 0x00, 0x16, 0xBC, 0x05, 0x01, 0x02, 0x00, 0x03, 0xB6, 0x05, 0x01, 0x0B, 0xC2,
    0x05, 0x01, 0x01, 0x00, 0x17, 0xC8, 0x05, 0x01, 0x00, 0x04, 0x01, 0x02, 0x02, 0x01, 0x03, 0x03,
    0x06, 0x01, 0x01, 0x00, 0x17, 0xD8, 0x05, 0x01, 0x01, 0x00, 0x0A, 0xE2, 0x05, 0x01, 0x02, 0x01,
    0x05, 0xE8, 0x05, 0x01, 0x15, 0x48, 0x01, 0x00, 0x01, 0x01, 0x04, 0x00, 0x0E, 0xC6, 0x06, 0x00,
    0x10, 0x3A, 0xE7, 0x00, 0x15, 0x40, 0xB1, 0x00, 0x16, 0x44, 0x92, 0x00, 0x01, 0x00, 0x03, 0x88,
    0x98, 0x00, 0x01, 0x00, 0x10, 0x54, 0xB6, 0x00, 0x01, 0x01, 0x14, 0xBC, 0x02, 0x00, 0x01, 0x04,
    0x00, 0x03, 0x01, 0x05, 0x05, 0x05, 0x06, 0x03, 0x01, 0x00, 0x04, 0x20, 0x06, 0x01, 0x01, 0x00,
    0x03, 0x28, 0x06, 0x01, 0x01, 0x00, 0x10, 0x2E, 0x06, 0x01, 0x04, 0x01, 0x03, 0x12, 0x06, 0x01,
    0x07, 0x18, 0x06, 0x01, 0x09, 0x34, 0x06, 0x01, 0x0E, 0x9E, 0x94, 0x00, 0x01, 0x01, 0x01, 0x01,
    0x0B, 0x28, 0x11, 0x00, 0x01, 0x04, 0x01, 0x00, 0x06, 0xD6, 0x8F, 0x00, 0x01, 0x00, 0x10, 0x56,
    0x06, 0x01, 0x01, 0x00, 0x07, 0x5C, 0x06, 0x01, 0x0B, 0x01, 0x03, 0xEE, 0x05, 0x01, 0x05, 0xCC,
    0xA8, 0x00, 0x07, 0xFA, 0x05, 0x01, 0x0A, 0x0C, 0x06, 0x01, 0x0B, 0x3A, 0x06, 0x01, 0x0E, 0x4E,
    0x06, 0x01, 0x10, 0x26, 0x1A, 0x00, 0x12, 0x62, 0x06, 0x01, 0x16, 0xA0, 0x06, 0x00, 0x17, 0x38,
    0x9A, 0x00, 0x19, 0x52, 0x92, 0x00, 0x00, 0x02, 0x02, 0x00, 0x0B, 0x48, 0x5A, 0x00, 0x12, 0x22,
    0x0F, 0x00, 0x00, 0x03, 0x01, 0x02, 0x02, 0x01, 0x05, 0x05, 0x01, 0x00, 0x0B, 0xA2, 0x06, 0x01,
    0x01, 0x00, 0x0A, 0xAA, 0x06, 0x01, 0x01, 0x00, 0x15, 0xB0, 0x06, 0x01, 0x02, 0x00, 0x06, 0x4E,
    0x95, 0x00, 0x16, 0xB6, 0x06, 0x01, 0x01, 0x00, 0x16, 0xDE, 0xE6, 0x00, 0x02, 0x00, 0x02, 0x4E,
    0x95, 0x00, 0x0B, 0x24, 0x01, 0x00, 0x07, 0x00, 0x09, 0x0C, 0x07, 0x00, 0x0E, 0x0C, 0x07, 0x00,
    0x0F, 0x98, 0x06, 0x01, 0x10, 0xBC, 0x06, 0x01, 0x12, 0xBA, 0xB4, 0x00, 0x14, 0xC6, 0x06, 0x01,
    0x16, 0xCC, 0x06, 0x01, 0x02, 0x00, 0x10, 0x52, 0x8B, 0x00, 0x11, 0x44, 0x92, 0x00, 0x01, 0x01,
    0x03, 0x9C, 0x87, 0x00, 0x03, 0x02, 0x03, 0x00, 0x06, 0x26, 0x1A, 0x00, 0x14, 0xF4, 0x06, 0x01,
    0x19, 0xFE, 0x06, 0x01, 0x01, 0x01, 0x0D, 0x4E, 0x95, 0x00, 0x01, 0x01, 0x07, 0x01, 0x02, 0x26,
    0x1A, 0x00, 0x03, 0x44, 0x92, 0x00, 0x05, 0x14, 0x07, 0x01, 0x07, 0x26, 0x1A, 0x00, 0x08, 0xC6,
    0x06, 0x00, 0x10, 0x08, 0xBA, 0x00, 0x14, 0x4E, 0x95, 0x00, 0x02, 0x02, 0x01, 0x00, 0x07, 0xF6,
    0x06, 0x00, 0x00, 0x02, 0x00, 0x01, 0x04, 0x01, 0x01, 0x00, 0x04, 0x42, 0x07, 0x01, 0x02, 0x00,
    0x03, 0x48, 0x07, 0x01, 0x07, 0x1A, 0x0E, 0x00, 0x05, 0x00, 0x05, 0x64, 0xB6, 0x00, 0x0F, 0x26,
    0xCF, 0x00, 0x10, 0xEE, 0xD3, 0x00, 0x12, 0x26, 0x1A, 0x00, 0x14, 0x4E, 0x07, 0x01, 0x00, 0x02,
    0x05, 0x01, 0x06, 0x01, 0x01, 0x00, 0x09, 0x6E, 0x07, 0x01, 0x02, 0x00, 0x03, 0x74, 0x07, 0x01,
    0x17, 0x4E, 0x95, 0x00, 0x03, 0x00, 0x06, 0x26, 0x1A, 0x00, 0x16, 0x7A, 0x07, 0x01, 0x1B, 0x26,
    0x1A, 0x00, 0x02, 0x00, 0x04, 0x14, 0x91, 0x00, 0x06, 0x26, 0x1A, 0x00, 0x03, 0x01, 0x03, 0x84,
    0x07, 0x01, 0x0B, 0x92, 0x07, 0x01, 0x1B, 0xA4, 0x29, 0x00, 0x02, 0x04, 0x01, 0x00, 0x05, 0x4A,
    0x9E, 0x00, 0x00, 0x03, 0x03, 0x01, 0x05, 0x04, 0x06, 0x01, 0x01, 0x00, 0x06, 0xB2, 0x07, 0x01,
    0x01, 0x00, 0x0B, 0xBA, 0x07, 0x01, 0x01, 0x00, 0x12, 0xC0, 0x07, 0x01, 0x01, 0x00, 0x0B, 0xDC,
    0xC1, 0x00, 0x01, 0x01, 0x0E, 0xCC, 0x07, 0x01, 0x01, 0x02, 0x0D, 0x00, 0x02, 0x96, 0x07, 0x00,
    0x03, 0xD6, 0x06, 0x01, 0x04, 0x52, 0x92, 0x00, 0x07, 0x06, 0x07, 0x01, 0x0A, 0x9E, 0xAD, 0x00,
    0x0B, 0x1C, 0x07, 0x01, 0x0E, 0x3C, 0x07, 0x01, 0x11, 0x58, 0x07, 0x01, 0x14, 0x9C, 0x07, 0x01,
    0x15, 0xAC, 0x07, 0x01, 0x17, 0xC6, 0x07, 0x01, 0x19, 0x8A, 0xA3, 0x00, 0x1B, 0xD2, 0x07, 0x01,
    0x02, 0x00, 0x15, 0x52, 0x92, 0x00, 0x16, 0x48, 0x01, 0x00, 0x01, 0x01, 0x0B, 0x5A, 0x02, 0x00,
    0x02, 0x02, 0x00, 0x03, 0x02, 0x02, 0x05, 0x01, 0x06, 0x06, 0x01, 0x00, 0x07, 0x22, 0x08, 0x01,
    0x01, 0x00, 0x14, 0x2A, 0x08, 0x01, 0x01, 0x00, 0x07, 0x30, 0x08, 0x01, 0x09, 0x01, 0x03, 0xE6,
    0xD4, 0x00, 0x04, 0x90, 0xAE, 0x00, 0x09, 0xAC, 0x14, 0x00, 0x0B, 0x10, 0x08, 0x01, 0x0E, 0x26,
    0x1A, 0x00, 0x0F, 0x1A, 0x08, 0x01, 0x10, 0xA0, 0x06, 0x00, 0x12, 0x36, 0x08, 0x01, 0x14, 0xA0,
    0x06, 0x00, 0x00, 0x01, 0x00, 0x01, 0x05, 0x06, 0x01, 0x00, 0x0F, 0x64, 0x08, 0x01, 0x01, 0x00,
    0x0F, 0x68, 0x08, 0x01, 0x02, 0x01, 0x0B, 0x6E, 0x08, 0x01, 0x11, 0xA4, 0x29, 0x00, 0x02, 0x02,
    0x02, 0x00, 0x05, 0xE6, 0x08, 0x00, 0x11, 0x8C, 0x87, 0x00, 0x01, 0x00, 0x0B, 0xAE, 0x93, 0x00,
    0x00, 0x03, 0x00, 0x01, 0x04, 0x03, 0x05, 0x02, 0x01, 0x00, 0x0B, 0x90, 0x08, 0x01, 0x01, 0x00,
    0x0A, 0x98, 0x08, 0x01, 0x05, 0x01, 0x05, 0xA4, 0x29, 0x00, 0x0E, 0x1A, 0x0E, 0x00, 0x10, 0x80,
    0x08, 0x01, 0x14, 0x8A, 0x08, 0x01, 0x16, 0x9E, 0x08, 0x01, 0x01, 0x04, 0x17, 0x00, 0x03, 0x1E,
    0x00, 0x01, 0x04, 0xF6, 0x64, 0x00, 0x05, 0x32, 0x01, 0x01, 0x06, 0xF6, 0x64, 0x00, 0x07, 0x56,
    0x02, 0x01, 0x08, 0x70, 0x14, 0x00, 0x09, 0x56, 0x0F, 0x00, 0x0A, 0xD6, 0x02, 0x01, 0x0B, 0x62,
    0x03, 0x01, 0x0D, 0xBC, 0x03, 0x01, 0x0E, 0xF6, 0x03, 0x01, 0x0F, 0x3A, 0x04, 0x01, 0x10, 0x74,
    0x27, 0x00, 0x11, 0xCA, 0x04, 0x01, 0x12, 0x9C, 0x05, 0x01, 0x13, 0xD2, 0x05, 0x01, 0x14, 0xF6,
    0x06, 0x00, 0x15, 0x68, 0x06, 0x01, 0x16, 0xDA, 0x07, 0x01, 0x17, 0x3C, 0x08, 0x01, 0x18, 0xA4,
    0x29, 0x00, 0x19, 0x74, 0x08, 0x01, 0x1B, 0xA4, 0x08, 0x01, 0x01, 0x00, 0x07, 0x8E, 0x98, 0x00,
    0x00, 0x03, 0x00, 0x05, 0x03, 0x01, 0x04, 0x01, 0x01, 0x00, 0x0F, 0x20, 0x09, 0x01, 0x02, 0x00,
    0x15, 0x28, 0x09, 0x01, 0x1C, 0x4E, 0x95, 0x00, 0x01, 0x00, 0x0B, 0x2E, 0x09, 0x01, 0x01, 0x00,
    0x0E, 0x38, 0x09, 0x01, 0x02, 0x01, 0x0E, 0x1A, 0x09, 0x01, 0x11, 0x3E, 0x09, 0x01, 0x00, 0x02,
    0x01, 0x00, 0x10, 0x9A, 0x34, 0x00, 0x01, 0x00, 0x11, 0x50, 0x09, 0x01, 0x01, 0x00, 0x0E, 0x7C,
    0x88, 0x00, 0x01, 0x01, 0x03, 0xAA, 0xAC, 0x00, 0x00, 0x04, 0x01, 0x00, 0x0B, 0x56, 0xA7, 0x00,
    0x06, 0x01, 0x03, 0x52, 0x92, 0x00, 0x07, 0xF4, 0x8B, 0x00, 0x0B, 0x5A, 0x02, 0x00, 0x0D, 0x62,
    0x09, 0x01, 0x0E, 0x6A, 0x09, 0x01, 0x11, 0xA8, 0x92, 0x00, 0x02, 0x02, 0x01, 0x00, 0x10, 0x44,
    0xE3, 0x00, 0x02, 0x00, 0x0B, 0x8C, 0x09, 0x01, 0x11, 0x52, 0x92, 0x00, 0x01, 0x00, 0x03, 0x74,
    0x22, 0x00, 0x02, 0x00, 0x06, 0xCE, 0x87, 0x00, 0x16, 0x9C, 0x09, 0x01, 0x00, 0x02, 0x01, 0x06,
    0x03, 0x06, 0x01, 0x00, 0x0A, 0xAC, 0x09, 0x01, 0x01, 0x00, 0x16, 0xB2, 0x09, 0x01, 0x03, 0x00,
    0x03, 0xB8, 0x09, 0x01, 0x07, 0x4A, 0x9E, 0x00, 0x0E, 0x52, 0x92, 0x00, 0x00, 0x02, 0x00, 0x05,
    0x03, 0x02, 0x01, 0x00, 0x0A, 0xCC, 0x09, 0x01, 0x05, 0x00, 0x03, 0xBC, 0x02, 0x00, 0x05, 0xA4,
    0x29, 0x00, 0x07, 0xA4, 0x29, 0x00, 0x0B, 0xCC, 0x9E, 0x00, 0x14, 0xD2, 0x09, 0x01, 0x02, 0x00,
    0x07, 0xBC, 0x02, 0x00, 0x1B, 0x52, 0x92, 0x00, 0x02, 0x00, 0x0B, 0x24, 0x95, 0x00, 0x17, 0x32,
    0x97, 0x00, 0x12, 0x01, 0x02, 0x1A, 0x0E, 0x00, 0x04, 0x44, 0x09, 0x01, 0x05, 0xEA, 0x94, 0x00,
    0x06, 0xF6, 0x97, 0x00, 0x08, 0x02, 0xA2, 0x00, 0x09, 0x56, 0x09, 0x01, 0x0B, 0x5C, 0x09, 0x01,
    0x0E, 0x70, 0x09, 0x01, 0x0F, 0x92, 0x09, 0x01, 0x10, 0xA2, 0x09, 0x01, 0x12, 0xBE, 0x09, 0x01,
    0x14, 0xD8, 0x09, 0x01, 0x15, 0xEE, 0x09, 0x01, 0x16, 0xF8, 0x09, 0x01, 0x17, 0x22, 0x88, 0x00,
    0x18, 0xBC, 0x02, 0x00, 0x19, 0x96, 0x07, 0x00, 0x1A, 0x6A, 0x09, 0x01, 0x00, 0x01, 0x01, 0x00,
    0x14, 0xD0, 0xD8, 0x00, 0x01, 0x00, 0x07, 0x4E, 0x0A, 0x01, 0x03, 0x01, 0x05, 0x24, 0x01, 0x00,
    0x07, 0x90, 0x87, 0x00, 0x0B, 0x54, 0x0A, 0x01, 0x01, 0x04, 0x02, 0x01, 0x0A, 0x5A, 0x0A, 0x01,
    0x14, 0xF6, 0x06, 0x00, 0x00, 0x04, 0x01, 0x00, 0x0A, 0x14, 0x01, 0x01, 0x03, 0x00, 0x05, 0x76,
    0x0A, 0x01, 0x06, 0x9C, 0x88, 0x00, 0x16, 0xA4, 0x29, 0x00, 0x02, 0x00, 0x07, 0x48, 0x5A, 0x00,
    0x16, 0x4E, 0x95, 0x00, 0x01, 0x02, 0x0B, 0x52, 0x92, 0x00, 0x00, 0x02, 0x01, 0x01, 0x02, 0x01,
    0x07, 0x4A, 0x9E, 0x00, 0x0B, 0x52, 0x92, 0x00, 0x03, 0x04, 0x01, 0x00, 0x11, 0x94, 0xDC, 0x00,
    0x02, 0x00, 0x09, 0x3A, 0x01, 0x00, 0x14, 0xAA, 0x0A, 0x01, 0x04, 0x00, 0x02, 0x1A, 0x0E, 0x00,
    0x07, 0xB0, 0x0A, 0x01, 0x0B, 0x48, 0x5A, 0x00, 0x15, 0x4E, 0x95, 0x00, 0x01, 0x02, 0x16, 0x5A,
    0x02, 0x00, 0x02, 0x02, 0x04, 0x02, 0x01, 0x00, 0x03, 0xCC, 0x0A, 0x01, 0x01, 0x00, 0x10, 0x1A,
    0x0E, 0x00, 0x01, 0x01, 0x03, 0x74, 0xE3, 0x00, 0x00, 0x01, 0x05, 0x00, 0x03, 0xDC, 0x0A, 0x01,
    0x05, 0x1A, 0x0E, 0x00, 0x06, 0x1A, 0x0E, 0x00, 0x07, 0x54, 0xB4, 0x00, 0x16, 0xE2, 0x0A, 0x01,
    0x01, 0x01, 0x07, 0x52, 0x92, 0x00, 0x02, 0x04, 0x00, 0x02, 0x00, 0x05, 0x03, 0x03, 0x00, 0x02,
    0x00, 0x03, 0x03, 0x01, 0x01, 0x00, 0x0B, 0x0E, 0x0B, 0x01, 0x01, 0x00, 0x07, 0x14, 0x0B, 0x01,
    0x04, 0x01, 0x05, 0x2C, 0xA1, 0x00, 0x07, 0x54, 0x98, 0x00, 0x15, 0x5A, 0x02, 0x00, 0x1C, 0x12,
    0x8D, 0x00, 0x00, 0x01, 0x01, 0x00, 0x0B, 0x9C, 0xCE, 0x00, 0x06, 0x00, 0x05, 0x5A, 0x02, 0x00,
    0x06, 0x08, 0x0B, 0x01, 0x09, 0x1A, 0x0B, 0x01, 0x0B, 0x20, 0x0B, 0x01, 0x10, 0x34, 0x0B, 0x01,
    0x18, 0x8C, 0x87, 0x00, 0x00, 0x02, 0x01, 0x03, 0x04, 0x02, 0x01, 0x00, 0x15, 0x54, 0x0B, 0x01,
    0x02, 0x01, 0x02, 0xC6, 0x06, 0x00, 0x07, 0x5A, 0x0B, 0x01, 0x00, 0x04, 0x02, 0x00, 0x02, 0xA4,
    0x29, 0x00, 0x15, 0x60, 0x0B, 0x01, 0x01, 0x00, 0x0A, 0x96, 0x8A, 0x00, 0x11, 0x00, 0x02, 0xA4,
    0x29, 0x00, 0x03, 0x7C, 0x0A, 0x01, 0x05, 0x8A, 0x0A, 0x01, 0x06, 0x94, 0x0A, 0x01, 0x07, 0xE6,
    0x08, 0x00, 0x09, 0x9E, 0x0A, 0x01, 0x0E, 0xBA, 0x0A, 0x01, 0x0F, 0xD6, 0x0A, 0x01, 0x10, 0xEA,
    0x0A, 0x01, 0x11, 0xE6, 0x08, 0x00, 0x12, 0x00, 0x0B, 0x01, 0x14, 0x3A, 0x0B, 0x01, 0x15, 0x6C,
    0x0B, 0x01, 0x16, 0x76, 0x0B, 0x01, 0x17, 0x1A, 0x0E, 0x00, 0x1A, 0x1A, 0x0E, 0x00, 0x1B, 0xA4,
    0x29, 0x00, 0x01, 0x00, 0x0F, 0x4C, 0xD2, 0x00, 0x01, 0x00, 0x03, 0xC2, 0x0B, 0x01, 0x02, 0x00,
    0x0E, 0xC8, 0x0B, 0x01, 0x10, 0x48, 0x5A, 0x00, 0x02, 0x01, 0x15, 0xFA, 0x06, 0x00, 0x16, 0x8C,
    0x87, 0x00, 0x00, 0x04, 0x03, 0x01, 0x03, 0xD8, 0x0B, 0x01, 0x0B, 0x02, 0xE8, 0x00, 0x16, 0x1A,
    0x0E, 0x00, 0x02, 0x02, 0x02, 0x00, 0x02, 0x52, 0x92, 0x00, 0x03, 0x52, 0x92, 0x00, 0x03, 0x00,
    0x05, 0xF4, 0x0B, 0x01, 0x0E, 0xA4, 0x29, 0x00, 0x10, 0x64, 0xB6, 0x00, 0x03, 0x00, 0x07, 0x52,
    0x92, 0x00, 0x0B, 0x40, 0xA6, 0x00, 0x11, 0xDC, 0xA1, 0x00, 0x00, 0x03, 0x02, 0x01, 0x03, 0x05,
    0x06, 0x01, 0x01, 0x00, 0x0B, 0x1A, 0x0C, 0x01, 0x01, 0x00, 0x10, 0x22, 0x0C, 0x01, 0x01, 0x00,
    0x07, 0x28, 0x0C, 0x01, 0x01, 0x00, 0x14, 0x40, 0x02, 0x00, 0x01, 0x00, 0x07, 0x34, 0x0C, 0x01,
    0x02, 0x00, 0x16, 0x9C, 0x87, 0x00, 0x1C, 0x8C, 0x87, 0x00, 0x01, 0x00, 0x0B, 0x40, 0x0C, 0x01,
    0x05, 0x00, 0x06, 0x0C, 0x0C, 0x01, 0x09, 0x2E, 0x0C, 0x01, 0x0D, 0x3A, 0x0C, 0x01, 0x11, 0xA4,
    0x29, 0x00, 0x14, 0x4A, 0x0C, 0x01, 0x01, 0x00, 0x10, 0x4C, 0xD2, 0x00, 0x01, 0x00, 0x03, 0x66,
    0x0C, 0x01, 0x02, 0x00, 0x0E, 0x6C, 0x0C, 0x01, 0x15, 0xF8, 0x9F, 0x00, 0x08, 0x00, 0x02, 0x96,
    0x07, 0x00, 0x03, 0xCE, 0x0B, 0x01, 0x07, 0xE4, 0x0B, 0x01, 0x0B, 0xFE, 0x0B, 0x01, 0x0E, 0xA4,
    0x29, 0x00, 0x11, 0x50, 0x0C, 0x01, 0x15, 0x96, 0x07, 0x00, 0x1B, 0x72, 0x0C, 0x01, 0x01, 0x00,
    0x02, 0x3C, 0xA8, 0x00, 0x03, 0x01, 0x04, 0x28, 0x11, 0x00, 0x10, 0x9E, 0x0C, 0x01, 0x16, 0x24,
    0x97, 0x00, 0x00, 0x01, 0x00, 0x02, 0x01, 0x04, 0x03, 0x01, 0x03, 0x00, 0x0D, 0xA4, 0x29, 0x00,
    0x11, 0x26, 0x1A, 0x00, 0x17, 0xB4, 0x0C, 0x01, 0x01, 0x01, 0x1B, 0x52, 0x92, 0x00, 0x03, 0x02,
    0x01, 0x01, 0x17, 0x4E, 0x95, 0x00, 0x00, 0x02, 0x01, 0x00, 0x0E, 0xF6, 0xBB, 0x00, 0x02, 0x01,
    0x12, 0xA4, 0x29, 0x00, 0x17, 0x92, 0xA2, 0x00, 0x00, 0x01, 0x01, 0x00, 0x0F, 0x02, 0xF8, 0x00,
    0x04, 0x02, 0x03, 0x0C, 0x07, 0x00, 0x07, 0x04, 0x2D, 0x00, 0x0B, 0x1A, 0x0E, 0x00, 0x11, 0xEA,
    0x0C, 0x01, 0x00, 0x02, 0x01, 0x01, 0x01, 0x00, 0x07, 0x96, 0x8A, 0x00, 0x02, 0x01, 0x05, 0x52,
    0x92, 0x00, 0x10, 0x06, 0x0D, 0x01, 0x00, 0x01, 0x01, 0x00, 0x05, 0xE4, 0xBE, 0x00, 0x01, 0x00,
    0x0B, 0x18, 0x0D, 0x01, 0x06, 0x00, 0x03, 0xFA, 0x06, 0x00, 0x07, 0x1A, 0x0E, 0x00, 0x0F, 0xBC,
    0x02, 0x00, 0x11, 0x52, 0x92, 0x00, 0x12, 0xBC, 0x02, 0x00, 0x16, 0x1E, 0x0D, 0x01, 0x01, 0x01,
    0x03, 0xBC, 0x02, 0x00, 0x00, 0x01, 0x02, 0x01, 0x03, 0xFA, 0x06, 0x00, 0x07, 0x28, 0x9A, 0x00,
    0x00, 0x01, 0x11, 0x00, 0x03, 0xA4, 0x0C, 0x01, 0x04, 0x46, 0x22, 0x00, 0x05, 0xBA, 0x0C, 0x01,
    0x06, 0x22, 0xAD, 0x00, 0x07, 0xDC, 0x0A, 0x01, 0x08, 0xC8, 0x0C, 0x01, 0x09, 0xD0, 0x0C, 0x01,
    0x0E, 0xD8, 0x0C, 0x01, 0x0F, 0xDE, 0x0C, 0x01, 0x10, 0xF0, 0x0C, 0x01, 0x11, 0x0C, 0x0D, 0x01,
    0x13, 0x4E, 0x95, 0x00, 0x15, 0x24, 0x0D, 0x01, 0x16, 0xB6, 0x92, 0x00, 0x17, 0x28, 0x11, 0x00,
    0x18, 0x3E, 0x0D, 0x01, 0x1C, 0x46, 0x0D, 0x01, 0x01, 0x01, 0x10, 0x48, 0x5A, 0x00, 0x01, 0x05,
    0x04, 0x00, 0x02, 0x1A, 0x0E, 0x00, 0x06, 0x1A, 0x0E, 0x00, 0x15, 0x04, 0x2D, 0x00, 0x16, 0x34,
    0x95, 0x00, 0x01, 0x00, 0x14, 0xCC, 0x54, 0x00, 0x01, 0x00, 0x07, 0xB2, 0x0D, 0x01, 0x04, 0x01,
    0x03, 0x98, 0x0D, 0x01, 0x07, 0xA0, 0x0D, 0x01, 0x0B, 0xB8, 0x0D, 0x01, 0x11, 0x44, 0x92, 0x00,
    0x00, 0x02, 0x01, 0x02, 0x07, 0xBC, 0x02, 0x00, 0x00, 0x04, 0x01, 0x01, 0x01, 0x00, 0x14, 0x86,
    0x92, 0x00, 0x01, 0x00, 0x14, 0xA0, 0x06, 0x00, 0x01, 0x00, 0x1B, 0x3A, 0x01, 0x00, 0x01, 0x00,
    0x09, 0xE8, 0x0D, 0x01, 0x01, 0x00, 0x11, 0xEE, 0x0D, 0x01, 0x03, 0x00, 0x03, 0xA0, 0x06, 0x00,
    0x04, 0xBC, 0x02, 0x00, 0x1B, 0xFA, 0x06, 0x00, 0x02, 0x00, 0x0E, 0x1C, 0x88, 0x00, 0x16, 0xFA,
    0x06, 0x00, 0x03, 0x00, 0x03, 0x08, 0x0E, 0x01, 0x11, 0xA4, 0x29, 0x00, 0x1B, 0xA4, 0x29, 0x00,
    0x02, 0x00, 0x07, 0xFA, 0x06, 0x00, 0x1C, 0x8C, 0x87, 0x00, 0x02, 0x00, 0x03, 0xA0, 0x06, 0x00,
    0x0B, 0x20, 0x0E, 0x01, 0x02, 0x00, 0x14, 0x4E, 0x95, 0x00, 0x16, 0xA4, 0x29, 0x00, 0x01, 0x00,
    0x03, 0xFE, 0x9E, 0x00, 0x0E, 0x01, 0x04, 0xFA, 0x06, 0x00, 0x05, 0xDC, 0x0D, 0x01, 0x06, 0xE2,
    0xC6, 0x00, 0x08, 0x96, 0x07, 0x00, 0x09, 0xE2, 0x0D, 0x01, 0x0B, 0x86, 0x95, 0x00, 0x0E, 0xF4,
    0x0D, 0x01, 0x0F, 0xFA, 0x0D, 0x01, 0x10, 0x12, 0x0E, 0x01, 0x14, 0x2A, 0x0E, 0x01, 0x15, 0x44,
    0x01, 0x00, 0x16, 0xFE, 0x9F, 0x00, 0x17, 0x34, 0x0E, 0x01, 0x19, 0x3E, 0x0E, 0x01, 0x00, 0x01,
    0x01, 0x01, 0x16, 0x48, 0x5A, 0x00, 0x05, 0x04, 0x03, 0x00, 0x0A, 0x8C, 0x87, 0x00, 0x0B, 0x80,
    0x0E, 0x01, 0x16, 0x60, 0x88, 0x00, 0x00, 0x02, 0x04, 0x03, 0x07, 0x01, 0x01, 0x00, 0x14, 0x96,
    0x0E, 0x01, 0x01, 0x00, 0x11, 0x9C, 0x0E, 0x01, 0x01, 0x00, 0x16, 0xA2, 0x0E, 0x01, 0x00, 0x02,
    0x07, 0x03, 0x08, 0x03, 0x01, 0x00, 0x04, 0xAE, 0x0E, 0x01, 0x01, 0x01, 0x03, 0xB4, 0x0E, 0x01,
    0x03, 0x01, 0x01, 0x00, 0x15, 0xBA, 0x0E, 0x01, 0x03, 0x00, 0x10, 0x8C, 0x87, 0x00, 0x14, 0xC2,
    0x0E, 0x01, 0x15, 0xB8, 0xCD, 0x00, 0x01, 0x00, 0x07, 0xC8, 0x0E, 0x01, 0x05, 0x01, 0x04, 0x5A,
    0x02, 0x00, 0x05, 0x88, 0x0E, 0x01, 0x0B, 0xA8, 0x0E, 0x01, 0x15, 0x48, 0x5A, 0x00, 0x18, 0xD6,
    0x0E, 0x01, 0x00, 0x01, 0x00, 0x01, 0x06, 0x01, 0x01, 0x00, 0x07, 0xF4, 0x0E, 0x01, 0x01, 0x00,
    0x0A, 0xF8, 0x0E, 0x01, 0x01, 0x00, 0x05, 0xFE, 0x0E, 0x01, 0x01, 0x01, 0x0B, 0x9C, 0x87, 0x00,
    0x03, 0x04, 0x03, 0x00, 0x03, 0x04, 0x0F, 0x01, 0x08, 0x8C, 0x87, 0x00, 0x0F, 0x0A, 0x0F, 0x01,
    0x01, 0x01, 0x0E, 0x50, 0x47, 0x00, 0x00, 0x05, 0x03, 0x00, 0x07, 0x54, 0x98, 0x00, 0x0B, 0xE4,
    0xBE, 0x00, 0x15, 0xA4, 0x29, 0x00, 0x04, 0x00, 0x03, 0x20, 0x0F, 0x01, 0x05, 0x28, 0x0F, 0x01,
    0x0F, 0x96, 0x07, 0x00, 0x18, 0xBC, 0x02, 0x00, 0x02, 0x00, 0x05, 0x70, 0xD5, 0x00, 0x16, 0x5A,
    0x02, 0x00, 0x01, 0x00, 0x0B, 0x48, 0x0F, 0x01, 0x00, 0x03, 0x00, 0x03, 0x03, 0x01, 0x05, 0x01,
    0x01, 0x00, 0x0F, 0x58, 0x0F, 0x01, 0x01, 0x00, 0x17, 0x60, 0x0F, 0x01, 0x01, 0x00, 0x07, 0x66,
    0x0F, 0x01, 0x02, 0x00, 0x0B, 0x9C, 0x87, 0x00, 0x1B, 0xA4, 0x29, 0x00, 0x01, 0x00, 0x15, 0x40,
    0x02, 0x00, 0x00, 0x03, 0x00, 0x03, 0x04, 0x01, 0x05, 0x05, 0x01, 0x00, 0x15, 0x82, 0x0F, 0x01,
    0x00, 0x03, 0x01, 0x01, 0x03, 0x01, 0x06, 0x03, 0x02, 0x00, 0x15, 0x82, 0x0F, 0x01, 0x16, 0x90,
    0x0F, 0x01, 0x02, 0x00, 0x07, 0x8A, 0x0F, 0x01, 0x0B, 0x98, 0x0F, 0x01, 0x01, 0x00, 0x0E, 0xA2,
    0x0F, 0x01, 0x03, 0x00, 0x0A, 0x3A, 0x8E, 0x00, 0x0B, 0x7C, 0x0F, 0x01, 0x11, 0xAC, 0x0F, 0x01,
    0x01, 0x00, 0x12, 0x5A, 0x02, 0x00, 0x07, 0x00, 0x08, 0x52, 0x0F, 0x01, 0x0E, 0x6C, 0x0F, 0x01,
    0x0F, 0xC4, 0x9C, 0x00, 0x10, 0x72, 0x0F, 0x01, 0x12, 0xB2, 0x0F, 0x01, 0x15, 0xC0, 0x0F, 0x01,
    0x18, 0x5A, 0x02, 0x00, 0x02, 0x00, 0x0B, 0x8C, 0x87, 0x00, 0x15, 0x48, 0x5A, 0x00, 0x05, 0x00,
    0x03, 0xDC, 0x0E, 0x01, 0x07, 0x12, 0x0F, 0x01, 0x0B, 0x36, 0x0F, 0x01, 0x11, 0xC6, 0x0F, 0x01,
    0x17, 0xE4, 0x0F, 0x01, 0x01, 0x01, 0x0A, 0xC2, 0x8F, 0x00, 0x01, 0x04, 0x03, 0x03, 0x05, 0x04,
    0x10, 0x01, 0x0A, 0xBC, 0x02, 0x00, 0x19, 0x26, 0x1A, 0x00, 0x00, 0x04, 0x01, 0x01, 0x02, 0x02,
    0x00, 0x02, 0x05, 0x01, 0x07, 0x01, 0x01, 0x00, 0x16, 0x20, 0x10, 0x01, 0x01, 0x00, 0x17, 0x26,
    0x10, 0x01, 0x01, 0x00, 0x04, 0x2C, 0x10, 0x01, 0x01, 0x00, 0x0B, 0x32, 0x10, 0x01, 0x04, 0x03,
    0x07, 0x8C, 0x95, 0x00, 0x11, 0x44, 0x92, 0x00, 0x14, 0x38, 0x10, 0x01, 0x17, 0xBC, 0x02, 0x00,
    0x00, 0x04, 0x01, 0x03, 0x02, 0x02, 0x01, 0x01, 0x14, 0xFA, 0x06, 0x00, 0x02, 0x01, 0x01, 0x00,
    0x0B, 0x9C, 0xA9, 0x00, 0x01, 0x00, 0x02, 0x56, 0x0F, 0x00, 0x01, 0x01, 0x15, 0x5A, 0x02, 0x00,
    0x00, 0x05, 0x01, 0x00, 0x14, 0x48, 0x01, 0x00, 0x01, 0x00, 0x03, 0x72, 0x10, 0x01, 0x05, 0x00,
    0x07, 0x1A, 0x0E, 0x00, 0x0B, 0x6A, 0x10, 0x01, 0x10, 0x78, 0x10, 0x01, 0x11, 0x8C, 0x87, 0x00,
    0x1B, 0x52, 0x92, 0x00, 0x0B, 0x01, 0x03, 0x56, 0x10, 0x01, 0x04, 0xF2, 0x96, 0x00, 0x06, 0x44,
    0x01, 0x00, 0x07, 0xA4, 0x29, 0x00, 0x08, 0x02, 0xA2, 0x00, 0x0B, 0xE0, 0xAA, 0x00, 0x0F, 0x1A,
    0x0E, 0x00, 0x10, 0x5E, 0x10, 0x01, 0x12, 0x64, 0x10, 0x01, 0x14, 0x7E, 0x10, 0x01, 0x15, 0x1A,
    0x0E, 0x00, 0x00, 0x01, 0x04, 0x01, 0x03, 0x02, 0x9E, 0x00, 0x0A, 0xF6, 0x06, 0x00, 0x0B, 0x5C,
    0x96, 0x00, 0x11, 0xA4, 0x29, 0x00, 0x02, 0x04, 0x01, 0x00, 0x0E, 0x46, 0xA4, 0x00, 0x03, 0x00,
    0x03, 0xD8, 0x10, 0x01, 0x07, 0x48, 0x01, 0x00, 0x0A, 0x52, 0x92, 0x00, 0x03, 0x01, 0x03, 0xA4,
    0x29, 0x00, 0x0E, 0x96, 0x07, 0x00, 0x12, 0xDE, 0x10, 0x01, 0x00, 0x01, 0x16, 0x00, 0x03, 0x02,
    0x0A, 0x01, 0x04, 0x4A, 0x10, 0x00, 0x05, 0x6A, 0x0A, 0x01, 0x06, 0x02, 0x9E, 0x00, 0x07, 0x7C,
    0x0B, 0x01, 0x08, 0x4A, 0x10, 0x00, 0x09, 0x02, 0x9E, 0x00, 0x0A, 0x7C, 0x0C, 0x01, 0x0B, 0x52,
    0x0D, 0x01, 0x0E, 0xBE, 0x0D, 0x01, 0x0F, 0xD2, 0x0D, 0x01, 0x10, 0x1A, 0x1D, 0x00, 0x11, 0x44,
    0x0E, 0x01, 0x12, 0x02, 0x9E, 0x00, 0x14, 0xEE, 0x0F, 0x01, 0x15, 0x0C, 0x10, 0x01, 0x16, 0x3E,
    0x10, 0x01, 0x17, 0x94, 0x10, 0x01, 0x18, 0xA4, 0x29, 0x00, 0x19, 0xC4, 0x10, 0x01, 0x1B, 0xEC,
    0x10, 0x01, 0x1C, 0xC4, 0xAD, 0x00, 0x02, 0x00, 0x0B, 0xFA, 0x06, 0x00, 0x17, 0x24, 0x01, 0x00,
    0x01, 0x00, 0x16, 0x56, 0x11, 0x01, 0x01, 0x00, 0x03, 0x60, 0x11, 0x01, 0x01, 0x00, 0x14, 0x66,
    0x11, 0x01, 0x02, 0x00, 0x03, 0x52, 0x92, 0x00, 0x0B, 0xBC, 0x02, 0x00, 0x01, 0x00, 0x10, 0x90,
    0x87, 0x00, 0x04, 0x00, 0x03, 0x7C, 0x11, 0x01, 0x06, 0x44, 0x01, 0x00, 0x0B, 0x5A, 0x02, 0x00,
    0x16, 0x5A, 0x02, 0x00, 0x07, 0x00, 0x04, 0xA4, 0x29, 0x00, 0x05, 0xBC, 0x02, 0x00, 0x06, 0x6C,
    0x11, 0x01, 0x10, 0x72, 0x11, 0x01, 0x14, 0x82, 0x11, 0x01, 0x16, 0xF6, 0x06, 0x00, 0x18, 0xBC,
    0x02, 0x00, 0x01, 0x01, 0x11, 0x26, 0x1A, 0x00, 0x01, 0x03, 0x02, 0x01, 0x0E, 0x26, 0x1A, 0x00,
    0x14, 0xB2, 0x11, 0x01, 0x02, 0x04, 0x01, 0x00, 0x09, 0x92, 0x95, 0x00, 0x01, 0x02, 0x10, 0xC6,
    0x11, 0x01, 0x01, 0x01, 0x02, 0x04, 0x01, 0x00, 0x07, 0x98, 0x94, 0x00, 0x03, 0x00, 0x07, 0xBA,
    0x11, 0x01, 0x0B, 0xCC, 0x11, 0x01, 0x0E, 0xD6, 0x11, 0x01, 0x02, 0x00, 0x04, 0xBC, 0x02, 0x00,
    0x16, 0x28, 0x11, 0x00, 0x06, 0x00, 0x03, 0xC6, 0x06, 0x00, 0x0B, 0xEA, 0x11, 0x01, 0x0E, 0xAA,
    0x8D, 0x00, 0x14, 0xC6, 0x06, 0x00, 0x17, 0xC6, 0x06, 0x00, 0x1B, 0x26, 0x1A, 0x00, 0x03, 0x00,
    0x14, 0xFA, 0x06, 0x00, 0x15, 0x80, 0x92, 0x00, 0x18, 0x48, 0x5A, 0x00, 0x02, 0x00, 0x06, 0xFA,
    0x06, 0x00, 0x15, 0xFA, 0x06, 0x00, 0x04, 0x00, 0x05, 0xF6, 0x06, 0x00, 0x07, 0x1C, 0x12, 0x01,
    0x15, 0x52, 0x92, 0x00, 0x16, 0x44, 0x92, 0x00, 0x01, 0x01, 0x1B, 0x3C, 0xD5, 0x00, 0x01, 0x04,
    0x01, 0x00, 0x10, 0x38, 0x12, 0x01, 0x06, 0x00, 0x06, 0x52, 0x92, 0x00, 0x07, 0x0E, 0x12, 0x01,
    0x0B, 0x26, 0x12, 0x01, 0x11, 0x40, 0x12, 0x01, 0x15, 0xF2, 0x96, 0x00, 0x17, 0x26, 0x1A, 0x00,
    0x01, 0x00, 0x0F, 0x24, 0x01, 0x00, 0x03, 0x00, 0x07, 0x26, 0x1A, 0x00, 0x15, 0x48, 0x5A, 0x00,
    0x16, 0xCE, 0x87, 0x00, 0x01, 0x00, 0x0B, 0x5E, 0x8E, 0x00, 0x03, 0x00, 0x03, 0x60, 0x12, 0x01,
    0x10, 0x66, 0x12, 0x01, 0x14, 0x74, 0x12, 0x01, 0x02, 0x00, 0x03, 0x1A, 0x0E, 0x00, 0x0E, 0xC6,
    0x06, 0x00, 0x01, 0x00, 0x07, 0xDC, 0xA1, 0x00, 0x02, 0x00, 0x0A, 0x92, 0x12, 0x01, 0x0B, 0xAE,
    0x93, 0x00, 0x01, 0x01, 0x09, 0xF6, 0x06, 0x00, 0x02, 0x04, 0x01, 0x00, 0x0F, 0xBC, 0x02, 0x00,
    0x01, 0x01, 0x07, 0x9A, 0xDB, 0x00, 0x03, 0x03, 0x05, 0x02, 0x0E, 0x1C, 0xAC, 0x00, 0x10, 0xA2,
    0x12, 0x01, 0x14, 0xAA, 0x12, 0x01, 0x16, 0x4E, 0x8D, 0x00, 0x18, 0xB0, 0x12, 0x01, 0x00, 0x02,
    0x02, 0x02, 0x02, 0x01, 0x04, 0x8C, 0x87, 0x00, 0x16, 0x7E, 0x99, 0x00, 0x01, 0x01, 0x01, 0x01,
    0x07, 0x4E, 0x95, 0x00, 0x04, 0x04, 0x01, 0x00, 0x0A, 0xDE, 0x12, 0x01, 0x01, 0x01, 0x10, 0xF6,
    0x06, 0x00, 0x02, 0x04, 0x03, 0x01, 0x03, 0x44, 0x92, 0x00, 0x10, 0x08, 0xBA, 0x00, 0x15, 0x1C,
    0x9A, 0x00, 0x02, 0x02, 0x02, 0x00, 0x04, 0x10, 0xB8, 0x00, 0x15, 0x28, 0x11, 0x00, 0x02, 0x00,
    0x03, 0x32, 0x97, 0x00, 0x0B, 0x04, 0x13, 0x01, 0x01, 0x01, 0x07, 0x54, 0x98, 0x00, 0x00, 0x04,
    0x03, 0x00, 0x0B, 0xD4, 0x06, 0x00, 0x14, 0x9C, 0x09, 0x01, 0x17, 0xA4, 0x29, 0x00, 0x01, 0x01,
    0x0E, 0x52, 0x92, 0x00, 0x01, 0x03, 0x0D, 0x00, 0x03, 0xD2, 0x12, 0x01, 0x05, 0xE6, 0x12, 0x01,
    0x06, 0x0E, 0xE8, 0x00, 0x07, 0xEC, 0x12, 0x01, 0x09, 0xF2, 0x96, 0x00, 0x0B, 0xF4, 0x12, 0x01,
    0x0E, 0x0E, 0x13, 0x01, 0x0F, 0x8A, 0xA3, 0x00, 0x11, 0x74, 0x27, 0x00, 0x15, 0x18, 0x13, 0x01,
    0x16, 0x20, 0x13, 0x01, 0x17, 0x2E, 0x13, 0x01, 0x18, 0x52, 0x92, 0x00, 0x02, 0x00, 0x0B, 0x28,
    0x11, 0x00, 0x0E, 0x8E, 0x9C, 0x00, 0x01, 0x01, 0x10, 0x84, 0xB2, 0x00, 0x01, 0x01, 0x01, 0x00,
    0x14, 0x0C, 0x8D, 0x00, 0x05, 0x00, 0x03, 0x28, 0x93, 0x00, 0x04, 0x6C, 0x13, 0x01, 0x0B, 0x76,
    0x13, 0x01, 0x11, 0x7E, 0x13, 0x01, 0x12, 0xA0, 0x06, 0x00, 0x01, 0x01, 0x14, 0x28, 0x11, 0x00,
    0x01, 0x02, 0x04, 0x01, 0x0F, 0x28, 0x11, 0x00, 0x10, 0x0C, 0x07, 0x00, 0x15, 0x1C, 0x9A, 0x00,
    0x18, 0x5A, 0x02, 0x00, 0x01, 0x01, 0x01, 0x02, 0x19, 0x28, 0x11, 0x00, 0x02, 0x03, 0x03, 0x04,
    0x02, 0x00, 0x14, 0x50, 0x47, 0x00, 0x15, 0x28, 0x11, 0x00, 0x02, 0x00, 0x03, 0x0C, 0x02, 0x01,
    0x07, 0xC0, 0x13, 0x01, 0x08, 0x00, 0x03, 0x10, 0x8F, 0x00, 0x07, 0x9A, 0x13, 0x01, 0x0B, 0xA2,
    0x13, 0x01, 0x15, 0xB6, 0x13, 0x01, 0x16, 0xCA, 0x13, 0x01, 0x17, 0xBC, 0x02, 0x00, 0x1B, 0x52,
    0x92, 0x00, 0x1C, 0x52, 0x92, 0x00, 0x03, 0x00, 0x14, 0x8C, 0x95, 0x00, 0x15, 0x44, 0x92, 0x00,
    0x17, 0xF6, 0x06, 0x00, 0x01, 0x01, 0x14, 0xF6, 0x90, 0x00, 0x01, 0x01, 0x02, 0x00, 0x03, 0x44,
    0x92, 0x00, 0x10, 0x08, 0xBA, 0x00, 0x01, 0x00, 0x16, 0xE8, 0x87, 0x00, 0x01, 0x00, 0x14, 0x16,
    0x14, 0x01, 0x01, 0x01, 0x11, 0x1C, 0x14, 0x01, 0x02, 0x03, 0x02, 0x00, 0x0B, 0x6E, 0xC8, 0x00,
    0x17, 0x48, 0x5A, 0x00, 0x05, 0x00, 0x07, 0x04, 0x14, 0x01, 0x0B, 0x0C, 0x14, 0x01, 0x0E, 0xC6,
    0x06, 0x00, 0x12, 0x22, 0x14, 0x01, 0x16, 0x2A, 0x14, 0x01, 0x04, 0x01, 0x02, 0xA4, 0x29, 0x00,
    0x09, 0x26, 0x1A, 0x00, 0x0E, 0xCE, 0x85, 0x00, 0x15, 0x26, 0x1A, 0x00, 0x01, 0x01, 0x02, 0x00,
    0x07, 0x32, 0x97, 0x00, 0x14, 0x28, 0x11, 0x00, 0x01, 0x00, 0x0E, 0x94, 0xDB, 0x00, 0x01, 0x01,
    0x0B, 0xFC, 0x8D, 0x00, 0x01, 0x03, 0x06, 0x00, 0x03, 0x68, 0x14, 0x01, 0x08, 0x6E, 0x14, 0x01,
    0x10, 0xD4, 0x06, 0x00, 0x11, 0xC6, 0x06, 0x00, 0x16, 0xF6, 0x06, 0x00, 0x1C, 0xFA, 0x06, 0x00,
    0x01, 0x00, 0x09, 0x2E, 0xBC, 0x00, 0x01, 0x00, 0x10, 0x90, 0x14, 0x01, 0x01, 0x01, 0x0B, 0x96,
    0x14, 0x01, 0x02, 0x02, 0x01, 0x01, 0x07, 0x28, 0x11, 0x00, 0x04, 0x04, 0x03, 0x00, 0x07, 0x8E,
    0x98, 0x00, 0x0A, 0x20, 0x96, 0x00, 0x0B, 0xA4, 0x14, 0x01, 0x0E, 0x00, 0x03, 0x4A, 0x14, 0x01,
    0x04, 0xA2, 0x93, 0x00, 0x05, 0xBC, 0x02, 0x00, 0x06, 0xD4, 0x06, 0x00, 0x07, 0x96, 0x87, 0x00,
    0x08, 0x5E, 0x14, 0x01, 0x0B, 0x76, 0x14, 0x01, 0x0E, 0x9C, 0x14, 0x01, 0x10, 0x24, 0x97, 0x00,
    0x11, 0x5C, 0x96, 0x00, 0x12, 0x08, 0xD2, 0x00, 0x15, 0x52, 0x9D, 0x00, 0x16, 0xAC, 0x14, 0x01,
    0x17, 0xC6, 0x06, 0x00, 0x03, 0x00, 0x06, 0x44, 0x92, 0x00, 0x10, 0x44, 0x92, 0x00, 0x12, 0x28,
    0x11, 0x00, 0x01, 0x01, 0x0B, 0xFA, 0x06, 0x00, 0x03, 0x02, 0x02, 0x00, 0x03, 0x8C, 0x87, 0x00,
    0x14, 0x74, 0xAD, 0x00, 0x02, 0x00, 0x03, 0x44, 0x92, 0x00, 0x05, 0xC6, 0x06, 0x00, 0x01, 0x00,
    0x14, 0x14, 0x99, 0x00, 0x02, 0x00, 0x07, 0x1E, 0x15, 0x01, 0x14, 0xD4, 0x06, 0x00, 0x01, 0x01,
    0x14, 0x48, 0x5A, 0x00, 0x01, 0x02, 0x09, 0x01, 0x03, 0xF4, 0x14, 0x01, 0x05, 0x02, 0x15, 0x01,
    0x07, 0x0A, 0x15, 0x01, 0x0B, 0x14, 0x15, 0x01, 0x0E, 0x6E, 0x93, 0x00, 0x12, 0xD4, 0x06, 0x00,
    0x15, 0x28, 0x94, 0x00, 0x16, 0x24, 0x15, 0x01, 0x17, 0x2E, 0x15, 0x01, 0x00, 0x02, 0x02, 0x00,
    0x04, 0xBC, 0x02, 0x00, 0x16, 0xC6, 0x06, 0x00, 0x01, 0x01, 0x0B, 0x48, 0x5A, 0x00, 0x00, 0x04,
    0x03, 0x00, 0x02, 0xA4, 0x29, 0x00, 0x0E, 0xA4, 0x29, 0x00, 0x10, 0x68, 0x15, 0x01, 0x02, 0x00,
    0x07, 0xC6, 0x06, 0x00, 0x09, 0xFA, 0x06, 0x00, 0x01, 0x00, 0x10, 0xBC, 0xCA, 0x00, 0x05, 0x03,
    0x0E, 0x1C, 0xAC, 0x00, 0x10, 0x7E, 0x15, 0x01, 0x11, 0x88, 0x15, 0x01, 0x15, 0x26, 0x1A, 0x00,
    0x1C, 0x40, 0x95, 0x00, 0x00, 0x04, 0x01, 0x01, 0x02, 0x02, 0x01, 0x00, 0x0B, 0xAC, 0xD2, 0x00,
    0x01, 0x00, 0x16, 0xAA, 0x15, 0x01, 0x01, 0x00, 0x03, 0xB0, 0x15, 0x01, 0x05, 0x00, 0x08, 0x52,
    0x92, 0x00, 0x09, 0x8C, 0x87, 0x00, 0x0F, 0xB6, 0x15, 0x01, 0x10, 0x44, 0x92, 0x00, 0x17, 0x26,
    0x1A, 0x00, 0x06, 0x00, 0x03, 0x5E, 0x15, 0x01, 0x07, 0x70, 0x15, 0x01, 0x0B, 0x8E, 0x15, 0x01,
    0x0E, 0x32, 0x27, 0x00, 0x11, 0xBC, 0x15, 0x01, 0x15, 0xBC, 0x02, 0x00, 0x01, 0x01, 0x0F, 0x28,
    0x11, 0x00, 0x01, 0x03, 0x16, 0x00, 0x03, 0x94, 0x11, 0x01, 0x04, 0xDC, 0x11, 0x01, 0x05, 0xF4,
    0x11, 0x01, 0x06, 0x46, 0x12, 0x01, 0x07, 0x7A, 0x12, 0x01, 0x08, 0x88, 0x12, 0x01, 0x09, 0x98,
    0x12, 0x01, 0x0B, 0xB8, 0x12, 0x01, 0x0C, 0x44, 0x92, 0x00, 0x0D, 0xA4, 0x29, 0x00, 0x0E, 0x36,
    0x13, 0x01, 0x0F, 0x84, 0x13, 0x01, 0x10, 0xD4, 0x13, 0x01, 0x11, 0xF6, 0x13, 0x01, 0x12, 0x34,
    0x14, 0x01, 0x14, 0xBA, 0x14, 0x01, 0x15, 0x36, 0x15, 0x01, 0x16, 0xD2, 0x15, 0x01, 0x17, 0xEC,
    0x15, 0x01, 0x18, 0x9A, 0x1D, 0x00, 0x1A, 0x16, 0xA4, 0x00, 0x1C, 0xA2, 0x93, 0x00, 0x00, 0x03,
    0x00, 0x02, 0x01, 0x01, 0x02, 0x04, 0x02, 0x00, 0x0B, 0x92, 0xA2, 0x00, 0x17, 0x5A, 0x02, 0x00,
    0x01, 0x00, 0x14, 0xFE, 0x93, 0x00, 0x01, 0x00, 0x07, 0x60, 0x16, 0x01, 0x02, 0x01, 0x07, 0x28,
    0x11, 0x00, 0x17, 0x66, 0x16, 0x01, 0x03, 0x04, 0x03, 0x00, 0x0B, 0x14, 0x99, 0x00, 0x11, 0x8C,
    0x87, 0x00, 0x17, 0x24, 0x01, 0x00, 0x01, 0x00, 0x07, 0xFE, 0x9B, 0x00, 0x01, 0x00, 0x0B, 0x86,
    0x16, 0x01, 0x01, 0x00, 0x18, 0xF6, 0x06, 0x00, 0x01, 0x01, 0x0B, 0x92, 0x16, 0x01, 0x00, 0x03,
    0x01, 0x00, 0x18, 0x74, 0x22, 0x00, 0x01, 0x00, 0x07, 0xA0, 0x16, 0x01, 0x01, 0x00, 0x06, 0xA6,
    0x16, 0x01, 0x0B, 0x01, 0x02, 0x4E, 0x95, 0x00, 0x04, 0x4E, 0x16, 0x01, 0x05, 0x56, 0x16, 0x01,
    0x09, 0x6C, 0x16, 0x01, 0x0E, 0x78, 0x16, 0x01, 0x0F, 0xF6, 0x97, 0x00, 0x10, 0x88, 0xE6, 0x00,
    0x12, 0x06, 0xCC, 0x00, 0x14, 0x8C, 0x16, 0x01, 0x16, 0x98, 0x16, 0x01, 0x17, 0xAC, 0x16, 0x01,
    0x00, 0x01, 0x04, 0x00, 0x02, 0xC6, 0x06, 0x00, 0x0E, 0x0A, 0x8C, 0x00, 0x11, 0x28, 0x11, 0x00,
    0x1B, 0x26, 0x1A, 0x00, 0x02, 0x00, 0x11, 0x0C, 0x8A, 0x00, 0x17, 0xBC, 0x96, 0x00, 0x01, 0x00,
    0x09, 0xAE, 0x69, 0x00, 0x01, 0x01, 0x1B, 0xE0, 0x12, 0x00, 0x01, 0x04, 0x01, 0x01, 0x05, 0x8C,
    0x87, 0x00, 0x01, 0x03, 0x05, 0x00, 0x02, 0x4E, 0x95, 0x00, 0x0B, 0xFE, 0x16, 0x01, 0x0E, 0x04,
    0x17, 0x01, 0x10, 0x0C, 0x17, 0x01, 0x15, 0x26, 0x1A, 0x00, 0x01, 0x00, 0x0B, 0x00, 0xA9, 0x00,
    0x01, 0x00, 0x07, 0x1A, 0x0E, 0x00, 0x06, 0x00, 0x06, 0x26, 0x1A, 0x00, 0x07, 0x14, 0x17, 0x01,
    0x0B, 0x54, 0x91, 0x00, 0x0F, 0x2A, 0x17, 0x01, 0x15, 0x30, 0x17, 0x01, 0x16, 0x2A, 0xC1, 0x00,
    0x01, 0x00, 0x16, 0xBC, 0xBE, 0x00, 0x02, 0x00, 0x07, 0xBC, 0x02, 0x00, 0x0B, 0x50, 0x17, 0x01,
    0x02, 0x02, 0x02, 0xA4, 0x29, 0x00, 0x16, 0x56, 0x17, 0x01, 0x01, 0x04, 0x02, 0x02, 0x01, 0x01,
    0x14, 0x5A, 0x02, 0x00, 0x02, 0x04, 0x02, 0x00, 0x07, 0x6E, 0x17, 0x01, 0x1B, 0x28, 0x11, 0x00,
    0x08, 0x00, 0x02, 0xA4, 0x29, 0x00, 0x06, 0xA4, 0x29, 0x00, 0x09, 0x5A, 0x02, 0x00, 0x0E, 0xE2,
    0x16, 0x01, 0x10, 0xF4, 0x16, 0x01, 0x14, 0x36, 0x17, 0x01, 0x15, 0x60, 0x17, 0x01, 0x16, 0x76,
    0x17, 0x01, 0x02, 0x00, 0x0E, 0x06, 0xCC, 0x00, 0x10, 0x4E, 0x95, 0x00, 0x04, 0x00, 0x02, 0x4E,
    0x95, 0x00, 0x06, 0x4E, 0x95, 0x00, 0x10, 0x70, 0x14, 0x00, 0x15, 0x4E, 0x95, 0x00, 0x02, 0x00,
    0x07, 0xAC, 0x17, 0x01, 0x0B, 0x4E, 0x95, 0x00, 0x02, 0x00, 0x16, 0x4E, 0x95, 0x00, 0x1C, 0xC8,
    0xD5, 0x00, 0x01, 0x01, 0x0B, 0xC8, 0x17, 0x01, 0x00, 0x02, 0x04, 0x01, 0x03, 0x3C, 0x94, 0x00,
    0x05, 0x0C, 0x07, 0x00, 0x06, 0x8C, 0x87, 0x00, 0x09, 0xA4, 0x29, 0x00, 0x01, 0x01, 0x03, 0x00,
    0x0E, 0x5A, 0x02, 0x00, 0x14, 0x9E, 0xAA, 0x00, 0x17, 0xD4, 0x06, 0x00, 0x03, 0x00, 0x0B, 0x86,
    0x87, 0x00, 0x11, 0xFA, 0x06, 0x00, 0x17, 0xFA, 0x06, 0x00, 0x03, 0x00, 0x0B, 0xA4, 0x29, 0x00,
    0x14, 0x5A, 0x02, 0x00, 0x1B, 0xA4, 0x29, 0x00, 0x00, 0x03, 0x02, 0x01, 0x05, 0x03, 0x06, 0x03,
    0x01, 0x00, 0x14, 0x18, 0x18, 0x01, 0x01, 0x00, 0x03, 0x20, 0x18, 0x01, 0x01, 0x00, 0x12, 0x26,
    0x18, 0x01, 0x01, 0x01, 0x0B, 0x2C, 0x18, 0x01, 0x00, 0x03, 0x0D, 0x00, 0x03, 0xA2, 0x17, 0x01,
    0x06, 0xBE, 0x17, 0x01, 0x08, 0xC6, 0x06, 0x00, 0x09, 0xAE, 0x93, 0x00, 0x0D, 0xBC, 0x02, 0x00,
    0x0E, 0xD2, 0x17, 0x01, 0x10, 0xDA, 0x17, 0x01, 0x11, 0xEE, 0x17, 0x01, 0x12, 0x28, 0x11, 0x00,
    0x14, 0xF6, 0x97, 0x00, 0x15, 0xFC, 0x17, 0x01, 0x16, 0x0A, 0x18, 0x01, 0x18, 0x32, 0x18, 0x01,
    0x01, 0x00, 0x12, 0x06, 0x03, 0x00, 0x01, 0x00, 0x07, 0x70, 0x18, 0x01, 0x00, 0x03, 0x01, 0x01,
    0x04, 0x05, 0x06, 0x01, 0x01, 0x00, 0x17, 0x7C, 0x18, 0x01, 0x01, 0x00, 0x06, 0x84, 0x18, 0x01,
    0x02, 0x01, 0x05, 0x76, 0x18, 0x01, 0x14, 0x8A, 0x18, 0x01, 0x03, 0x04, 0x04, 0x00, 0x03, 0x28,
    0x11, 0x00, 0x07, 0x44, 0x92, 0x00, 0x16, 0x4E, 0x95, 0x00, 0x18, 0x1A, 0x0E, 0x00, 0x03, 0x00,
    0x03, 0x6E, 0xC8, 0x00, 0x0B, 0x48, 0x5A, 0x00, 0x1B, 0x28, 0x11, 0x00, 0x02, 0x00, 0x03, 0x28,
    0x11, 0x00, 0x07, 0xA2, 0xBB, 0x00, 0x07, 0x00, 0x02, 0x4E, 0x95, 0x00, 0x0B, 0x90, 0x18, 0x01,
    0x0D, 0x1A, 0x0E, 0x00, 0x0E, 0x9C, 0x18, 0x01, 0x0F, 0xC4, 0x9C, 0x00, 0x14, 0xAE, 0x18, 0x01,
    0x16, 0xBC, 0x18, 0x01, 0x06, 0x00, 0x03, 0xB2, 0x16, 0x01, 0x07, 0x80, 0x17, 0x01, 0x0B, 0x3A,
    0x18, 0x01, 0x11, 0xC6, 0x18, 0x01, 0x18, 0x3C, 0x94, 0x00, 0x1B, 0x26, 0x1A, 0x00, 0x01, 0x00,
    0x0E, 0x44, 0x92, 0x00, 0x02, 0x00, 0x07, 0x4A, 0x9E, 0x00, 0x11, 0x8C, 0x87, 0x00, 0x00, 0x03,
    0x05, 0x03, 0x06, 0x06, 0x07, 0x02, 0x01, 0x00, 0x03, 0x0E, 0x19, 0x01, 0x01, 0x00, 0x19, 0x16,
    0x19, 0x01, 0x01, 0x01, 0x07, 0x1C, 0x19, 0x01, 0x03, 0x04, 0x01, 0x00, 0x16, 0x22, 0x19, 0x01,
    0x01, 0x00, 0x07, 0xD4, 0x06, 0x00, 0x00, 0x02, 0x04, 0x01, 0x05, 0x04, 0x02, 0x00, 0x09, 0x36,
    0x19, 0x01, 0x14, 0x52, 0x92, 0x00, 0x01, 0x00, 0x07, 0x3C, 0x19, 0x01, 0x0A, 0x00, 0x04, 0xFE,
    0x18, 0x01, 0x05, 0x96, 0x07, 0x00, 0x09, 0x04, 0x19, 0x01, 0x0B, 0x8C, 0x8F, 0x00, 0x0E, 0x34,
    0x95, 0x00, 0x0F, 0xBC, 0x02, 0x00, 0x14, 0xB2, 0x89, 0x00, 0x15, 0x2A, 0x19, 0x01, 0x16, 0x30,
    0x19, 0x01, 0x18, 0x46, 0x19, 0x01, 0x02, 0x00, 0x14, 0x02, 0x90, 0x00, 0x16, 0xA0, 0xA0, 0x00,
    0x01, 0x00, 0x10, 0x6C, 0x01, 0x00, 0x03, 0x00, 0x0D, 0x80, 0x19, 0x01, 0x16, 0x48, 0x01, 0x00,
    0x18, 0x8C, 0x87, 0x00, 0x07, 0x00, 0x03, 0x76, 0x19, 0x01, 0x06, 0x14, 0xB2, 0x00, 0x07, 0x86,
    0x19, 0x01, 0x0E, 0x5E, 0x8E, 0x00, 0x14, 0xF6, 0x06, 0x00, 0x15, 0x72, 0x8E, 0x00, 0x18, 0xC6,
    0x06, 0x00, 0x01, 0x00, 0x12, 0x9C, 0x87, 0x00, 0x01, 0x00, 0x15, 0xB2, 0x19, 0x01, 0x01, 0x00,
    0x07, 0xB8, 0x19, 0x01, 0x01, 0x01, 0x0E, 0xF6, 0xBB, 0x00, 0x03, 0x02, 0x02, 0x00, 0x06, 0xCE,
    0x87, 0x00, 0x09, 0xBC, 0x02, 0x00, 0x07, 0x01, 0x06, 0xBE, 0x19, 0x01, 0x0E, 0xC4, 0x19, 0x01,
    0x10, 0xCC, 0x19, 0x01, 0x14, 0xBC, 0x02, 0x00, 0x15, 0x30, 0x17, 0x01, 0x16, 0x6C, 0x8E, 0x00,
    0x1C, 0x8C, 0x87, 0x00, 0x02, 0x02, 0x02, 0x00, 0x07, 0x9C, 0xA9, 0x00, 0x0B, 0x28, 0x9A, 0x00,
    0x01, 0x00, 0x10, 0x26, 0x6A, 0x00, 0x01, 0x00, 0x07, 0x00, 0x1A, 0x01, 0x01, 0x00, 0x07, 0xAE,
    0x93, 0x00, 0x03, 0x02, 0x0D, 0x06, 0x1A, 0x01, 0x0F, 0x24, 0x01, 0x00, 0x18, 0x0C, 0x1A, 0x01,
    0x00, 0x01, 0x02, 0x02, 0x01, 0x00, 0x11, 0x48, 0x01, 0x00, 0x01, 0x00, 0x14, 0x24, 0x1A, 0x01,
    0x01, 0x00, 0x03, 0x2A, 0x1A, 0x01, 0x01, 0x01, 0x12, 0x30, 0x1A, 0x01, 0x03, 0x04, 0x02, 0x00,
    0x03, 0x1A, 0x90, 0x00, 0x07, 0x40, 0xD2, 0x00, 0x01, 0x01, 0x16, 0x3E, 0x1A, 0x01, 0x03, 0x04,
    0x02, 0x00, 0x03, 0x36, 0x1A, 0x01, 0x0B, 0x48, 0x1A, 0x01, 0x04, 0x00, 0x0A, 0xC6, 0x06, 0x00,
    0x0E, 0x28, 0x11, 0x00, 0x12, 0xA2, 0x93, 0x00, 0x16, 0x52, 0xA3, 0x00, 0x0F, 0x00, 0x03, 0x4C,
    0x19, 0x01, 0x04, 0xF6, 0x06, 0x00, 0x05, 0xC6, 0x06, 0x00, 0x07, 0x94, 0x19, 0x01, 0x0A, 0x1C,
    0x88, 0x00, 0x0B, 0xD6, 0x19, 0x01, 0x0D, 0x26, 0x1A, 0x00, 0x0E, 0xF6, 0x19, 0x01, 0x10, 0xC8,
    0xE7, 0x00, 0x11, 0x12, 0x1A, 0x01, 0x12, 0x44, 0x92, 0x00, 0x14, 0x50, 0x1A, 0x01, 0x15, 0x5A,
    0x1A, 0x01, 0x16, 0xA4, 0x29, 0x00, 0x1B, 0x28, 0x11, 0x00, 0x05, 0x01, 0x05, 0x3A, 0x8E, 0x00,
    0x09, 0xC8, 0xE7, 0x00, 0x0F, 0x5A, 0x02, 0x00, 0x12, 0x26, 0x1A, 0x00, 0x15, 0x8C, 0x87, 0x00,
    0x01, 0x01, 0x01, 0x00, 0x17, 0xFA, 0xAA, 0x00, 0x02, 0x00, 0x0B, 0xBC, 0x02, 0x00, 0x11, 0x52,
    0x92, 0x00, 0x03, 0x01, 0x05, 0xC2, 0x1A, 0x01, 0x06, 0x0C, 0x07, 0x00, 0x14, 0xC8, 0x1A, 0x01,
    0x01, 0x01, 0x01, 0x01, 0x0E, 0x9C, 0x87, 0x00, 0x03, 0x02, 0x02, 0x01, 0x0B, 0xE2, 0x1A, 0x01,
    0x17, 0xBC, 0x02, 0x00, 0x01, 0x01, 0x02, 0x00, 0x07, 0x26, 0x1A, 0x00, 0x0B, 0x42, 0x9B, 0x00,
    0x04, 0x01, 0x03, 0x52, 0x92, 0x00, 0x05, 0x52, 0x92, 0x00, 0x06, 0x06, 0xCC, 0x00, 0x0F, 0xF6,
    0x1A, 0x01, 0x01, 0x03, 0x01, 0x00, 0x10, 0x24, 0xB2, 0x00, 0x01, 0x00, 0x11, 0xE8, 0x87, 0x00,
    0x01, 0x00, 0x16, 0x1A, 0x1B, 0x01, 0x02, 0x00, 0x05, 0x20, 0x1B, 0x01, 0x06, 0x5A, 0x02, 0x00,
    0x02, 0x01, 0x03, 0x14, 0x1B, 0x01, 0x07, 0x26, 0x1B, 0x01, 0x01, 0x03, 0x01, 0x00, 0x15, 0x74,
    0x22, 0x00, 0x01, 0x00, 0x0B, 0x3C, 0x1B, 0x01, 0x01, 0x01, 0x17, 0x42, 0x1B, 0x01, 0x01, 0x01,
    0x01, 0x02, 0x0B, 0xC6, 0x06, 0x00, 0x01, 0x01, 0x02, 0x02, 0x01, 0x01, 0x03, 0xFA, 0x06, 0x00,
    0x01, 0x01, 0x0B, 0x00, 0x03, 0xAA, 0x1A, 0x01, 0x05, 0x28, 0x07, 0x00, 0x07, 0xD2, 0x1A, 0x01,
    0x0A, 0xEA, 0x1A, 0x01, 0x0B, 0x00, 0x1B, 0x01, 0x11, 0x62, 0xB5, 0x00, 0x12, 0x30, 0x1B, 0x01,
    0x13, 0x48, 0x1B, 0x01, 0x16, 0x50, 0x1B, 0x01, 0x17, 0x5A, 0x1B, 0x01, 0x1A, 0x28, 0x11, 0x00,
    0x03, 0x00, 0x05, 0x44, 0x92, 0x00, 0x14, 0x76, 0xC4, 0x00, 0x16, 0x44, 0x92, 0x00, 0x01, 0x01,
    0x06, 0x54, 0xED, 0x00, 0x03, 0x04, 0x01, 0x01, 0x07, 0x9E, 0x1B, 0x01, 0x01, 0x03, 0x02, 0x00,
    0x0F, 0x48, 0x5A, 0x00, 0x16, 0x48, 0x5A, 0x00, 0x03, 0x01, 0x07, 0x54, 0xB7, 0x00, 0x0A, 0xA6,
    0x1B, 0x01, 0x11, 0xAE, 0x1B, 0x01, 0x01, 0x01, 0x01, 0x01, 0x08, 0x26, 0x1A, 0x00, 0x01, 0x01,
    0x01, 0x00, 0x1B, 0x80, 0x90, 0x00, 0x01, 0x00, 0x14, 0xD0, 0x1B, 0x01, 0x01, 0x00, 0x07, 0xD6,
    0x1B, 0x01, 0x01, 0x01, 0x16, 0xDC, 0x1B, 0x01, 0x03, 0x04, 0x04, 0x00, 0x07, 0x44, 0x92, 0x00,
    0x14, 0xC8, 0x1B, 0x01, 0x15, 0xE2, 0x1B, 0x01, 0x16, 0x28, 0x11, 0x00, 0x04, 0x00, 0x03, 0xC6,
    0x06, 0x00, 0x0E, 0xA0, 0xE4, 0x00, 0x11, 0xC6, 0x06, 0x00, 0x17, 0x44, 0x92, 0x00, 0x01, 0x00,
    0x0E, 0xA6, 0x87, 0x00, 0x01, 0x00, 0x11, 0x0E, 0x1C, 0x01, 0x01, 0x00, 0x1B, 0x8C, 0x92, 0x00,
    0x01, 0x00, 0x14, 0x1A, 0x1C, 0x01, 0x01, 0x01, 0x16, 0x20, 0x1C, 0x01, 0x03, 0x04, 0x03, 0x00,
    0x04, 0x14, 0x1C, 0x01, 0x07, 0x26, 0x1C, 0x01, 0x12, 0x26, 0xCF, 0x00, 0x05, 0x00, 0x05, 0x0C,
    0xE0, 0x00, 0x06, 0x52, 0x92, 0x00, 0x09, 0x52, 0x92, 0x00, 0x0B, 0x86, 0x95, 0x00, 0x1A, 0x4E,
    0x95, 0x00, 0x02, 0x00, 0x07, 0x80, 0x92, 0x00, 0x15, 0x26, 0x1A, 0x00, 0x05, 0x02, 0x06, 0x52,
    0x92, 0x00, 0x09, 0x92, 0x95, 0x00, 0x0F, 0xBC, 0x02, 0x00, 0x10, 0x52, 0x1C, 0x01, 0x15, 0x26,
    0x1A, 0x00, 0x01, 0x01, 0x02, 0x04, 0x02, 0x00, 0x06, 0x26, 0x1A, 0x00, 0x14, 0x9C, 0x87, 0x00,
    0x01, 0x01, 0x05, 0x26, 0x1A, 0x00, 0x01, 0x03, 0x01, 0x00, 0x03, 0xA0, 0x06, 0x00, 0x05, 0x00,
    0x07, 0x76, 0x1C, 0x01, 0x0B, 0xFA, 0x06, 0x00, 0x11, 0x80, 0x1C, 0x01, 0x16, 0x88, 0x1C, 0x01,
    0x17, 0x44, 0x92, 0x00, 0x04, 0x00, 0x03, 0x50, 0xA2, 0x00, 0x0B, 0xD4, 0x95, 0x00, 0x11, 0xC6,
    0x06, 0x00, 0x14, 0x28, 0x11, 0x00, 0x03, 0x00, 0x05, 0x80, 0x93, 0x00, 0x11, 0xFA, 0x06, 0x00,
    0x15, 0x1A, 0x0E, 0x00, 0x01, 0x00, 0x11, 0xF6, 0x06, 0x00, 0x02, 0x01, 0x03, 0xFA, 0x06, 0x00,
    0x14, 0xC4, 0x1C, 0x01, 0x02, 0x01, 0x07, 0x00, 0x05, 0x28, 0x11, 0x00, 0x07, 0x28, 0x07, 0x00,
    0x0B, 0xB6, 0x1C, 0x01, 0x11, 0x26, 0x1A, 0x00, 0x15, 0xBC, 0x02, 0x00, 0x16, 0xCA, 0x1C, 0x01,
    0x17, 0x06, 0x8A, 0x00, 0x01, 0x00, 0x0B, 0x00, 0xBF, 0x00, 0x02, 0x00, 0x0A, 0xF4, 0x1C, 0x01,
    0x0B, 0x7E, 0xA5, 0x00, 0x11, 0x00, 0x03, 0x90, 0x1B, 0x01, 0x04, 0xF6, 0x06, 0x00, 0x05, 0xB8,
    0x1B, 0x01, 0x06, 0xF6, 0x06, 0x00, 0x07, 0xEA, 0x1B, 0x01, 0x09, 0x7E, 0x99, 0x00, 0x0A, 0x70,
    0x14, 0x00, 0x0B, 0xF6, 0x06, 0x00, 0x0E, 0xFC, 0x1B, 0x01, 0x0F, 0x2E, 0x1C, 0x01, 0x10, 0x3C,
    0x1C, 0x01, 0x11, 0x5C, 0x1C, 0x01, 0x12, 0x8E, 0x1C, 0x01, 0x14, 0xA4, 0x1C, 0x01, 0x15, 0xD6,
    0x1C, 0x01, 0x16, 0xFA, 0x1C, 0x01, 0x19, 0xF6, 0x06, 0x00, 0x02, 0x01, 0x04, 0xB6, 0xAB, 0x00,
    0x14, 0x44, 0x01, 0x00, 0x02, 0x01, 0x01, 0x01, 0x11, 0xFA, 0x06, 0x00, 0x01, 0x01, 0x04, 0x01,
    0x10, 0x28, 0x11, 0x00, 0x12, 0x28, 0x11, 0x00, 0x14, 0x56, 0x1D, 0x01, 0x16, 0xBC, 0x02, 0x00,
    0x00, 0x02, 0x01, 0x00, 0x10, 0x98, 0x94, 0x00, 0x03, 0x02, 0x03, 0x72, 0x1D, 0x01, 0x0E, 0x26,
    0x1A, 0x00, 0x15, 0x26, 0x1A, 0x00, 0x00, 0x02, 0x01, 0x01, 0x00, 0x02, 0x01, 0x03, 0x02, 0x01,
    0x01, 0x00, 0x14, 0x8A, 0x1D, 0x01, 0x01, 0x00, 0x0A, 0x90, 0x1D, 0x01, 0x03, 0x01, 0x0F, 0x28,
    0x11, 0x00, 0x11, 0x28, 0x94, 0x00, 0x12, 0x96, 0x1D, 0x01, 0x00, 0x01, 0x02, 0x03, 0x19, 0x16,
    0x1C, 0x00, 0x1B, 0x26, 0x1A, 0x00, 0x00, 0x04, 0x01, 0x01, 0x02, 0x02, 0x09, 0x00, 0x03, 0x4A,
    0x1D, 0x01, 0x04, 0xA4, 0x29, 0x00, 0x07, 0x5E, 0x1D, 0x01, 0x0B, 0x78, 0x1D, 0x01, 0x0E, 0x4E,
    0x95, 0x00, 0x0F, 0xA4, 0x29, 0x00, 0x11, 0x9C, 0x1D, 0x01, 0x16, 0xCE, 0x87, 0x00, 0x1C, 0xAC,
    0x1D, 0x01, 0x1B, 0x00, 0x02, 0xE6, 0x91, 0x00, 0x03, 0xD4, 0x9C, 0x00, 0x04, 0x86, 0xA1, 0x00,
    0x05, 0xFA, 0xA7, 0x00, 0x06, 0x0A, 0xAE, 0x00, 0x07, 0x42, 0xBA, 0x00, 0x08, 0x5C, 0xBD, 0x00,
    0x09, 0x82, 0xC1, 0x00, 0x0A, 0xC6, 0xC5, 0x00, 0x0B, 0xB6, 0xCE, 0x00, 0x0C, 0x9E, 0xCF, 0x00,
    0x0D, 0xDA, 0xD0, 0x00, 0x0E, 0x20, 0xD8, 0x00, 0x0F, 0x4E, 0xDE, 0x00, 0x10, 0x92, 0xE5, 0x00,
    0x11, 0xAA, 0xEE, 0x00, 0x12, 0x3E, 0xF5, 0x00, 0x13, 0x14, 0xF6, 0x00, 0x14, 0x42, 0xFF, 0x00,
    0x15, 0xBC, 0x08, 0x01, 0x16, 0xFC, 0x10, 0x01, 0x17, 0xF4, 0x15, 0x01, 0x18, 0xE4, 0x18, 0x01,
    0x19, 0x6C, 0x1A, 0x01, 0x1A, 0x62, 0x1B, 0x01, 0x1B, 0x04, 0x1D, 0x01, 0x1C, 0xBC, 0x1D, 0x01,
};

inline constexpr std::uint32_t hyphenRootEdges[2][62] = {
    {
    0, 146, 1556, 0, 0, 0, 0, 0, 0, 0, 0, 0, 0, 0, 0, 0,
    0, 0, 0, 0, 0, 0, 0, 0, 0, 0, 0, 0, 0, 3370, 4544, 5908,
    6750, 8362, 10464, 10968, 12308, 13864, 14136, 15318, 16566, 17524, 18946, 21248, 22516, 24746, 26822, 28322,
    29306, 29756, 30320, 30622, 31038, 31522, 31702, 31896, 32312, 32722, 33052, 33422, 33848, 34388,
    },
    {
    0, 0, 37350, 40148, 41350, 43002, 44554, 47682, 48476, 49538, 50630, 52918, 53150, 53466, 55328, 56910,
    58770, 61098, 62782, 62996, 65346, 67772, 69884, 71156, 71908, 72300, 72546, 72964, 73148, 0, 0, 0,
    0, 0, 0, 0, 0, 0, 0, 0, 0, 0, 0, 0, 0, 0, 0, 0,
    0, 0, 0, 0, 0, 0, 0, 0, 0, 0, 0, 0, 0, 0,
    },
};

inline constexpr struct { std::uint32_t root; std::uint8_t left, right; }
    hyphenLanguages[2] = {
    {34522, 2, 2},  // Russian
    {73186, 2, 3},  // English
};

inline constexpr std::uint8_t hyphenExceptions[2488] = {
    0x06, 0x1D, 0x2E, 0x1E, 0x22, 0x2E, 0x2F, 0x04, 0x00, 0x00, 0x00, 0x05, 0x1E, 0x22, 0x24, 0x21,
    0x2A, 0x00, 0x00, 0x00, 0x00, 0x09, 0x1E, 0x25, 0x24, 0x2A, 0x22, 0x2E, 0x29, 0x22, 0x2A, 0x48,
    0x00, 0x00, 0x00, 0x09, 0x1E, 0x30, 0x26, 0x2A, 0x1D, 0x27, 0x2E, 0x27, 0x22, 0x48, 0x00, 0x00,
    0x00, 0x06, 0x1F, 0x1E, 0x28, 0x25, 0x24, 0x25, 0x10, 0x00, 0x00, 0x00, 0x0C, 0x1F, 0x24, 0x1E,
    0x1D, 0x28, 0x1D, 0x29, 0x30, 0x2F, 0x39, 0x2E, 0x3C, 0x50, 0x04, 0x00, 0x00, 0x0A, 0x1F, 0x24,
    0x21, 0x2D, 0x22, 0x29, 0x2A, 0x22, 0x35, 0x39, 0x40, 0x00, 0x00, 0x00, 0x0A, 0x1F, 0x2B, 0x21,
    0x2B, 0x2E, 0x28, 0x25, 0x1F, 0x2B, 0x29, 0x94, 0x00, 0x00, 0x00, 0x07, 0x1F, 0x2B, 0x28, 0x23,
    0x2E, 0x27, 0x22, 0x10, 0x00, 0x00, 0x00, 0x06, 0x1F, 0x2B, 0x2C, 0x28, 0x22, 0x29, 0x08, 0x00,
    0x00, 0x00, 0x05, 0x1F, 0x2B, 0x2C, 0x28, 0x39, 0x00, 0x00, 0x00, 0x00, 0x06, 0x1F, 0x2B, 0x2E,
    0x2F, 0x2D, 0x1D, 0x10, 0x00, 0x00, 0x00, 0x07, 0x1F, 0x2B, 0x2F, 0x27, 0x1D, 0x2F, 0x39, 0x04,
    0x00, 0x00, 0x00, 0x06, 0x1F, 0x2B, 0x2F, 0x27, 0x22, 0x29, 0x04, 0x00, 0x00, 0x00, 0x07, 0x1F,
    0x2B, 0x2F, 0x27, 0x22, 0x35, 0x39, 0x04, 0x00, 0x00, 0x00, 0x05, 0x1F, 0x2B, 0x2F, 0x27, 0x30,
    0x04, 0x00, 0x00, 0x00, 0x06, 0x1F, 0x2B, 0x2F, 0x27, 0x30, 0x2F, 0x04, 0x00, 0x00, 0x00, 0x0B,
    0x1F, 0x2C, 0x2B, 0x28, 0x2B, 0x1E, 0x2B, 0x2D, 0x2B, 0x2F, 0x1D, 0x90, 0x02, 0x00, 0x00, 0x07,
    0x1F, 0x2C, 0x2B, 0x28, 0x30, 0x32, 0x1D, 0x10, 0x00, 0x00, 0x00, 0x0B, 0x1F, 0x2E, 0x22, 0x1F,
    0x2B, 0x28, 0x2B, 0x23, 0x2E, 0x27, 0x22, 0x28, 0x01, 0x00, 0x00, 0x05, 0x1F, 0x33, 0x2E, 0x2C,
    0x2E, 0x00, 0x00, 0x00, 0x00, 0x09, 0x20, 0x1D, 0x2D, 0x22, 0x29, 0x2A, 0x2B, 0x20, 0x2B, 0xA4,
    0x00, 0x00, 0x00, 0x0A, 0x20, 0x2B, 0x28, 0x2B, 0x21, 0x2D, 0x1D, 0x2A, 0x22, 0x33, 0x94, 0x00,
    0x00, 0x00, 0x04, 0x20, 0x2D, 0x3A, 0x2E, 0x00, 0x00, 0x00, 0x00, 0x08, 0x21, 0x1F, 0x30, 0x24,
    0x30, 0x1E, 0x22, 0x33, 0x28, 0x00, 0x00, 0x00, 0x05, 0x21, 0x2A, 0x22, 0x2C, 0x2D, 0x00, 0x00,
    0x00, 0x00, 0x07, 0x21, 0x2B, 0x1E, 0x2D, 0x22, 0x22, 0x29, 0x20, 0x00, 0x00, 0x00, 0x09, 0x21,
    0x2B, 0x1E, 0x2D, 0x22, 0x22, 0x29, 0x2E, 0x3C, 0xA4, 0x00, 0x00, 0x00, 0x07, 0x21, 0x2B, 0x1E,
    0x2D, 0x22, 0x22, 0x2F, 0x20, 0x00, 0x00, 0x00, 0x08, 0x21, 0x2B, 0x1E, 0x2D, 0x22, 0x22, 0x2F,
    0x22, 0x60, 0x00, 0x00, 0x00, 0x0A, 0x21, 0x2B, 0x1E, 0x2D, 0x22, 0x22, 0x2F, 0x22, 0x2E, 0x39,
    0x64, 0x00, 0x00, 0x00, 0x09, 0x21, 0x2B, 0x1E, 0x2D, 0x22, 0x22, 0x2F, 0x2E, 0x3C, 0xA4, 0x00,
    0x00, 0x00, 0x08, 0x21, 0x2B, 0x1E, 0x2D, 0x22, 0x22, 0x35, 0x39, 0x20, 0x00, 0x00, 0x00, 0x0A,
    0x21, 0x2B, 0x1E, 0x2D, 0x22, 0x22, 0x35, 0x39, 0x2E, 0x3C, 0x24, 0x01, 0x00, 0x00, 0x08, 0x21,
    0x2B, 0x1E, 0x2D, 0x22, 0x2E, 0x2F, 0x25, 0x24, 0x00, 0x00, 0x00, 0x06, 0x21, 0x2B, 0x1E, 0x2D,
    0x22, 0x3B, 0x00, 0x00, 0x00, 0x00, 0x08, 0x21, 0x2B, 0x1E, 0x2D, 0x22, 0x3B, 0x2E, 0x39, 0x24,
    0x00, 0x00, 0x00, 0x07, 0x21, 0x2B, 0x1E, 0x2D, 0x22, 0x3B, 0x2F, 0x20, 0x00, 0x00, 0x00, 0x09,
    0x21, 0x2B, 0x1E, 0x2D, 0x22, 0x3B, 0x2F, 0x2E, 0x3C, 0xA4, 0x00, 0x00, 0x00, 0x08, 0x21, 0x2B,
    0x1E, 0x2D, 0x2B, 0x21, 0x3C, 0x2F, 0x24, 0x00, 0x00, 0x00, 0x07, 0x21, 0x2B, 0x1E, 0x2D, 0x2B,
    0x2E, 0x39, 0x04, 0x00, 0x00, 0x00, 0x09, 0x21, 0x2B, 0x1E, 0x2D, 0x2B, 0x2E, 0x39, 0x2F, 0x22,
    0x84, 0x00, 0x00, 0x00, 0x08, 0x21, 0x2B, 0x1E, 0x2D, 0x2B, 0x2E, 0x3C, 0x2F, 0x24, 0x00, 0x00,
    0x00, 0x07, 0x21, 0x2B, 0x1E, 0x2D, 0x2B, 0x35, 0x30, 0x24, 0x00, 0x00, 0x00, 0x05, 0x21, 0x2B,
    0x29, 0x2A, 0x30, 0x00, 0x00, 0x00, 0x00, 0x07, 0x21, 0x2B, 0x2C, 0x2C, 0x22, 0x28, 0x39, 0x08,
    0x00, 0x00, 0x00, 0x06, 0x21, 0x2D, 0x1D, 0x32, 0x29, 0x30, 0x10, 0x00, 0x00, 0x00, 0x07, 0x21,
    0x2D, 0x22, 0x26, 0x31, 0x28, 0x3B, 0x20, 0x00, 0x00, 0x00, 0x08, 0x21, 0x2D, 0x22, 0x26, 0x31,
    0x39, 0x2F, 0x22, 0x40, 0x00, 0x00, 0x00, 0x08, 0x22, 0x21, 0x25, 0x2A, 0x2B, 0x23, 0x21, 0x38,
    0x28, 0x00, 0x00, 0x00, 0x0B, 0x24, 0x1D, 0x1F, 0x2E, 0x22, 0x27, 0x2F, 0x2B, 0x2D, 0x2B, 0x29,
    0x48, 0x01, 0x00, 0x00, 0x05, 0x24, 0x1D, 0x29, 0x2D, 0x30, 0x04, 0x00, 0x00, 0x00, 0x07, 0x24,
    0x1D, 0x34, 0x28, 0x25, 0x2E, 0x39, 0x04, 0x00, 0x00, 0x00, 0x08, 0x25, 0x24, 0x21, 0x2D, 0x22,
    0x1F, 0x28, 0x22, 0x44, 0x00, 0x00, 0x00, 0x06, 0x25, 0x24, 0x2B, 0x2F, 0x2D, 0x30, 0x08, 0x00,
    0x00, 0x00, 0x09, 0x25, 0x2A, 0x27, 0x2B, 0x20, 0x2A, 0x25, 0x2F, 0x2B, 0xA4, 0x00, 0x00, 0x00,
    0x04, 0x25, 0x2E, 0x27, 0x2D, 0x00, 0x00, 0x00, 0x00, 0x07, 0x27, 0x1D, 0x24, 0x1D, 0x35, 0x22,
    0x27, 0x14, 0x00, 0x00, 0x00, 0x05, 0x27, 0x1D, 0x24, 0x2A, 0x39, 0x00, 0x00, 0x00, 0x00, 0x0B,
    0x27, 0x2B, 0x28, 0x39, 0x21, 0x27, 0x2D, 0x22, 0x29, 0x2B, 0x29, 0x20, 0x01, 0x00, 0x00, 0x09,
    0x27, 0x2B, 0x2D, 0x2A, 0x2C, 0x1D, 0x2C, 0x25, 0x2D, 0x50, 0x00, 0x00, 0x00, 0x06, 0x27, 0x2E,
    0x22, 0x2A, 0x21, 0x24, 0x00, 0x00, 0x00, 0x00, 0x08, 0x28, 0x25, 0x27, 0x1E, 0x22, 0x24, 0x2B,
    0x29, 0x28, 0x00, 0x00, 0x00, 0x08, 0x28, 0x2B, 0x35, 0x1D, 0x21, 0x39, 0x29, 0x25, 0x44, 0x00,
    0x00, 0x00, 0x06, 0x28, 0x3B, 0x21, 0x39, 0x29, 0x25, 0x10, 0x00, 0x00, 0x00, 0x06, 0x28, 0x3B,
    0x3A, 0x2E, 0x2B, 0x29, 0x0C, 0x00, 0x00, 0x00, 0x06, 0x29, 0x1D, 0x24, 0x30, 0x2F, 0x22, 0x14,
    0x00, 0x00, 0x00, 0x07, 0x29, 0x22, 0x2F, 0x25, 0x28, 0x1D, 0x29, 0x14, 0x00, 0x00, 0x00, 0x08,
    0x29, 0x22, 0x2F, 0x25, 0x28, 0x1D, 0x29, 0x25, 0x54, 0x00, 0x00, 0x00, 0x08, 0x29, 0x2A, 0x2B,
    0x20, 0x1D, 0x23, 0x21, 0x38, 0x28, 0x00, 0x00, 0x00, 0x07, 0x29, 0x2B, 0x2D, 0x36, 0x39, 0x2F,
    0x22, 0x20, 0x00, 0x00, 0x00, 0x09, 0x2A, 0x1D, 0x1E, 0x22, 0x27, 0x2D, 0x22, 0x2A, 0x39, 0x14,
    0x00, 0x00, 0x00, 0x08, 0x2A, 0x1D, 0x1F, 0x24, 0x2A, 0x25, 0x34, 0x39, 0x10, 0x00, 0x00, 0x00,
    0x09, 0x2A, 0x1D, 0x1F, 0x2E, 0x27, 0x25, 0x21, 0x27, 0x30, 0x84, 0x00, 0x00, 0x00, 0x09, 0x2A,
    0x1D, 0x1F, 0x2E, 0x2F, 0x2D, 0x22, 0x34, 0x30, 0x84, 0x00, 0x00, 0x00, 0x04, 0x2A, 0x1D, 0x20,
    0x28, 0x00, 0x00, 0x00, 0x00, 0x08, 0x2A, 0x1D, 0x25, 0x24, 0x30, 0x2E, 0x2F, 0x39, 0x04, 0x00,
    0x00, 0x00, 0x08, 0x2A, 0x1D, 0x25, 0x29, 0x22, 0x2A, 0x22, 0x22, 0x28, 0x00, 0x00, 0x00, 0x09,
    0x2A, 0x1D, 0x25, 0x2E, 0x27, 0x2B, 0x2E, 0x2B, 0x27, 0x54, 0x00, 0x00, 0x00, 0x08, 0x2A, 0x1D,
    0x25, 0x2E, 0x27, 0x2B, 0x2E, 0x39, 0x14, 0x00, 0x00, 0x00, 0x08, 0x2A, 0x1D, 0x2B, 0x1E, 0x2B,
    0x2D, 0x2B, 0x2F, 0x24, 0x00, 0x00, 0x00, 0x07, 0x2A, 0x1D, 0x2B, 0x2F, 0x2D, 0x22, 0x24, 0x14,
    0x00, 0x00, 0x00, 0x08, 0x2A, 0x1D, 0x2E, 0x30, 0x2C, 0x39, 0x2E, 0x3C, 0x44, 0x00, 0x00, 0x00,
    0x06, 0x2A, 0x1D, 0x30, 0x20, 0x1D, 0x21, 0x04, 0x00, 0x00, 0x00, 0x0A, 0x2A, 0x1D, 0x30, 0x20,
    0x2B, 0x28, 0x39, 0x2A, 0x25, 0x27, 0x84, 0x00, 0x00, 0x00, 0x07, 0x2A, 0x22, 0x2B, 0x2E, 0x2F,
    0x2D, 0x1D, 0x24, 0x00, 0x00, 0x00, 0x07, 0x2A, 0x22, 0x2E, 0x28, 0x1D, 0x2E, 0x39, 0x08, 0x00,
    0x00, 0x00, 0x07, 0x2A, 0x22, 0x2E, 0x28, 0x25, 0x2E, 0x39, 0x08, 0x00, 0x00, 0x00, 0x05, 0x2A,
    0x22, 0x2F, 0x2F, 0x2B, 0x08, 0x00, 0x00, 0x00, 0x05, 0x2A, 0x22, 0x30, 0x21, 0x30, 0x04, 0x00,
    0x00, 0x00, 0x07, 0x2B, 0x1E, 0x25, 0x21, 0x39, 0x2E, 0x3C, 0x20, 0x00, 0x00, 0x00, 0x08, 0x2B,
    0x1E, 0x2B, 0x35, 0x28, 0x2B, 0x2E, 0x39, 0x08, 0x00, 0x00, 0x00, 0x07, 0x2B, 0x1E, 0x2D, 0x1D,
    0x2E, 0x2F, 0x25, 0x14, 0x00, 0x00, 0x00, 0x07, 0x2B, 0x21, 0x2A, 0x1D, 0x23, 0x21, 0x38, 0x14,
    0x00, 0x00, 0x00, 0x07, 0x2B, 0x2E, 0x28, 0x1D, 0x1E, 0x28, 0x1D, 0x20, 0x00, 0x00, 0x00, 0x08,
    0x2B, 0x2F, 0x2B, 0x29, 0x2E, 0x2F, 0x3C, 0x2F, 0x08, 0x00, 0x00, 0x00, 0x06, 0x2B, 0x2F, 0x2B,
    0x29, 0x36, 0x30, 0x08, 0x00, 0x00, 0x00, 0x06, 0x2B, 0x2F, 0x2B, 0x2F, 0x2D, 0x30, 0x08, 0x00,
    0x00, 0x00, 0x04, 0x2B, 0x2F, 0x2D, 0x30, 0x00, 0x00, 0x00, 0x00, 0x06, 0x2B, 0x2F, 0x2D, 0x30,
    0x2E, 0x39, 0x00, 0x00, 0x00, 0x00, 0x09, 0x2C, 0x1D, 0x1E, 0x28, 0x25, 0x2E, 0x25, 0x2F, 0x25,
    0xA8, 0x00, 0x00, 0x00, 0x06, 0x2C, 0x1D, 0x2A, 0x1D, 0x29, 0x22, 0x14, 0x00, 0x00, 0x00, 0x07,
    0x2C, 0x1D, 0x2A, 0x1D, 0x29, 0x22, 0x33, 0x14, 0x00, 0x00, 0x00, 0x0A, 0x2C, 0x1D, 0x2D, 0x1D,
    0x2F, 0x1D, 0x27, 0x2E, 0x25, 0x2E, 0x94, 0x00, 0x00, 0x00, 0x07, 0x2C, 0x22, 0x2D, 0x22, 0x1F,
    0x2D, 0x30, 0x14, 0x00, 0x00, 0x00, 0x0A, 0x2C, 0x22, 0x2D, 0x22, 0x29, 0x22, 0x23, 0x1D, 0x2F,
    0x39, 0x54, 0x00, 0x00, 0x00, 0x0C, 0x2C, 0x22, 0x2D, 0x22, 0x29, 0x22, 0x23, 0x1D, 0x2F, 0x39,
    0x2E, 0x3C, 0x54, 0x04, 0x00, 0x00, 0x07, 0x2C, 0x22, 0x2D, 0x22, 0x35, 0x28, 0x1D, 0x14, 0x00,
    0x00, 0x00, 0x06, 0x2C, 0x25, 0x2E, 0x34, 0x1D, 0x3C, 0x08, 0x00, 0x00, 0x00, 0x0B, 0x2C, 0x2B,
    0x1F, 0x2E, 0x22, 0x21, 0x2A, 0x22, 0x1F, 0x22, 0x2A, 0x24, 0x01, 0x00, 0x00, 0x08, 0x2C, 0x2B,
    0x20, 0x2D, 0x22, 0x29, 0x2B, 0x27, 0x24, 0x00, 0x00, 0x00, 0x07, 0x2C, 0x2B, 0x21, 0x2B, 0x2F,
    0x2D, 0x30, 0x14, 0x00, 0x00, 0x00, 0x08, 0x2C, 0x2B, 0x25, 0x2E, 0x2F, 0x25, 0x2A, 0x22, 0x54,
    0x00, 0x00, 0x00, 0x0A, 0x2C, 0x2B, 0x28, 0x1F, 0x2F, 0x2B, 0x2D, 0x2B, 0x20, 0x2B, 0x48, 0x01,
    0x00, 0x00, 0x0B, 0x2C, 0x2B, 0x28, 0x30, 0x2F, 0x2B, 0x2D, 0x1D, 0x2E, 0x2F, 0x1D, 0x54, 0x01,
    0x00, 0x00, 0x08, 0x2C, 0x2B, 0x28, 0x30, 0x3C, 0x1F, 0x39, 0x3B, 0x14, 0x00, 0x00, 0x00, 0x08,
    0x2C, 0x2B, 0x28, 0x35, 0x27, 0x1D, 0x31, 0x1D, 0x48, 0x00, 0x00, 0x00, 0x08, 0x2C, 0x2B, 0x29,
    0x28, 0x1D, 0x21, 0x35, 0x22, 0x44, 0x00, 0x00, 0x00, 0x05, 0x2C, 0x2B, 0x29, 0x2A, 0x25, 0x00,
    0x00, 0x00, 0x00, 0x07, 0x2C, 0x2B, 0x29, 0x2A, 0x25, 0x2E, 0x39, 0x04, 0x00, 0x00, 0x00, 0x07,
    0x2C, 0x2B, 0x29, 0x2A, 0x25, 0x2F, 0x22, 0x20, 0x00, 0x00, 0x00, 0x09, 0x2C, 0x2B, 0x29, 0x2A,
    0x25, 0x2F, 0x22, 0x2E, 0x39, 0x24, 0x00, 0x00, 0x00, 0x07, 0x2C, 0x2B, 0x29, 0x2A, 0x2B, 0x20,
    0x30, 0x24, 0x00, 0x00, 0x00, 0x05, 0x2C, 0x2B, 0x29, 0x2D, 0x30, 0x04, 0x00, 0x00, 0x00, 0x0B,
    0x2C, 0x2B, 0x2A, 0x1D, 0x21, 0x2B, 0x1E, 0x28, 0x3B, 0x2E, 0x39, 0x94, 0x00, 0x00, 0x00, 0x09,
    0x2C, 0x2B, 0x2F, 0x2D, 0x1D, 0x31, 0x39, 0x2F, 0x22, 0x84, 0x00, 0x00, 0x00, 0x06, 0x2C, 0x2D,
    0x22, 0x23, 0x21, 0x22, 0x10, 0x00, 0x00, 0x00, 0x06, 0x2C, 0x2D, 0x25, 0x21, 0x2F, 0x25, 0x10,
    0x00, 0x00, 0x00, 0x06, 0x2C, 0x2D, 0x25, 0x35, 0x28, 0x1D, 0x08, 0x00, 0x00, 0x00, 0x08, 0x2C,
    0x2D, 0x25, 0x35, 0x28, 0x2B, 0x2E, 0x39, 0x08, 0x00, 0x00, 0x00, 0x06, 0x2C, 0x2D, 0x2B, 0x2F,
    0x2D, 0x30, 0x08, 0x00, 0x00, 0x00, 0x09, 0x2C, 0x2D, 0x2B, 0x32, 0x28, 0x1D, 0x21, 0x33, 0x1D,
    0x88, 0x00, 0x00, 0x00, 0x06, 0x2C, 0x2E, 0x27, 0x2B, 0x1F, 0x1D, 0x10, 0x00, 0x00, 0x00, 0x05,
    0x2C, 0x38, 0x28, 0x34, 0x22, 0x08, 0x00, 0x00, 0x00, 0x09, 0x2D, 0x1D, 0x24, 0x2B, 0x2D, 0x22,
    0x29, 0x2E, 0x3C, 0x88, 0x00, 0x00, 0x00, 0x0A, 0x2D, 0x1D, 0x24, 0x2B, 0x2D, 0x22, 0x2F, 0x22,
    0x2E, 0x39, 0x48, 0x00, 0x00, 0x00, 0x09, 0x2D, 0x1D, 0x24, 0x2B, 0x2D, 0x22, 0x2F, 0x2E, 0x3C,
    0x88, 0x00, 0x00, 0x00, 0x0A, 0x2D, 0x1D, 0x24, 0x2B, 0x2D, 0x22, 0x35, 0x39, 0x2E, 0x3C, 0x08,
    0x01, 0x00, 0x00, 0x07, 0x2D, 0x1D, 0x24, 0x2B, 0x2F, 0x2D, 0x30, 0x10, 0x00, 0x00, 0x00, 0x07,
    0x2D, 0x1D, 0x24, 0x30, 0x29, 0x2B, 0x29, 0x14, 0x00, 0x00, 0x00, 0x08, 0x2D, 0x22, 0x24, 0x1F,
    0x28, 0x3B, 0x2E, 0x39, 0x10, 0x00, 0x00, 0x00, 0x05, 0x2D, 0x2E, 0x31, 0x2E, 0x2D, 0x00, 0x00,
    0x00, 0x00, 0x07, 0x2E, 0x1D, 0x2A, 0x30, 0x24, 0x22, 0x28, 0x08, 0x00, 0x00, 0x00, 0x08, 0x2E,
    0x21, 0x2D, 0x22, 0x26, 0x31, 0x28, 0x3B, 0x40, 0x00, 0x00, 0x00, 0x07, 0x2E, 0x22, 0x20, 0x2B,
    0x21, 0x2A, 0x3C, 0x14, 0x00, 0x00, 0x00, 0x06, 0x2E, 0x29, 0x22, 0x23, 0x1D, 0x2F, 0x08, 0x00,
    0x00, 0x00, 0x08, 0x2E, 0x2B, 0x1E, 0x28, 0x3B, 0x2E, 0x2F, 0x25, 0x24, 0x00, 0x00, 0x00, 0x07,
    0x2E, 0x2B, 0x28, 0x23, 0x22, 0x35, 0x39, 0x04, 0x00, 0x00, 0x00, 0x07, 0x2E, 0x2B, 0x2E, 0x2F,
    0x2D, 0x25, 0x29, 0x10, 0x00, 0x00, 0x00, 0x08, 0x2E, 0x2B, 0x2E, 0x2F, 0x2D, 0x25, 0x35, 0x39,
    0x10, 0x00, 0x00, 0x00, 0x06, 0x2E, 0x2B, 0x2E, 0x2F, 0x2D, 0x3B, 0x10, 0x00, 0x00, 0x00, 0x07,
    0x2E, 0x2B, 0x2E, 0x2F, 0x2D, 0x3C, 0x2F, 0x10, 0x00, 0x00, 0x00, 0x07, 0x2E, 0x2B, 0x2F, 0x27,
    0x1D, 0x2F, 0x39, 0x04, 0x00, 0x00, 0x00, 0x06, 0x2E, 0x2B, 0x2F, 0x27, 0x22, 0x29, 0x04, 0x00,
    0x00, 0x00, 0x07, 0x2E, 0x2B, 0x2F, 0x27, 0x22, 0x35, 0x39, 0x04, 0x00, 0x00, 0x00, 0x05, 0x2E,
    0x2B, 0x2F, 0x27, 0x30, 0x00, 0x00, 0x00, 0x00, 0x06, 0x2E, 0x2B, 0x2F, 0x27, 0x30, 0x2F, 0x04,
    0x00, 0x00, 0x00, 0x08, 0x2E, 0x2D, 0x2B, 0x2E, 0x28, 0x1D, 0x2E, 0x39, 0x10, 0x00, 0x00, 0x00,
    0x08, 0x2E, 0x2D, 0x2B, 0x2E, 0x28, 0x25, 0x2E, 0x39, 0x10, 0x00, 0x00, 0x00, 0x09, 0x2E, 0x2F,
    0x2D, 0x22, 0x29, 0x20, 0x28, 0x1D, 0x1F, 0x20, 0x00, 0x00, 0x00, 0x05, 0x2F, 0x1D, 0x27, 0x23,
    0x22, 0x08, 0x00, 0x00, 0x00, 0x09, 0x2F, 0x1F, 0x22, 0x2D, 0x22, 0x24, 0x2B, 0x20, 0x2B, 0xA8,
    0x00, 0x00, 0x00, 0x0A, 0x2F, 0x22, 0x28, 0x22, 0x1D, 0x2F, 0x22, 0x28, 0x39, 0x22, 0x94, 0x00,
    0x00, 0x00, 0x0B, 0x2F, 0x22, 0x2D, 0x2A, 0x2B, 0x2E, 0x28, 0x25, 0x1F, 0x2B, 0x29, 0x28, 0x01,
    0x00, 0x00, 0x06, 0x2F, 0x2D, 0x2B, 0x2C, 0x28, 0x3B, 0x10, 0x00, 0x00, 0x00, 0x04, 0x2F, 0x39,
    0x31, 0x30, 0x00, 0x00, 0x00, 0x00, 0x08, 0x30, 0x24, 0x30, 0x31, 0x2D, 0x30, 0x27, 0x2F, 0x08,
    0x00, 0x00, 0x00, 0x05, 0x30, 0x29, 0x2A, 0x22, 0x29, 0x00, 0x00, 0x00, 0x00, 0x05, 0x30, 0x29,
    0x2A, 0x22, 0x2F, 0x00, 0x00, 0x00, 0x00, 0x06, 0x30, 0x29, 0x2A, 0x22, 0x2F, 0x22, 0x00, 0x00,
    0x00, 0x00, 0x04, 0x30, 0x29, 0x2A, 0x30, 0x00, 0x00, 0x00, 0x00, 0x04, 0x30, 0x29, 0x2D, 0x30,
    0x00, 0x00, 0x00, 0x00, 0x08, 0x30, 0x2E, 0x28, 0x38, 0x35, 0x39, 0x2F, 0x22, 0x40, 0x00, 0x00,
    0x00, 0x04, 0x30, 0x35, 0x28, 0x1D, 0x00, 0x00, 0x00, 0x00, 0x0A, 0x31, 0x2B, 0x2F, 0x2B, 0x2C,
    0x28, 0x22, 0x2A, 0x2B, 0x27, 0x94, 0x00, 0x00, 0x00, 0x0A, 0x33, 0x1D, 0x2D, 0x22, 0x21, 0x1F,
    0x2B, 0x2D, 0x22, 0x33, 0x94, 0x00, 0x00, 0x00, 0x08, 0x34, 0x22, 0x2D, 0x22, 0x2E, 0x34, 0x30,
    0x2D, 0x24, 0x00, 0x00, 0x00, 0x0B, 0x34, 0x22, 0x2D, 0x2A, 0x2B, 0x2E, 0x28, 0x25, 0x1F, 0x2B,
    0x29, 0x28, 0x01, 0x00, 0x00, 0x05, 0x34, 0x2D, 0x22, 0x2E, 0x28, 0x00, 0x00, 0x00, 0x00, 0x08,
    0x34, 0x30, 0x23, 0x21, 0x2B, 0x2E, 0x2F, 0x39, 0x08, 0x00, 0x00, 0x00, 0x0A, 0x35, 0x22, 0x2E,
    0x2F, 0x39, 0x21, 0x22, 0x2E, 0x3C, 0x2F, 0xA0, 0x00, 0x00, 0x00, 0x04, 0x3B, 0x2E, 0x2B, 0x29,
    0x00, 0x00, 0x00, 0x00, 0x07, 0x3C, 0x21, 0x2B, 0x24, 0x30, 0x1E, 0x22, 0x28, 0x00, 0x00, 0x00,
    0x08, 0x3C, 0x2D, 0x22, 0x29, 0x2A, 0x2B, 0x20, 0x2B, 0x50, 0x00, 0x00, 0x00, 0x09, 0x03, 0x15,
    0x15, 0x11, 0x05, 0x0B, 0x03, 0x16, 0x07, 0x14, 0x00, 0x00, 0x00, 0x0A, 0x03, 0x15, 0x15, 0x11,
    0x05, 0x0B, 0x03, 0x16, 0x07, 0x15, 0x14, 0x00, 0x00, 0x00, 0x0B, 0x06, 0x07, 0x05, 0x0E, 0x0B,
    0x10, 0x03, 0x16, 0x0B, 0x11, 0x10, 0xA8, 0x00, 0x00, 0x00, 0x0A, 0x11, 0x04, 0x0E, 0x0B, 0x09,
    0x03, 0x16, 0x11, 0x14, 0x1B, 0x60, 0x00, 0x00, 0x00, 0x0D, 0x12, 0x0A, 0x0B, 0x0E, 0x03, 0x10,
    0x16, 0x0A, 0x14, 0x11, 0x12, 0x0B, 0x05, 0x50, 0x00, 0x00, 0x00, 0x07, 0x12, 0x14, 0x07, 0x15,
    0x07, 0x10, 0x16, 0x00, 0x00, 0x00, 0x00, 0x08, 0x12, 0x14, 0x07, 0x15, 0x07, 0x10, 0x16, 0x15,
    0x00, 0x00, 0x00, 0x00, 0x07, 0x12, 0x14, 0x11, 0x0C, 0x07, 0x05, 0x16, 0x00, 0x00, 0x00, 0x00,
    0x08, 0x12, 0x14, 0x11, 0x0C, 0x07, 0x05, 0x16, 0x15, 0x00, 0x00, 0x00, 0x00, 0x0B, 0x14, 0x07,
    0x05, 0x0B, 0x12, 0x14, 0x11, 0x05, 0x0B, 0x16, 0x1B, 0x10, 0x00, 0x00, 0x00, 0x0C, 0x14, 0x07,
    0x05, 0x11, 0x09, 0x10, 0x0B, 0x1C, 0x03, 0x10, 0x05, 0x07, 0xA4, 0x00, 0x00, 0x00, 0x0B, 0x14,
    0x07, 0x08, 0x11, 0x14, 0x0F, 0x03, 0x16, 0x0B, 0x11, 0x10, 0xA8, 0x00, 0x00, 0x00, 0x0B, 0x14,
    0x07, 0x16, 0x14, 0x0B, 0x04, 0x17, 0x16, 0x0B, 0x11, 0x10, 0xA8, 0x00, 0x00, 0x00, 0x05, 0x16,
    0x03, 0x04, 0x0E, 0x07, 0x04, 0x00, 0x00, 0x00,
};

inline constexpr std::uint32_t hyphenExceptionAt[198] = {
    0, 11, 21, 35, 49, 60, 77, 92, 107, 119, 130, 140, 151, 163, 174, 186,
    196, 207, 223, 235, 251, 261, 275, 290, 299, 312, 322, 334, 348, 360, 373, 388,
    402, 415, 430, 443, 454, 467, 479, 493, 506, 518, 532, 545, 557, 567, 579, 590,
    602, 615, 628, 644, 654, 666, 679, 690, 704, 713, 725, 735, 751, 765, 776, 789,
    802, 813, 824, 835, 847, 860, 873, 885, 899, 912, 926, 940, 949, 962, 975, 989,
    1002, 1015, 1027, 1040, 1051, 1066, 1078, 1090, 1102, 1112, 1122, 1134, 1147, 1159, 1171, 1183,
    1196, 1207, 1218, 1227, 1238, 1252, 1263, 1275, 1290, 1302, 1317, 1334, 1346, 1357, 1373, 1386,
    1398, 1411, 1426, 1442, 1455, 1468, 1481, 1491, 1503, 1515, 1529, 1541, 1551, 1567, 1581, 1592,
    1603, 1614, 1627, 1638, 1652, 1663, 1673, 1687, 1702, 1716, 1731, 1743, 1755, 1768, 1778, 1790,
    1803, 1815, 1826, 1839, 1851, 1863, 1876, 1887, 1899, 1911, 1922, 1934, 1944, 1955, 1968, 1981,
    1995, 2005, 2019, 2034, 2050, 2061, 2070, 2083, 2093, 2103, 2114, 2123, 2132, 2145, 2154, 2169,
    2184, 2197, 2213, 2223, 2236, 2251, 2260, 2272, 2285, 2299, 2314, 2330, 2345, 2363, 2375, 2388,
    2400, 2413, 2429, 2446, 2462, 2478,
};

inline constexpr std::uint32_t hyphenExceptionBounds[3] = {
    0, 184, 198
};
